timestamp,farm_id,soil_moisture,temperature,humidity,rainfall,ph,N,P,K,recommended_crop
2026-02-23T21:49:52.264857,1,20.86,24.58,88.16,25.6,6.78,81.85,14.71,188.12,muskmelon
2026-03-05T13:39:45.264857,3,15.43,30.26,63.55,194.55,7.7,84.33,54.53,60.8,coffee
2026-02-18T11:38:52.264857,2,57.41,27.46,39.5,275.46,5.76,112.71,113.4,100.33,banana
2026-03-08T05:20:49.264857,1,57.2,27.91,30.47,66.24,8.49,51.1,33.0,201.02,grapes
2026-02-24T17:26:29.264857,1,55.21,36.94,67.49,258.68,7.97,81.26,110.48,36.12,coffee
2026-02-13T17:23:21.264857,2,37.25,24.48,41.04,250.24,5.46,128.85,66.67,7.66,coffee
2026-03-05T14:50:10.264857,1,10.79,29.99,39.62,147.24,5.59,103.99,73.57,69.25,banana
2026-02-16T22:28:24.264857,1,50.9,26.66,60.53,17.52,7.1,71.61,54.24,185.32,muskmelon
2026-02-23T16:22:18.264857,2,53.01,28.74,75.44,143.28,4.93,27.96,64.13,118.94,papaya
2026-03-02T02:49:55.264857,1,53.07,21.46,86.38,162.9,5.22,94.29,124.22,110.61,banana
2026-02-19T13:12:17.264857,2,58.86,33.31,52.83,288.07,7.77,101.0,61.9,78.62,coffee
2026-02-15T15:46:05.264857,3,23.32,15.37,96.11,29.9,7.49,23.04,33.4,83.92,muskmelon
2026-03-11T15:59:07.264857,2,57.6,39.12,88.59,52.14,6.86,35.52,35.21,179.98,papaya
2026-03-05T05:20:30.264857,2,50.95,24.44,73.08,121.48,5.7,46.16,97.22,148.49,apple
2026-03-01T13:25:17.264857,3,39.76,27.42,85.58,275.27,5.85,19.67,137.67,58.44,grapes
2026-03-03T23:27:01.264857,3,13.43,25.92,74.62,219.0,7.52,16.88,6.52,35.0,coconut
2026-02-13T21:54:01.264857,2,25.73,30.38,95.34,134.44,6.69,95.41,111.36,114.81,papaya
2026-03-13T23:54:31.264857,3,29.38,16.63,52.69,241.34,4.77,38.44,24.27,42.0,mango
2026-03-07T09:01:32.264857,1,41.25,38.42,37.17,98.51,7.67,125.43,41.47,112.76,coffee
2026-02-24T06:49:47.264857,1,38.48,34.09,84.36,299.3,6.54,47.51,98.19,122.9,papaya
2026-02-19T06:06:56.264857,2,26.86,35.3,37.13,297.85,6.22,89.73,143.95,131.72,grapes
2026-02-28T08:07:32.264857,1,12.78,24.33,82.85,41.48,6.11,48.01,26.2,66.73,watermelon
2026-03-05T02:19:57.264857,2,52.05,31.29,44.75,21.03,6.2,138.56,70.83,173.57,muskmelon
2026-02-16T10:52:20.264857,3,16.39,26.25,43.57,54.38,5.46,131.14,46.16,177.8,grapes
2026-03-06T18:39:33.264857,2,28.69,26.11,32.92,199.56,6.88,63.75,125.32,137.08,grapes
2026-02-21T10:32:21.264857,3,15.64,38.09,68.25,192.47,7.0,76.58,142.49,187.09,grapes
2026-03-08T23:09:50.264857,3,55.43,33.18,86.88,81.94,4.87,139.8,109.49,60.76,banana
2026-02-26T14:27:45.264857,1,52.58,30.14,68.17,166.66,7.4,131.72,72.11,53.66,coffee
2026-02-22T06:51:34.264857,1,29.73,31.87,73.6,46.13,4.96,126.6,71.3,71.04,banana
2026-02-24T23:30:07.264857,3,33.8,17.86,41.47,229.55,4.71,15.68,36.28,53.46,mango
2026-03-12T10:28:27.264857,1,17.39,25.95,64.8,279.74,6.82,114.16,81.3,38.11,coffee
2026-03-02T17:21:35.264857,3,44.41,19.69,67.27,219.38,6.78,117.65,132.12,20.28,maize
2026-02-28T10:36:39.264857,3,28.27,34.21,52.2,5.22,6.29,138.27,35.29,102.22,muskmelon
2026-02-15T06:49:44.264857,2,33.14,17.13,65.09,291.72,4.73,93.45,131.19,174.18,grapes
2026-03-07T15:51:43.264857,1,21.36,24.17,59.67,17.33,5.29,21.4,93.54,52.92,muskmelon
2026-02-26T09:29:13.264857,3,35.73,19.29,55.74,195.14,7.47,65.29,91.96,22.68,maize
2026-02-12T19:11:34.264857,3,34.53,26.9,42.33,146.36,7.7,78.16,137.08,108.78,coffee
2026-02-18T21:23:06.264857,3,30.92,31.71,40.97,130.01,4.68,40.81,54.94,180.55,pigeonpeas
2026-02-14T17:10:05.264857,3,27.29,27.55,31.77,70.49,8.3,129.24,142.5,93.24,grapes
2026-02-16T23:02:25.264857,2,38.52,19.37,86.55,118.04,7.93,97.43,22.8,143.91,watermelon
2026-02-18T10:56:38.264857,2,47.12,27.69,40.46,274.9,4.53,42.18,111.85,82.39,pigeonpeas
2026-02-23T23:41:22.264857,2,28.73,38.17,60.56,289.61,6.78,95.19,102.11,92.51,banana
2026-02-18T08:47:54.264857,3,31.95,38.55,39.74,141.23,8.25,138.31,132.51,38.45,coffee
2026-03-09T13:23:41.264857,2,28.77,37.86,48.35,113.5,6.78,55.44,34.4,149.77,mango
2026-02-19T07:57:16.264857,1,12.71,23.11,88.25,5.59,4.75,20.4,134.06,96.06,muskmelon
2026-02-27T19:23:13.264857,1,27.5,29.93,80.16,123.24,5.46,82.36,47.01,61.21,banana
2026-02-15T19:35:23.264857,2,50.92,30.35,30.36,0.39,7.77,64.76,83.06,129.3,muskmelon
2026-03-02T04:00:14.264857,2,58.71,15.33,67.35,22.21,8.23,76.6,73.32,169.79,muskmelon
2026-02-19T04:30:53.264857,3,23.43,32.85,62.65,0.5,7.86,61.97,7.27,60.74,muskmelon
2026-02-26T23:46:15.264857,1,25.12,39.41,51.08,10.65,5.31,49.49,94.05,5.8,muskmelon
2026-02-20T12:34:44.264857,3,27.79,31.97,63.97,184.33,8.44,54.45,69.01,160.36,grapes
2026-02-14T19:35:18.264857,1,16.92,28.35,51.43,211.43,5.54,67.34,76.34,186.06,banana
2026-02-23T19:30:59.264857,1,58.28,33.42,95.36,251.7,6.76,49.09,83.64,164.64,papaya
2026-03-13T09:56:48.264857,3,15.92,28.25,73.15,41.81,5.1,100.87,116.86,77.94,grapes
2026-02-24T22:13:32.264857,3,45.45,23.46,50.67,108.83,8.28,110.46,48.47,200.44,coffee
2026-03-05T17:13:15.264857,2,40.13,35.58,53.01,157.82,5.95,14.63,78.92,179.24,pigeonpeas
2026-02-19T15:39:33.264857,3,18.31,26.37,69.01,204.64,7.52,73.48,134.41,44.76,jute
2026-03-14T10:03:10.264857,3,20.54,35.01,44.04,44.0,5.98,90.89,39.42,84.27,coffee
2026-02-18T11:47:26.264857,3,48.6,27.33,43.86,132.7,7.55,78.4,88.99,143.32,coffee
2026-03-11T21:13:37.264857,1,43.69,28.59,63.22,252.91,7.21,78.54,10.99,96.01,coffee
2026-03-14T02:57:13.264857,1,53.8,31.09,71.1,217.03,5.44,122.99,132.97,198.86,grapes
2026-03-12T13:12:30.264857,1,49.46,25.75,96.74,118.08,6.45,37.64,15.37,91.81,pomegranate
2026-02-21T02:55:20.264857,2,15.42,31.69,79.15,241.59,6.83,109.28,38.61,90.59,papaya
2026-02-15T12:21:59.264857,1,55.18,30.54,74.5,235.19,4.83,94.03,73.49,192.0,banana
2026-02-14T05:55:01.264857,1,46.89,20.03,95.04,245.83,5.03,112.58,11.14,138.41,watermelon
2026-02-15T17:38:22.264857,2,39.79,33.29,80.18,183.65,6.64,63.86,81.63,13.82,orange
2026-02-17T20:15:24.264857,1,40.13,37.19,74.69,274.05,5.24,126.33,55.51,121.32,banana
2026-02-13T19:27:54.264857,1,17.92,26.04,41.42,184.72,8.19,62.21,19.14,110.96,coffee
2026-02-27T01:47:14.264857,3,28.85,30.85,57.75,91.15,4.55,87.85,22.45,188.92,coffee
2026-03-04T09:53:52.264857,2,52.04,26.01,89.02,237.81,7.88,30.73,89.11,95.72,papaya
2026-02-21T01:06:26.264857,1,38.71,34.88,69.55,134.65,5.18,117.58,126.6,67.38,banana
2026-02-17T04:29:17.264857,1,10.61,30.59,81.15,105.07,4.56,54.89,100.86,103.68,banana
2026-03-08T03:20:27.264857,2,22.38,37.69,96.69,215.77,6.87,38.48,17.09,85.24,coconut
2026-02-19T10:25:19.264857,3,11.95,15.47,97.7,74.59,4.91,35.31,49.76,82.25,papaya
2026-02-21T20:48:25.264857,2,23.27,33.9,46.99,263.09,4.82,119.3,28.98,120.42,coffee
2026-03-08T22:42:15.264857,2,51.02,26.9,55.27,77.67,6.24,47.48,114.13,101.0,grapes
2026-02-20T20:30:04.264857,2,11.54,23.41,70.92,178.58,4.74,39.97,24.4,41.9,pomegranate
2026-02-17T12:38:20.264857,3,27.82,20.92,91.45,244.19,8.16,47.65,25.63,25.26,coconut
2026-03-05T07:14:11.264857,2,22.59,34.61,67.89,148.18,5.94,122.59,75.83,164.25,banana
2026-03-11T06:42:18.264857,3,39.8,39.95,36.25,34.55,6.01,75.0,96.31,107.98,chickpea
2026-03-01T22:03:12.264857,2,28.19,15.33,42.9,213.35,6.31,127.19,22.22,198.33,coffee
2026-02-26T11:22:04.264857,3,31.95,33.16,58.02,231.51,8.33,122.96,108.8,112.0,grapes
2026-03-13T11:43:07.264857,3,36.17,17.69,87.39,164.37,5.61,75.52,31.11,199.54,apple
2026-03-11T07:49:36.264857,2,17.31,31.01,90.8,117.03,6.97,21.59,57.69,12.34,orange
2026-02-24T23:44:39.264857,1,32.35,29.96,99.51,104.61,8.29,126.67,121.84,45.97,banana
2026-02-25T15:35:57.264857,3,47.34,26.62,53.33,83.67,6.4,37.83,136.57,61.46,grapes
2026-03-01T16:09:11.264857,3,47.05,15.06,65.45,212.41,5.45,121.31,102.45,122.55,banana
2026-02-17T06:10:10.264857,1,49.16,16.71,46.48,228.83,5.48,59.91,97.17,20.22,maize
2026-03-10T17:12:07.264857,1,31.97,26.83,35.08,124.54,5.53,61.3,65.9,7.08,maize
2026-02-27T06:47:54.264857,1,12.94,25.55,60.65,220.01,5.45,96.31,80.82,58.52,banana
2026-02-21T05:04:27.264857,2,14.41,28.09,54.44,90.26,8.31,69.43,73.81,50.71,banana
2026-03-07T14:07:33.264857,3,37.79,31.04,41.83,36.62,8.38,100.57,143.52,141.33,grapes
2026-03-06T13:51:33.264857,1,15.67,38.16,84.82,93.87,5.23,70.04,112.11,73.52,banana
2026-02-25T05:02:42.264857,2,49.16,15.5,45.98,91.27,5.25,128.94,74.8,43.29,banana
2026-03-14T17:23:56.264857,2,19.79,28.87,71.89,74.04,8.49,62.69,92.65,152.43,grapes
2026-02-20T20:09:42.264857,2,23.86,19.71,61.93,26.01,5.67,26.91,49.57,160.64,muskmelon
2026-03-06T08:26:11.264857,3,18.08,36.38,60.29,113.11,6.63,103.18,44.71,60.43,coffee
2026-02-25T00:06:06.264857,2,22.04,25.7,41.27,292.3,4.77,51.87,34.89,115.11,mango
2026-02-18T11:19:14.264857,1,19.42,25.3,36.64,277.54,7.73,34.3,120.48,116.2,pigeonpeas
2026-02-22T07:28:35.264857,1,44.09,22.95,63.79,132.12,6.88,72.62,48.69,14.67,maize
2026-02-24T18:30:40.264857,2,17.73,23.97,33.44,102.33,5.12,93.58,121.35,170.24,apple
2026-02-20T17:57:15.264857,1,39.0,19.14,55.5,262.23,8.28,127.02,111.71,194.61,grapes
2026-02-15T06:27:04.264857,2,33.08,25.41,73.86,111.2,6.14,20.25,95.1,192.94,grapes
2026-03-09T12:30:38.264857,3,25.16,32.38,54.0,64.09,5.51,85.63,109.67,21.76,maize
2026-02-20T01:35:46.264857,2,10.89,27.53,57.1,7.54,8.05,65.6,80.08,78.44,muskmelon
2026-02-15T19:42:36.264857,2,58.1,33.28,95.74,192.53,7.75,122.61,61.92,153.97,papaya
2026-02-23T22:52:54.264857,3,39.03,33.15,85.24,290.29,5.77,110.45,126.59,12.6,banana
2026-02-16T23:03:19.264857,1,23.14,38.71,61.55,163.42,7.74,93.61,43.6,148.38,coffee
2026-02-23T16:16:59.264857,3,14.28,15.33,64.13,55.05,4.7,26.62,131.22,42.53,grapes
2026-02-17T03:37:51.264857,2,38.96,18.61,61.73,5.63,6.31,89.47,133.41,172.15,grapes
2026-03-09T23:35:29.264857,2,49.71,18.48,69.01,90.03,6.33,80.76,27.74,164.58,coffee
2026-02-17T14:31:27.264857,2,50.41,32.13,81.06,58.28,5.6,134.68,34.49,204.03,grapes
2026-02-19T11:54:33.264857,1,25.83,17.26,55.27,5.67,6.52,87.15,121.31,63.43,muskmelon
2026-02-25T01:27:55.264857,1,46.92,35.06,41.1,131.5,6.55,79.63,126.18,120.6,grapes
2026-03-13T08:57:04.264857,2,16.46,17.59,30.08,201.71,5.73,48.14,133.93,88.8,chickpea
2026-02-13T14:02:18.264857,1,34.9,22.75,89.34,101.5,5.41,34.29,74.86,180.22,apple
2026-02-14T04:27:26.264857,2,22.49,22.04,83.78,57.53,4.71,34.3,39.65,96.21,papaya
2026-02-13T21:54:38.264857,1,33.47,21.82,55.7,271.39,6.96,97.92,92.29,105.21,chickpea
2026-02-22T20:21:07.264857,3,24.67,30.75,94.96,154.53,7.53,116.73,64.99,158.24,papaya
2026-02-27T05:14:49.264857,2,56.8,31.73,70.08,25.02,6.95,113.25,103.51,172.12,muskmelon
2026-02-16T16:49:49.264857,2,37.11,20.13,42.11,82.32,4.81,83.05,71.0,78.02,banana
2026-03-07T18:48:29.264857,1,33.25,27.79,93.17,172.05,5.06,34.18,93.01,190.49,papaya
2026-02-24T11:43:35.264857,2,59.22,38.94,57.31,260.95,5.27,124.45,65.07,149.95,coffee
2026-02-18T03:19:22.264857,2,26.55,15.16,55.77,149.96,7.56,56.69,138.19,176.68,grapes
2026-03-04T09:55:17.264857,2,14.47,32.26,82.24,91.12,7.13,134.21,9.17,74.7,banana
2026-03-09T15:54:57.264857,3,25.92,28.6,60.33,231.74,4.95,71.88,40.24,72.73,coffee
2026-02-18T11:10:39.264857,3,43.61,17.36,84.81,50.58,6.61,67.96,8.91,91.71,watermelon
2026-02-16T05:42:24.264857,2,23.57,25.92,86.45,276.63,4.83,94.08,120.18,83.16,banana
2026-02-16T00:57:55.264857,3,10.37,23.69,73.95,4.41,7.02,46.07,118.23,97.16,muskmelon
2026-02-20T03:19:29.264857,3,40.61,20.71,61.0,197.82,5.02,69.7,127.5,24.54,maize
2026-03-02T16:35:06.264857,1,51.01,23.06,42.33,250.7,7.79,61.26,58.66,18.22,coffee
2026-02-15T01:34:44.264857,2,39.35,17.38,57.72,252.91,7.61,80.22,108.23,57.36,grapes
2026-03-11T14:58:15.264857,2,48.42,33.73,78.58,211.54,6.93,119.35,75.62,64.84,banana
2026-02-18T11:26:06.264857,2,29.43,34.44,50.69,80.55,7.2,137.07,79.99,78.39,banana
2026-02-25T13:25:30.264857,3,10.72,18.8,50.21,118.15,5.86,72.01,24.91,36.65,coffee
2026-03-06T14:20:51.264857,2,57.26,23.02,37.95,181.78,7.11,21.18,129.45,75.74,pigeonpeas
2026-03-02T10:01:21.264857,3,31.91,30.45,56.36,40.44,5.34,40.9,65.96,109.73,mothbeans
2026-02-21T22:36:00.264857,1,35.54,25.09,61.67,198.99,8.04,75.56,86.93,72.9,jute
2026-02-28T05:35:48.264857,2,39.84,23.81,96.63,73.71,6.5,68.99,140.19,132.36,papaya
2026-02-28T01:08:58.264857,1,30.77,38.05,47.22,190.59,8.01,56.07,142.31,86.42,pigeonpeas
2026-02-21T14:54:07.264857,2,55.99,20.36,79.29,42.04,5.93,11.94,51.35,191.34,grapes
2026-02-19T13:12:57.264857,2,31.3,24.23,71.59,99.24,8.48,45.08,75.46,65.02,chickpea
2026-02-13T17:01:32.264857,1,26.7,22.03,43.65,167.83,6.18,91.17,83.31,108.76,banana
2026-03-12T15:26:44.264857,2,41.3,31.03,80.77,82.08,4.76,127.07,16.17,30.62,coffee
2026-03-05T15:01:26.264857,2,29.74,25.31,49.61,285.95,7.29,100.55,91.15,160.86,coffee
2026-02-19T17:26:59.264857,2,37.49,32.62,65.13,124.38,6.59,113.36,13.92,18.64,coffee
2026-03-04T09:04:44.264857,3,21.88,17.49,65.91,146.27,6.52,102.14,96.42,53.71,coffee
2026-03-10T12:51:04.264857,1,21.96,20.85,87.47,2.02,6.42,81.91,40.91,137.36,muskmelon
2026-02-22T11:02:02.264857,3,25.52,26.49,37.87,170.87,6.85,19.87,84.0,170.89,pigeonpeas
2026-03-12T20:20:17.264857,1,47.36,22.07,79.11,201.81,4.65,12.68,23.93,156.28,pomegranate
2026-03-06T11:47:59.264857,2,48.68,25.5,54.09,288.97,7.43,111.73,51.86,182.4,coffee
2026-03-10T18:30:26.264857,2,22.45,27.63,84.33,28.59,5.89,93.31,8.76,62.81,muskmelon
2026-03-11T20:01:45.264857,1,26.93,18.53,82.55,150.47,6.66,139.99,91.52,28.01,banana
2026-03-03T10:24:42.264857,3,29.14,29.38,48.5,121.71,7.62,137.01,53.73,71.55,coffee
2026-03-13T10:58:08.264857,1,26.06,21.96,82.47,149.51,4.52,27.91,75.7,115.88,papaya
2026-02-13T08:32:28.264857,2,30.45,24.88,33.76,211.64,8.45,12.17,142.97,75.66,pigeonpeas
2026-02-13T02:54:37.264857,2,59.79,36.9,59.96,186.91,6.11,11.86,10.3,200.53,mango
2026-02-23T14:38:39.264857,2,56.43,26.85,34.44,234.79,7.07,29.58,113.36,138.4,grapes
2026-02-24T18:13:46.264857,3,17.24,30.33,84.78,216.38,5.76,44.09,87.67,97.01,papaya
2026-02-22T18:25:10.264857,2,49.42,15.41,76.5,116.85,6.11,128.99,114.24,36.69,banana
2026-02-27T05:31:09.264857,3,38.68,29.47,74.29,175.57,5.45,106.45,27.66,125.26,banana
2026-02-20T16:28:40.264857,1,16.03,25.49,78.78,143.57,5.4,15.39,105.37,179.38,grapes
2026-02-22T20:39:31.264857,1,59.05,27.08,55.82,45.28,6.74,117.69,131.13,16.08,grapes
2026-02-24T00:12:02.264857,2,37.58,33.14,42.17,244.41,5.89,136.97,100.23,27.73,coffee
2026-03-13T23:09:34.264857,1,13.79,38.41,68.32,97.48,6.43,36.21,140.61,9.02,pigeonpeas
2026-02-13T18:05:50.264857,1,29.55,22.69,70.93,295.92,5.26,87.25,123.83,85.54,apple
2026-03-09T17:39:31.264857,2,57.05,33.98,72.03,212.64,7.22,137.09,63.66,151.01,jute
2026-03-10T20:24:36.264857,3,38.46,33.49,91.28,43.87,6.83,58.45,128.57,78.27,papaya
2026-02-22T12:52:12.264857,1,17.75,20.47,52.95,221.8,8.17,106.87,98.91,54.49,coffee
2026-02-22T06:04:36.264857,2,30.51,33.47,71.37,230.43,6.55,98.41,78.96,184.94,banana
2026-02-26T21:09:33.264857,1,35.62,33.82,47.22,258.06,6.1,38.32,120.6,201.74,grapes
2026-02-22T06:20:22.264857,2,37.07,19.17,39.68,139.15,8.05,85.63,60.41,19.15,coffee
2026-02-16T18:58:36.264857,2,13.15,27.35,59.46,134.63,5.89,39.56,78.77,17.29,pigeonpeas
2026-03-08T20:37:58.264857,2,49.81,20.79,37.77,105.94,5.31,60.83,114.18,132.88,chickpea
2026-02-27T04:50:01.264857,1,57.08,20.84,60.38,113.66,6.63,130.05,109.46,40.64,coffee
2026-02-19T01:17:39.264857,2,46.23,36.93,90.04,119.98,6.67,72.19,101.62,154.18,papaya
2026-03-10T10:15:53.264857,2,21.06,16.16,63.4,172.54,7.49,77.46,28.45,192.24,coffee
2026-03-06T20:46:06.264857,2,29.89,17.74,50.17,33.01,6.78,34.82,17.04,157.71,grapes
2026-03-04T22:27:22.264857,1,55.28,37.28,77.38,219.24,6.33,132.39,62.71,102.61,banana
2026-02-14T14:20:22.264857,2,18.19,19.85,56.14,229.67,4.65,111.47,96.9,109.1,banana
2026-02-21T06:43:55.264857,2,20.58,32.39,32.51,274.97,4.84,57.81,72.74,64.39,pigeonpeas
2026-02-25T00:25:28.264857,2,44.56,38.83,32.35,235.02,5.65,125.71,131.7,43.0,banana
2026-02-26T06:45:43.264857,2,19.37,24.23,31.26,23.33,7.14,11.81,104.59,23.5,muskmelon
2026-02-15T21:45:36.264857,3,22.38,31.39,33.39,15.35,8.21,33.23,20.3,53.35,muskmelon
2026-03-14T05:22:51.264857,1,24.67,35.13,94.66,34.17,7.58,14.62,46.91,15.67,mungbean
2026-03-02T10:52:26.264857,2,58.55,36.25,62.11,220.59,6.73,86.42,55.97,30.6,coffee
2026-02-20T02:01:21.264857,2,32.53,19.98,41.55,113.78,6.61,51.31,64.22,133.48,chickpea
2026-02-21T15:01:02.264857,3,43.65,32.51,95.81,139.34,6.55,49.44,44.73,92.89,papaya
2026-02-16T06:43:16.264857,2,26.06,23.8,72.11,142.04,8.47,139.15,87.49,72.16,jute
2026-02-21T03:21:08.264857,2,45.54,22.4,44.88,68.01,7.85,124.87,48.97,161.01,grapes
2026-03-07T14:07:45.264857,2,48.18,30.19,87.15,228.32,4.94,40.11,15.53,31.78,coconut
2026-03-14T14:30:48.264857,3,25.21,20.74,51.54,23.06,6.66,59.27,24.72,141.48,muskmelon
2026-03-08T15:59:58.264857,2,46.68,37.3,73.26,27.93,6.15,138.28,109.74,134.0,muskmelon
2026-02-20T12:51:49.264857,1,41.59,32.32,53.0,116.17,5.2,121.23,140.84,187.16,grapes
2026-02-15T04:50:24.264857,1,13.45,15.3,46.69,80.0,7.16,43.76,9.17,146.02,grapes
2026-03-02T22:21:47.264857,2,46.28,15.1,61.59,148.23,6.46,68.03,51.37,45.42,coffee
2026-03-04T17:23:46.264857,2,34.39,31.64,48.42,243.07,6.16,51.9,123.3,29.26,pigeonpeas
2026-03-12T21:13:42.264857,1,17.92,22.49,46.33,264.48,5.31,80.84,14.23,20.47,coffee
2026-03-03T06:10:39.264857,2,26.7,25.9,92.73,238.68,5.71,70.5,26.7,183.36,apple
2026-02-25T03:42:50.264857,2,37.18,34.12,86.87,192.54,5.27,23.22,130.42,165.38,grapes
2026-02-15T06:29:54.264857,2,33.39,36.88,68.92,171.93,6.76,62.88,130.31,156.74,grapes
2026-03-10T13:07:07.264857,3,10.05,33.34,49.21,126.15,5.37,99.97,102.6,106.54,banana
2026-02-15T05:25:23.264857,3,39.25,32.6,76.46,266.63,5.06,37.6,113.49,202.72,grapes
2026-02-13T04:05:52.264857,2,52.78,20.93,64.81,70.76,7.28,20.41,68.63,9.96,blackgram
2026-02-21T18:03:36.264857,3,16.83,25.17,70.39,173.21,7.68,43.93,58.94,80.73,chickpea
2026-03-02T05:57:15.264857,1,29.81,20.71,89.08,51.43,6.46,97.36,135.0,71.05,watermelon
2026-03-02T15:42:44.264857,2,25.01,20.55,77.42,236.4,6.54,42.93,33.78,145.5,grapes
2026-02-26T03:56:35.264857,2,50.25,39.92,30.98,227.9,8.34,89.82,35.02,177.57,coffee
2026-02-15T21:42:59.264857,1,54.06,22.27,94.65,95.18,7.1,90.56,98.85,178.93,apple
2026-02-21T10:28:11.264857,3,29.32,29.2,50.09,217.42,6.2,108.44,69.49,118.57,coffee
2026-02-22T14:00:24.264857,2,50.01,38.47,97.98,195.92,5.11,77.15,125.99,181.35,apple
2026-03-10T12:55:37.264857,3,33.62,26.59,81.67,104.89,7.92,139.16,104.85,64.31,banana
2026-03-04T04:20:56.264857,1,36.97,23.64,65.0,221.87,6.84,63.23,119.79,170.51,apple
2026-03-13T11:45:59.264857,1,55.99,22.07,83.75,127.2,6.0,13.52,124.64,204.66,apple
2026-03-13T22:21:31.264857,3,10.73,30.84,59.29,61.84,8.0,12.4,35.25,23.32,mothbeans
2026-03-13T08:21:13.264857,1,23.33,27.72,95.97,275.71,5.77,40.08,103.15,167.35,apple
2026-03-05T03:28:18.264857,3,31.12,37.41,57.33,133.54,7.47,38.04,120.83,66.15,pigeonpeas
2026-02-23T20:08:15.264857,3,14.42,26.58,36.98,299.76,4.86,35.75,86.68,191.15,pigeonpeas
2026-02-24T03:57:37.264857,2,30.48,15.68,46.86,214.92,7.5,105.74,58.35,101.99,coffee
2026-02-20T12:00:50.264857,2,39.54,31.71,95.26,11.07,5.02,68.25,68.45,159.77,muskmelon
2026-02-13T10:19:15.264857,2,43.5,38.48,81.41,293.79,6.11,73.22,9.53,77.83,rice
2026-02-22T20:12:47.264857,1,58.65,37.62,48.13,246.45,4.97,132.12,109.38,132.68,grapes
2026-03-10T21:03:32.264857,3,11.42,19.4,96.32,214.85,6.53,114.69,43.05,142.36,papaya
2026-03-04T13:54:55.264857,1,32.1,36.96,42.45,209.17,6.39,37.59,120.92,83.5,pigeonpeas
2026-02-25T14:35:30.264857,2,47.95,27.54,87.61,45.28,7.8,120.6,42.42,119.6,watermelon
2026-03-11T11:34:37.264857,2,52.02,22.85,33.1,135.16,7.44,46.51,135.61,69.32,chickpea
2026-02-18T14:45:29.264857,3,22.86,28.8,95.41,50.13,7.19,127.73,55.24,78.95,papaya
2026-03-01T15:01:31.264857,1,21.93,39.51,95.6,268.87,6.08,52.16,83.44,88.11,papaya
2026-03-05T15:33:59.264857,2,31.2,39.06,56.76,195.53,7.81,134.62,111.61,56.65,coffee
2026-02-25T21:24:38.264857,2,57.16,25.71,47.31,71.54,5.51,101.63,60.62,169.7,grapes
2026-02-27T02:18:28.264857,3,39.3,27.55,69.87,83.92,8.02,15.7,138.12,35.9,grapes
2026-03-13T08:59:58.264857,2,59.8,28.26,47.41,281.51,7.83,43.57,82.53,132.57,pigeonpeas
2026-03-02T20:13:56.264857,1,25.73,37.61,47.38,0.08,8.46,121.12,71.36,112.28,muskmelon
2026-03-04T11:40:26.264857,3,47.7,24.65,73.51,210.08,5.49,67.59,18.5,11.1,coffee
2026-03-05T18:09:00.264857,2,26.96,39.95,52.64,6.74,6.56,44.02,86.02,157.9,muskmelon
2026-02-22T00:31:45.264857,2,23.26,30.99,39.86,126.03,6.02,120.57,97.88,172.81,coffee
2026-03-12T14:35:15.264857,2,39.44,33.8,92.38,217.75,5.01,131.62,12.76,90.86,papaya
2026-02-13T20:24:55.264857,1,45.05,39.36,55.0,282.92,6.86,64.44,15.14,79.31,coffee
2026-02-20T17:42:50.264857,2,56.3,15.84,46.51,147.48,4.83,123.17,54.29,123.71,coffee
2026-02-17T08:52:37.264857,1,23.15,26.12,60.72,185.05,7.86,72.96,140.65,78.16,jute
2026-03-01T20:37:15.264857,2,54.36,19.85,66.06,148.35,7.83,100.24,111.11,132.99,grapes
2026-03-13T21:13:02.264857,3,53.37,27.27,68.99,272.94,5.09,50.31,124.63,165.17,grapes
2026-02-22T10:49:54.264857,2,10.12,38.42,54.52,269.76,5.81,94.01,23.71,177.47,coffee
2026-02-23T00:01:16.264857,1,34.56,17.61,75.07,6.75,4.84,116.41,108.93,97.02,muskmelon
2026-03-04T20:17:17.264857,2,54.21,24.64,61.16,170.13,5.84,124.09,102.24,122.83,banana
2026-02-20T18:18:57.264857,2,53.37,29.42,84.19,228.48,8.13,42.37,128.51,80.39,grapes
2026-02-28T17:20:13.264857,3,28.71,18.27,36.37,232.13,5.47,89.75,88.51,85.12,chickpea
2026-02-16T13:18:20.264857,3,43.6,28.27,67.92,29.55,8.36,83.46,97.03,90.04,muskmelon
2026-02-19T15:02:41.264857,1,23.88,17.64,51.76,83.95,7.66,94.85,121.91,161.48,grapes
2026-02-24T01:19:14.264857,2,58.44,20.09,45.44,26.49,7.83,55.25,51.45,71.02,muskmelon
2026-02-26T13:57:28.264857,3,46.76,25.85,88.93,72.55,5.96,86.34,95.91,115.15,banana
2026-03-13T07:54:48.264857,3,14.78,30.75,58.55,247.53,7.22,35.01,23.58,20.73,mango
2026-02-23T23:50:48.264857,3,24.34,17.09,45.0,216.16,5.52,36.11,28.91,176.14,grapes
2026-02-13T06:43:45.264857,3,41.44,22.83,45.61,204.45,5.81,31.79,131.14,135.75,apple
2026-03-14T12:51:48.264857,3,43.0,32.87,52.05,73.44,6.9,67.85,86.97,145.29,grapes
2026-02-26T12:04:06.264857,2,25.65,18.77,57.01,198.19,4.61,103.85,78.47,144.93,banana
2026-03-07T01:21:42.264857,1,11.59,21.71,48.73,167.66,7.24,14.36,17.27,53.87,mango
2026-02-19T05:14:46.264857,2,28.46,19.24,91.46,71.24,5.39,110.06,64.97,7.62,cotton
2026-03-11T10:42:03.264857,2,27.77,19.58,98.32,165.45,4.55,109.72,35.09,132.77,papaya
2026-02-14T14:45:48.264857,1,44.69,24.43,67.32,298.95,5.04,102.64,93.21,27.1,coffee
2026-02-22T11:48:32.264857,1,20.7,15.95,87.01,252.86,6.7,130.16,139.11,200.48,apple
2026-03-09T13:39:01.264857,3,22.43,31.35,81.29,269.78,8.02,109.0,64.91,141.03,banana
2026-02-19T19:49:41.264857,1,44.35,18.26,32.74,198.08,4.67,27.04,7.31,127.35,chickpea
2026-03-01T08:08:19.264857,2,42.99,28.0,58.74,163.97,6.85,59.07,128.61,172.65,grapes
2026-02-18T22:47:50.264857,2,27.46,31.44,96.44,257.51,8.38,121.72,110.82,164.59,apple
2026-02-17T21:35:41.264857,3,18.88,20.66,35.2,213.26,4.6,28.65,72.46,92.18,pigeonpeas
2026-02-13T22:42:32.264857,3,12.98,26.85,30.18,102.57,7.58,92.16,131.82,24.35,maize
2026-03-05T13:10:57.264857,3,30.27,29.99,41.04,31.69,6.84,104.56,26.54,72.86,muskmelon
2026-03-02T09:18:09.264857,3,44.56,32.96,42.46,188.46,7.43,19.69,82.14,204.47,pigeonpeas
2026-02-25T11:52:42.264857,3,32.78,35.21,74.24,214.32,6.71,133.16,62.81,122.4,banana
2026-03-06T03:21:10.264857,2,32.52,37.05,56.24,48.75,7.0,69.41,106.92,95.89,papaya
2026-03-14T04:22:20.264857,3,26.53,22.37,70.76,74.59,7.88,62.18,40.18,122.17,maize
2026-02-20T01:10:17.264857,2,30.18,25.44,68.35,22.72,5.2,77.4,105.82,59.57,muskmelon
2026-02-27T05:10:01.264857,1,11.71,30.65,75.07,88.52,8.43,31.23,119.54,104.25,grapes
2026-02-24T22:39:05.264857,3,37.3,32.66,82.55,94.77,8.01,111.15,96.3,122.71,banana
2026-03-01T01:45:04.264857,2,47.06,20.0,85.52,153.27,5.16,118.82,21.65,185.79,rice
2026-03-14T08:41:14.264857,3,27.64,31.21,57.67,11.97,7.09,44.39,127.5,186.94,grapes
2026-02-20T06:08:30.264857,3,57.8,16.92,86.11,119.48,5.69,132.25,56.89,200.72,banana
2026-02-14T00:58:52.264857,3,30.01,34.29,66.54,257.78,7.89,57.32,16.24,180.96,mango
2026-02-21T23:23:03.264857,2,29.8,22.65,85.29,258.44,6.34,48.5,47.76,47.54,papaya
2026-03-04T07:26:57.264857,1,49.12,26.04,53.95,87.78,6.17,112.49,28.98,85.31,coffee
2026-02-23T06:10:38.264857,2,52.46,29.88,93.72,21.72,7.08,81.02,134.65,60.2,muskmelon
2026-02-22T06:54:16.264857,3,22.23,18.68,36.41,168.99,7.78,25.74,43.41,10.32,pigeonpeas
2026-02-24T18:09:05.264857,2,15.43,24.19,34.88,235.25,4.9,21.19,108.21,143.64,apple
2026-03-04T04:53:07.264857,2,59.43,28.45,58.99,147.87,5.05,51.31,13.3,76.28,mango
2026-02-19T20:45:13.264857,3,14.54,25.21,32.03,215.67,4.85,46.26,62.87,119.59,pigeonpeas
2026-02-21T13:24:52.264857,3,53.86,33.65,71.36,168.1,5.68,12.31,13.02,182.38,mango
2026-02-24T09:52:01.264857,1,51.26,15.04,62.93,19.55,6.06,76.27,73.95,136.56,muskmelon
2026-03-06T05:16:37.264857,1,36.38,21.24,71.58,111.1,4.63,119.22,57.15,65.05,banana
2026-03-04T14:54:28.264857,1,47.79,33.68,67.01,96.75,7.84,48.34,39.15,175.92,mango
2026-03-08T04:18:26.264857,3,18.9,33.54,33.58,25.98,5.98,27.09,118.18,8.18,muskmelon
2026-02-21T13:30:44.264857,2,52.12,23.49,78.3,269.43,5.28,138.06,132.68,26.12,banana
2026-02-27T08:55:04.264857,2,14.12,29.34,52.69,166.84,4.61,40.04,62.42,204.74,pigeonpeas
2026-02-26T00:16:28.264857,2,17.25,29.3,82.45,31.28,5.73,125.0,125.66,75.38,grapes
2026-03-04T15:32:51.264857,3,32.64,31.38,31.79,210.23,5.2,64.02,122.58,195.67,grapes
2026-02-21T21:29:16.264857,3,16.83,17.82,57.0,18.3,7.24,37.89,27.45,65.8,muskmelon
2026-03-14T03:52:42.264857,3,16.34,29.43,90.74,153.81,6.52,55.54,86.14,95.14,papaya
2026-02-25T16:15:17.264857,1,25.85,21.34,48.03,27.9,4.53,46.08,20.03,56.78,muskmelon
2026-02-13T11:57:06.264857,3,20.95,19.61,42.58,238.97,7.23,57.91,31.84,9.73,orange
2026-02-15T10:15:55.264857,1,10.77,17.17,39.7,221.19,5.69,49.58,15.35,47.93,mango
2026-03-02T06:51:49.264857,2,17.78,25.49,30.54,187.86,5.31,102.44,122.81,155.45,grapes
2026-03-12T06:30:26.264857,3,40.66,36.75,58.1,119.01,6.66,32.15,38.79,175.84,mango
2026-02-25T16:42:09.264857,2,15.3,29.35,51.9,28.03,5.05,95.87,110.46,117.06,muskmelon
2026-03-05T01:28:46.264857,2,16.31,36.33,67.83,233.93,7.72,13.64,40.82,129.81,mango
2026-03-07T19:52:42.264857,1,29.23,20.43,63.3,210.21,6.01,18.37,52.21,204.77,apple
2026-03-06T15:29:48.264857,1,53.61,22.43,67.23,63.69,5.17,92.8,132.35,57.99,grapes
2026-02-24T00:15:16.264857,2,54.88,19.63,30.78,27.09,5.93,72.15,12.01,191.7,muskmelon
2026-02-26T15:22:10.264857,1,35.13,17.7,60.73,270.11,4.97,38.98,99.86,6.61,pigeonpeas
2026-03-02T22:56:10.264857,1,41.42,37.37,78.78,163.3,7.67,20.84,14.66,177.44,grapes
2026-03-06T23:51:27.264857,2,13.58,36.15,80.59,124.29,5.2,78.4,22.88,192.02,banana
2026-03-04T07:27:13.264857,1,14.97,15.84,57.31,132.49,5.93,123.1,49.63,173.82,coffee
2026-02-23T11:55:25.264857,2,20.53,19.97,42.52,133.95,8.41,98.56,42.5,160.48,coffee
2026-03-12T09:42:46.264857,3,51.96,26.25,99.85,57.35,5.41,21.0,20.83,18.04,orange
2026-02-23T12:48:45.264857,2,50.45,15.84,80.18,87.22,7.93,20.83,86.52,31.09,pomegranate
2026-02-28T00:50:08.264857,1,48.75,15.36,63.31,135.81,5.6,31.85,137.91,12.94,pigeonpeas
2026-03-13T16:10:46.264857,1,27.71,29.57,97.72,181.66,5.9,133.49,24.3,66.52,muskmelon
2026-03-01T04:29:58.264857,3,43.46,35.52,34.11,260.93,4.54,84.55,134.55,16.9,maize
2026-02-15T15:15:39.264857,3,26.18,20.41,63.0,283.33,5.73,48.75,106.32,113.6,chickpea
2026-02-14T20:20:50.264857,2,17.21,20.86,76.83,29.15,7.36,126.1,10.74,73.05,muskmelon
2026-03-12T18:36:26.264857,1,13.9,33.24,68.02,41.4,6.77,111.04,14.92,27.08,coffee
2026-02-24T20:07:31.264857,2,59.62,21.48,54.27,51.83,5.5,94.93,43.23,28.11,maize
2026-02-21T17:22:23.264857,1,32.67,16.59,66.3,137.76,7.45,30.47,133.5,102.51,grapes
2026-03-03T21:56:58.264857,2,51.38,16.35,91.89,215.81,8.2,19.73,100.29,170.03,apple
2026-02-25T13:54:42.264857,1,16.18,30.49,72.85,41.92,7.37,12.62,15.88,122.61,mothbeans
2026-02-15T22:34:44.264857,2,16.54,29.09,36.48,121.75,7.84,62.57,144.06,30.58,coffee
2026-03-04T18:41:12.264857,2,16.59,32.21,38.91,24.76,4.98,119.82,121.64,166.35,grapes
2026-03-12T09:04:03.264857,2,31.72,17.93,94.56,109.79,8.34,45.41,28.57,196.81,pomegranate
2026-02-20T19:51:49.264857,3,14.42,23.46,91.61,266.34,4.61,44.05,24.85,120.58,pomegranate
2026-02-20T05:43:54.264857,2,14.4,23.79,60.31,181.03,5.85,64.23,22.55,44.21,coffee
2026-02-18T23:59:14.264857,3,43.31,35.45,31.07,33.11,7.88,116.56,65.29,135.38,chickpea
2026-03-03T18:36:37.264857,3,35.17,27.0,64.12,74.43,7.16,66.52,38.06,61.91,coffee
2026-03-13T09:17:49.264857,2,33.11,33.13,43.51,74.28,6.47,29.64,118.97,199.54,grapes
2026-03-07T14:55:21.264857,1,32.34,28.91,46.46,32.35,6.86,94.46,61.03,71.4,chickpea
2026-03-02T11:55:09.264857,2,44.87,31.4,71.9,15.86,5.07,54.87,98.19,198.67,muskmelon
2026-03-06T12:52:19.264857,1,56.77,20.85,36.42,287.5,6.91,39.14,109.32,11.66,pigeonpeas
2026-03-14T02:40:02.264857,2,49.16,37.24,85.45,95.75,6.77,137.78,61.77,114.02,banana
2026-02-13T05:31:14.264857,2,30.2,37.69,68.24,98.78,5.06,105.61,50.67,20.62,maize
2026-03-08T16:23:06.264857,1,55.3,35.04,47.37,167.58,8.08,134.64,110.97,49.66,coffee
2026-02-24T23:58:41.264857,2,15.71,34.93,83.59,88.39,7.73,111.68,78.64,77.07,banana
2026-03-06T05:01:46.264857,1,10.83,22.97,71.47,240.52,6.77,106.61,24.67,168.71,coffee
2026-03-05T02:59:49.264857,3,51.11,31.69,43.28,77.4,6.87,47.07,28.04,129.98,mango
2026-02-17T11:05:03.264857,2,29.29,32.54,59.34,198.31,4.64,112.01,48.71,106.47,coffee
2026-03-12T14:51:42.264857,2,12.56,34.83,92.97,226.49,7.54,30.23,87.43,19.59,papaya
2026-02-24T00:07:47.264857,2,32.57,23.21,72.52,57.87,5.78,108.9,30.48,42.85,watermelon
2026-02-14T20:10:30.264857,3,19.66,37.61,71.97,126.06,4.86,111.68,121.66,106.96,banana
2026-02-13T19:31:23.264857,2,15.31,36.74,48.55,259.18,6.61,19.43,36.06,200.55,mango
2026-03-01T00:00:03.264857,2,15.18,26.13,93.34,191.87,5.33,117.99,140.78,21.95,apple
2026-02-21T07:02:25.264857,1,11.58,17.68,85.17,217.25,7.5,104.07,33.72,11.64,orange
2026-03-07T19:03:05.264857,3,58.61,39.02,66.07,270.27,8.04,12.85,133.84,187.92,grapes
2026-03-08T03:23:49.264857,2,38.96,35.1,61.67,114.43,4.62,23.54,47.29,55.11,mango
2026-03-02T23:35:31.264857,2,22.66,23.47,95.11,285.14,5.78,94.69,37.02,106.17,papaya
2026-03-09T19:31:27.264857,2,58.03,27.77,38.75,277.59,5.14,61.59,72.26,110.13,banana
2026-02-23T13:53:08.264857,1,40.95,15.2,49.18,64.25,5.06,40.36,27.69,74.89,mango
2026-02-16T21:05:33.264857,2,14.48,36.08,48.6,53.46,6.66,130.82,21.96,34.59,coffee
2026-03-01T11:28:02.264857,3,28.68,33.65,71.06,233.72,8.34,72.76,87.41,149.55,banana
2026-02-15T19:15:51.264857,2,46.08,34.24,57.67,51.65,4.91,115.83,87.11,85.01,banana
2026-03-03T14:16:21.264857,3,42.34,24.4,67.96,58.15,8.09,54.76,86.3,122.76,chickpea
2026-02-23T18:30:11.264857,1,26.87,19.56,35.41,127.78,7.27,32.54,120.02,200.02,grapes
2026-02-13T07:43:29.264857,1,21.03,29.94,44.11,167.45,7.63,61.72,49.16,101.54,coffee
2026-02-14T13:14:33.264857,2,28.66,33.13,63.1,77.41,5.02,53.09,117.23,202.65,grapes
2026-02-14T13:20:00.264857,2,13.0,17.91,97.52,40.65,5.51,44.21,118.89,164.4,grapes
2026-02-21T03:40:50.264857,3,58.44,37.66,69.07,35.42,6.95,50.73,97.37,204.68,grapes
2026-03-09T09:44:53.264857,3,56.69,22.6,53.89,70.85,5.43,126.11,133.54,127.43,grapes
2026-02-21T15:09:27.264857,3,27.7,18.63,91.64,136.56,7.34,26.05,138.23,35.5,apple
2026-02-20T23:00:33.264857,1,34.54,26.7,94.63,190.19,7.57,24.86,16.9,61.07,coconut
2026-03-09T23:17:15.264857,2,33.43,31.87,79.19,228.2,8.26,67.17,58.09,74.66,papaya
2026-02-23T00:15:28.264857,3,56.83,26.6,95.29,21.78,6.28,96.08,47.56,132.32,muskmelon
2026-03-01T05:10:13.264857,2,43.94,38.77,65.34,250.98,5.62,67.3,54.3,32.71,coffee
2026-02-28T11:57:04.264857,2,18.6,15.2,83.84,233.77,6.58,75.84,12.62,145.81,rice
2026-02-22T02:04:56.264857,3,55.47,34.83,80.67,29.37,7.4,129.3,69.28,204.05,muskmelon
2026-02-27T12:42:03.264857,2,42.05,27.57,33.89,172.6,5.5,95.13,13.92,113.87,coffee
2026-03-01T17:10:58.264857,3,12.0,21.18,37.96,215.08,6.4,89.85,107.22,170.24,banana
2026-02-13T13:42:02.264857,2,32.51,36.94,98.08,78.55,5.42,104.68,42.3,54.36,papaya
2026-03-05T17:45:27.264857,1,11.8,33.47,31.12,43.41,7.35,89.77,22.39,193.49,grapes
2026-02-17T11:28:45.264857,3,35.1,31.98,88.07,58.56,7.6,25.56,5.2,172.43,grapes
2026-03-14T15:05:08.264857,1,25.62,39.03,91.32,251.22,6.14,12.1,91.11,30.8,papaya
2026-03-03T16:35:42.264857,1,51.5,22.22,76.03,136.93,8.37,90.6,21.98,142.04,apple
2026-03-13T15:43:52.264857,3,14.19,34.77,54.26,249.29,5.53,76.64,53.48,117.77,coffee
2026-03-01T14:05:03.264857,3,19.5,20.01,60.87,183.22,6.87,119.27,81.59,165.96,coffee
2026-03-02T10:29:57.264857,1,33.11,27.09,91.91,162.18,7.0,33.43,90.02,128.39,papaya
2026-03-09T19:31:32.264857,1,12.49,28.01,79.72,109.71,6.25,21.18,134.59,202.8,grapes
2026-03-14T09:27:12.264857,1,51.27,22.44,39.52,52.64,8.34,51.85,57.5,162.97,grapes
2026-03-08T04:32:10.264857,2,23.09,39.88,58.14,175.98,6.86,127.7,69.09,105.27,coffee
2026-03-04T03:33:45.264857,3,37.17,18.12,58.55,294.87,5.1,124.27,53.35,99.23,coffee
2026-02-14T19:50:39.264857,1,14.87,27.36,33.28,23.38,8.47,33.53,126.25,22.03,muskmelon
2026-02-20T01:11:03.264857,2,53.36,30.8,39.64,274.93,7.14,65.0,84.82,43.05,coffee
2026-03-13T23:15:16.264857,1,20.39,30.32,41.2,257.83,6.47,123.92,124.04,186.95,grapes
2026-03-07T17:45:03.264857,3,43.64,35.46,93.7,172.17,8.23,52.94,127.92,133.95,papaya
2026-02-27T20:49:41.264857,1,40.08,39.99,71.07,275.87,7.51,65.4,69.2,54.21,jute
2026-02-13T14:22:53.264857,2,16.93,15.54,62.94,107.33,4.84,77.9,62.14,143.64,maize
2026-03-07T22:31:44.264857,1,39.0,33.31,44.68,161.68,7.77,83.1,132.33,82.13,grapes
2026-03-03T03:07:38.264857,3,31.72,16.82,52.68,28.83,5.81,131.37,115.27,32.41,muskmelon
2026-02-25T17:42:57.264857,3,23.27,20.78,34.3,126.84,6.18,95.56,94.64,35.81,coffee
2026-02-16T15:07:14.264857,2,24.91,31.84,60.01,4.81,7.97,135.65,80.12,91.99,muskmelon
2026-03-14T05:21:59.264857,3,46.17,19.46,50.74,222.04,4.6,78.16,47.28,53.61,coffee
2026-02-24T10:30:43.264857,3,21.83,18.6,73.71,298.56,5.97,13.65,109.08,194.94,grapes
2026-03-14T01:32:06.264857,3,19.43,23.11,30.27,224.56,5.75,85.28,13.5,19.63,coffee
2026-02-21T21:35:06.264857,2,46.58,38.97,77.58,73.35,4.54,112.54,12.93,145.77,grapes
2026-03-04T19:45:33.264857,2,44.79,26.59,57.17,237.7,5.19,100.33,39.91,110.42,coffee
2026-03-05T19:01:34.264857,3,10.54,30.29,76.54,173.6,8.44,137.98,93.83,142.96,banana
2026-02-18T00:47:56.264857,3,22.89,23.29,71.3,25.83,4.96,58.34,123.06,16.73,muskmelon
2026-02-25T11:01:44.264857,1,11.43,30.06,84.8,224.85,4.52,96.98,102.29,99.1,banana
2026-02-20T03:54:03.264857,3,15.59,18.36,35.9,134.54,8.17,120.26,61.56,156.03,coffee
2026-02-12T22:37:17.264857,3,50.22,22.75,75.78,94.29,4.88,11.14,144.18,160.77,apple
2026-03-10T19:35:25.264857,1,36.15,36.45,70.81,30.27,7.36,65.86,69.7,148.54,muskmelon
2026-02-25T12:52:17.264857,2,59.39,16.77,51.04,62.22,5.12,94.29,108.54,53.62,grapes
2026-03-11T15:17:04.264857,2,25.75,23.58,79.89,33.67,6.01,46.79,95.53,191.63,grapes
2026-02-25T15:57:55.264857,3,18.3,26.79,32.67,166.53,6.02,56.6,14.11,38.19,mango
2026-02-17T05:50:34.264857,1,30.19,39.71,43.0,162.91,6.73,39.68,117.9,172.86,grapes
2026-02-25T07:13:30.264857,3,49.82,20.22,71.86,86.08,7.02,133.56,96.42,164.54,banana
2026-02-19T23:06:58.264857,1,34.98,25.22,76.02,259.89,6.7,16.95,71.9,84.89,papaya
2026-03-07T00:49:40.264857,1,39.37,23.75,82.88,157.33,5.53,129.4,128.18,156.31,apple
2026-02-15T15:03:54.264857,3,56.99,20.34,88.4,232.42,8.12,34.73,143.32,196.19,apple
2026-03-02T08:16:25.264857,3,42.24,22.26,53.29,121.61,7.19,47.11,75.92,147.67,apple
2026-02-24T18:31:38.264857,2,21.61,19.41,59.0,115.8,7.7,67.24,75.53,136.81,chickpea
2026-02-26T14:58:56.264857,1,58.66,18.35,40.37,44.17,7.06,95.39,135.28,132.47,grapes
2026-03-10T06:06:26.264857,2,19.92,29.35,93.23,45.51,6.38,58.64,28.05,81.17,papaya
2026-02-17T03:17:05.264857,2,19.82,28.1,78.3,250.01,8.17,83.34,5.14,51.5,watermelon
2026-03-01T18:30:00.264857,3,13.64,22.56,55.81,200.94,6.11,50.27,48.43,23.08,pigeonpeas
2026-03-08T10:01:25.264857,3,53.39,19.04,49.04,288.74,5.79,119.69,61.23,130.65,coffee
2026-03-07T21:43:54.264857,3,36.8,20.35,91.39,139.69,7.32,61.46,95.49,143.55,papaya
2026-02-21T22:51:51.264857,2,49.3,27.27,33.86,245.01,7.08,13.35,88.54,137.67,pigeonpeas
2026-03-06T13:50:36.264857,3,28.18,17.8,94.51,125.33,8.47,17.72,70.85,179.89,apple
2026-02-25T00:12:58.264857,1,38.03,19.82,79.05,4.46,6.37,30.38,27.69,144.83,muskmelon
2026-02-21T21:35:54.264857,2,34.3,15.92,98.18,4.45,5.91,28.1,71.87,161.42,muskmelon
2026-03-04T22:19:23.264857,2,34.46,18.82,54.99,99.24,5.29,132.68,59.13,128.49,maize
2026-03-11T04:09:21.264857,1,35.84,15.44,82.51,60.06,4.83,66.07,137.67,119.34,grapes
2026-02-19T15:37:30.264857,3,23.57,31.17,66.8,10.23,8.22,116.28,76.56,121.11,muskmelon
2026-03-08T02:17:35.264857,3,22.39,25.32,30.51,4.42,6.03,23.96,65.86,22.14,muskmelon
2026-02-20T15:29:19.264857,1,13.16,27.32,93.6,233.94,5.84,65.39,113.15,90.3,papaya
2026-03-04T06:33:16.264857,2,42.28,19.02,99.41,56.1,4.65,134.29,114.29,62.46,papaya
2026-02-13T17:41:01.264857,1,35.62,26.01,66.34,78.31,4.57,19.86,19.39,104.88,mango
2026-02-19T21:29:13.264857,1,52.16,26.86,95.42,252.75,8.08,36.34,127.13,169.41,apple
2026-02-13T16:19:54.264857,1,18.31,17.98,52.72,43.3,7.46,94.39,108.98,191.36,grapes
2026-03-02T17:35:45.264857,2,42.98,29.82,62.05,212.62,6.67,37.35,14.96,59.27,mango
2026-02-25T19:13:39.264857,2,16.26,18.76,97.17,282.13,7.7,118.09,133.36,201.17,apple
2026-03-03T18:22:05.264857,3,24.26,19.59,38.87,289.51,7.11,131.87,106.49,30.7,coffee
2026-03-02T02:37:44.264857,3,44.43,22.26,45.04,240.83,5.75,51.56,93.43,38.79,pigeonpeas
2026-02-28T09:40:52.264857,2,15.44,30.83,95.28,138.78,8.29,18.18,69.95,94.16,papaya
2026-02-28T15:38:26.264857,1,24.15,32.82,90.76,7.37,7.34,97.47,71.06,87.11,muskmelon
2026-02-22T14:05:13.264857,1,47.56,19.85,52.85,9.21,6.66,20.22,121.24,171.29,grapes
2026-02-27T18:39:12.264857,2,34.71,25.01,33.56,171.79,5.41,55.49,23.99,138.64,mango
2026-02-28T00:01:14.264857,2,33.82,20.16,73.0,197.23,4.81,97.98,76.81,194.49,banana
2026-02-19T18:48:38.264857,1,21.69,21.23,40.98,288.28,5.4,51.36,29.99,74.88,chickpea
2026-02-19T06:50:25.264857,2,26.85,35.38,86.47,31.0,8.18,14.29,57.93,197.85,grapes
2026-03-14T18:39:52.264857,1,19.84,23.98,48.0,113.28,6.42,123.41,13.45,75.59,coffee
2026-02-26T15:52:51.264857,2,20.04,29.95,35.26,185.28,6.4,12.87,28.44,6.17,orange
2026-03-07T23:04:23.264857,3,42.06,28.1,56.81,184.58,8.18,29.38,59.35,19.52,pigeonpeas
2026-03-14T18:38:00.264857,2,45.85,27.87,59.69,240.4,7.39,128.77,41.44,136.1,coffee
2026-03-01T03:38:18.264857,3,11.89,31.48,87.9,80.12,7.88,121.05,45.88,74.8,papaya
2026-03-10T06:30:43.264857,3,24.46,27.19,39.25,219.74,8.17,100.78,76.87,42.07,coffee
2026-03-08T21:33:51.264857,3,21.32,37.87,54.83,70.38,4.85,72.82,68.11,83.18,chickpea
2026-03-09T06:57:56.264857,3,16.68,36.09,31.77,195.12,5.06,125.73,132.91,45.73,banana
2026-02-24T05:55:16.264857,2,48.79,17.47,69.51,276.32,8.42,69.06,130.02,19.96,maize
2026-03-02T15:17:27.264857,3,17.27,19.41,73.48,291.71,5.15,11.44,86.97,74.77,pigeonpeas
2026-02-26T11:33:25.264857,3,22.25,39.54,54.87,11.73,5.36,53.41,19.12,14.37,muskmelon
2026-03-14T18:39:36.264857,3,20.04,21.56,91.78,185.0,6.15,124.91,35.4,166.76,apple
2026-03-02T18:14:40.264857,2,54.78,30.59,68.38,186.74,6.73,94.64,129.34,105.56,grapes
2026-03-05T00:00:05.264857,1,30.38,38.08,86.82,78.26,4.87,80.83,72.26,147.64,banana
2026-03-01T04:39:43.264857,1,38.83,16.15,42.36,124.38,7.26,69.68,127.75,18.78,maize
2026-03-11T11:06:14.264857,3,38.85,24.76,41.45,46.68,6.02,42.42,76.1,142.86,grapes
2026-02-25T15:08:43.264857,1,30.0,26.42,73.71,150.54,4.98,45.96,11.32,160.14,coconut
2026-02-14T00:09:14.264857,1,26.04,28.06,55.22,64.41,5.51,110.88,58.82,29.74,coffee
2026-03-02T12:21:13.264857,3,35.23,17.6,73.05,143.13,5.42,35.52,140.6,184.71,grapes
2026-03-05T13:32:58.264857,3,20.35,32.35,67.29,42.7,5.21,100.52,22.8,105.5,watermelon
2026-03-02T03:26:40.264857,3,35.52,20.29,96.01,197.84,4.86,74.73,34.93,103.63,papaya
2026-02-24T11:02:41.264857,2,59.89,15.0,61.39,38.83,7.41,79.18,116.73,176.65,grapes
2026-02-20T05:28:06.264857,3,54.95,20.12,53.16,123.72,5.49,106.78,26.23,172.58,coffee
2026-02-26T21:54:41.264857,3,20.51,24.34,86.42,139.57,5.04,72.4,49.64,107.13,rice
2026-02-20T06:42:12.264857,3,53.07,34.51,97.64,34.59,5.61,100.13,141.09,199.84,grapes
2026-02-28T01:14:34.264857,2,14.24,25.26,43.06,60.01,4.84,116.1,38.94,75.5,watermelon
2026-03-08T16:04:57.264857,2,56.91,26.64,47.78,154.05,7.03,36.48,76.18,107.72,pigeonpeas
2026-02-17T23:45:50.264857,2,43.05,32.34,57.07,184.32,5.68,93.17,15.69,116.6,coffee
2026-03-03T09:24:58.264857,1,43.43,29.29,84.21,163.74,5.66,106.47,15.45,30.91,coffee
2026-03-11T03:37:26.264857,3,14.77,31.56,59.08,67.5,7.63,131.84,134.33,84.27,grapes
2026-02-20T03:43:46.264857,2,38.08,25.47,60.27,167.01,5.04,136.2,122.67,159.27,grapes
2026-02-16T13:44:59.264857,1,28.79,31.92,33.59,202.16,7.13,81.35,143.9,152.01,grapes
2026-03-11T10:35:35.264857,3,27.09,25.83,92.35,14.9,4.57,41.29,72.83,57.27,muskmelon
2026-02-18T19:15:39.264857,1,44.36,37.44,52.2,251.62,7.5,125.24,110.72,43.98,coffee
2026-02-18T03:05:03.264857,3,51.31,37.43,30.15,248.55,5.62,91.4,124.36,197.89,grapes
2026-02-22T23:53:09.264857,1,45.58,19.57,57.48,281.03,6.28,22.96,21.89,73.46,mango
2026-02-21T21:45:29.264857,1,13.77,15.95,76.99,53.7,5.28,64.17,144.08,113.02,grapes
2026-02-23T09:10:44.264857,2,51.28,33.38,63.63,179.23,4.55,45.16,13.32,85.46,mango
2026-02-21T03:04:12.264857,1,35.62,23.0,36.86,204.2,4.56,17.39,61.28,96.75,pigeonpeas
2026-02-16T21:15:03.264857,1,15.62,19.5,72.42,169.52,7.41,74.77,52.46,118.98,jute
2026-03-02T16:53:36.264857,1,56.43,16.24,43.61,11.02,6.46,89.44,84.89,54.82,muskmelon
2026-03-11T14:35:38.264857,1,29.9,30.15,77.36,248.2,5.75,14.72,101.29,188.09,grapes
2026-02-18T21:02:04.264857,1,45.88,18.89,40.47,243.37,5.74,75.75,124.56,158.56,grapes
2026-02-27T06:30:51.264857,3,26.32,39.27,75.8,105.03,7.73,88.03,104.43,26.97,banana
2026-02-19T23:32:11.264857,3,37.09,19.31,66.95,182.08,8.41,84.75,61.96,60.14,jute
2026-02-28T22:40:16.264857,3,47.16,38.3,59.91,241.93,7.13,27.19,74.54,146.76,grapes
2026-03-08T18:07:13.264857,2,49.67,22.53,44.79,228.45,6.3,113.0,6.08,11.86,coffee
2026-03-10T13:53:37.264857,3,23.91,29.63,48.07,6.42,4.99,106.98,132.68,156.35,grapes
2026-02-14T09:20:52.264857,1,23.58,33.3,30.34,78.97,4.76,105.13,107.2,137.79,banana
2026-02-26T05:07:38.264857,3,56.49,23.85,54.89,231.49,5.92,106.28,105.88,149.17,banana
2026-02-25T04:27:23.264857,1,16.01,33.06,68.53,2.67,6.2,17.72,131.8,51.38,muskmelon
2026-02-14T22:19:20.264857,3,22.69,16.18,82.56,273.06,4.93,107.59,50.38,85.42,rice
2026-02-19T02:51:39.264857,3,15.96,21.82,73.19,86.09,6.77,44.07,142.48,51.29,grapes
2026-03-10T10:06:21.264857,1,59.66,37.14,34.87,151.5,5.81,113.64,105.2,165.59,banana
2026-02-27T10:43:19.264857,3,31.64,19.06,97.81,93.19,5.02,55.08,22.36,40.17,pomegranate
2026-02-15T23:05:01.264857,2,57.26,35.25,87.77,166.55,6.22,81.24,38.43,106.46,papaya
2026-03-09T07:04:57.264857,1,53.91,26.63,57.8,73.44,5.14,127.17,40.52,136.29,coffee
2026-02-20T19:47:48.264857,1,46.9,18.02,73.69,142.28,7.5,11.47,69.32,137.97,chickpea
2026-02-28T13:28:24.264857,2,30.22,15.94,58.96,239.78,6.07,52.72,67.12,93.14,chickpea
2026-02-27T16:29:01.264857,2,53.44,35.75,71.49,103.81,5.07,32.2,117.11,190.87,grapes
2026-02-17T15:00:14.264857,2,12.8,21.67,70.39,12.42,5.49,118.33,141.37,181.17,grapes
2026-03-10T21:42:54.264857,3,29.34,19.5,46.69,55.88,6.06,132.64,9.12,72.18,watermelon
2026-02-13T17:10:30.264857,2,55.41,31.0,51.9,87.89,4.89,76.52,118.17,178.71,grapes
2026-03-11T01:20:54.264857,2,59.19,33.6,65.14,216.24,8.27,48.85,132.71,192.49,grapes
2026-03-12T13:29:20.264857,3,57.88,16.58,65.69,213.81,8.48,87.06,56.55,36.66,rice
2026-03-08T02:01:46.264857,1,28.1,39.95,68.65,251.68,6.75,22.11,103.35,136.82,pigeonpeas
2026-02-19T10:49:02.264857,1,21.87,28.97,55.9,40.3,5.24,22.7,126.75,103.4,grapes
2026-03-08T20:57:47.264857,1,14.79,23.06,44.07,98.15,8.23,133.39,86.48,117.82,banana
2026-02-23T17:34:09.264857,2,43.06,23.3,82.32,251.74,5.61,14.64,132.79,169.61,apple
2026-03-10T16:51:47.264857,3,12.61,18.82,41.79,204.06,8.08,121.48,85.66,198.05,coffee
2026-03-06T20:29:12.264857,1,45.06,39.0,80.02,180.87,6.96,92.45,13.61,52.92,watermelon
2026-03-12T16:58:02.264857,1,46.53,35.75,39.0,60.51,7.35,25.37,124.98,66.88,grapes
2026-03-05T10:13:36.264857,1,28.31,27.64,99.49,269.65,6.89,16.89,47.18,99.84,papaya
2026-03-07T10:27:34.264857,3,36.88,36.1,60.61,126.35,5.28,115.83,97.25,156.51,banana
2026-02-21T02:18:41.264857,1,29.93,28.79,54.57,136.91,5.54,73.92,18.93,89.34,coffee
2026-03-06T07:19:12.264857,1,39.65,22.7,57.92,267.62,6.69,73.44,23.85,124.68,coffee
2026-03-14T12:07:07.264857,3,32.19,23.78,86.2,177.71,7.17,69.93,66.89,62.33,jute
2026-03-02T13:41:56.264857,2,31.9,37.99,89.88,149.69,6.31,130.69,35.76,100.7,papaya
2026-02-18T08:57:03.264857,1,35.98,26.67,93.61,108.6,7.67,100.8,22.54,74.54,watermelon
2026-03-14T04:27:40.264857,2,26.2,19.48,46.07,226.37,7.11,100.12,85.68,173.98,coffee
2026-03-07T23:46:02.264857,3,57.12,16.51,71.58,148.81,8.4,82.48,75.25,194.39,jute
2026-03-09T23:41:02.264857,3,58.57,15.95,52.31,5.13,8.08,125.96,136.84,185.2,grapes
2026-02-21T21:15:44.264857,2,41.29,17.65,47.04,161.26,7.85,64.29,76.3,55.66,jute
2026-02-23T07:31:43.264857,3,51.89,36.1,91.36,295.12,5.71,15.85,19.13,122.93,coconut
2026-03-13T23:15:40.264857,3,35.78,26.22,32.39,28.09,8.46,97.14,57.31,100.4,muskmelon
2026-02-25T23:11:35.264857,1,18.76,33.74,37.0,31.74,8.47,107.62,86.73,105.95,chickpea
2026-02-25T20:27:27.264857,1,11.06,29.62,76.2,243.98,5.45,15.91,39.83,127.75,papaya
2026-02-20T09:42:28.264857,3,55.25,23.84,67.42,171.31,5.63,17.55,53.48,129.39,chickpea
2026-02-25T04:33:51.264857,3,19.78,36.28,79.41,239.69,7.64,39.91,141.48,129.95,grapes
2026-02-13T22:58:12.264857,3,53.67,25.42,45.58,39.02,8.17,119.5,96.6,39.08,watermelon
2026-02-15T23:28:16.264857,3,40.6,36.82,91.81,74.46,6.56,87.53,120.31,37.13,papaya
2026-03-03T21:46:13.264857,3,31.48,34.77,33.49,48.46,7.98,100.29,38.56,135.34,coffee
2026-03-12T15:31:15.264857,1,46.5,31.17,96.68,234.14,6.53,68.54,55.21,132.07,papaya
2026-02-23T03:17:06.264857,1,40.42,20.15,97.92,284.42,4.66,80.69,6.77,64.47,rice
2026-03-03T12:00:34.264857,3,13.91,37.37,39.15,163.11,6.18,51.59,85.89,34.5,pigeonpeas
2026-03-06T23:29:32.264857,3,15.9,16.71,47.09,30.19,5.61,25.36,62.87,109.47,muskmelon
2026-03-09T16:06:26.264857,2,37.68,19.44,36.37,147.53,7.06,11.86,81.23,125.04,chickpea
2026-03-08T05:02:06.264857,1,40.24,38.1,65.85,161.19,7.92,43.74,6.58,118.2,mango
2026-02-18T07:51:34.264857,2,32.53,34.81,77.87,152.69,7.92,49.75,137.32,45.9,grapes
2026-02-17T07:42:15.264857,1,41.46,18.56,62.68,89.09,8.46,90.55,59.19,32.71,maize
2026-02-18T11:12:37.264857,2,38.5,39.44,86.92,234.67,5.87,25.34,39.67,14.58,mungbean
2026-02-23T13:18:13.264857,3,58.82,38.18,59.27,51.37,8.44,19.38,45.64,40.6,mothbeans
2026-02-20T07:02:13.264857,2,39.66,17.02,94.61,206.25,7.16,131.0,144.93,118.7,apple
2026-02-27T08:32:27.264857,1,22.47,38.67,79.1,163.86,5.33,61.05,51.04,70.69,papaya
2026-03-12T09:26:50.264857,3,53.27,28.74,31.16,97.27,7.87,111.81,6.5,115.18,coffee
2026-03-09T14:44:19.264857,2,57.35,27.91,39.81,146.32,7.03,80.78,50.66,197.21,coffee
2026-02-27T22:05:09.264857,3,49.98,24.53,88.92,96.95,7.93,125.79,43.86,196.31,apple
2026-02-13T03:20:01.264857,1,48.94,29.17,69.52,299.25,7.25,137.51,19.47,126.83,coffee
2026-03-10T02:59:24.264857,3,30.13,28.5,53.54,130.56,8.44,58.57,85.14,115.47,pigeonpeas
2026-03-01T09:44:34.264857,3,10.2,34.08,71.39,272.19,8.28,51.35,31.1,25.81,mango
2026-03-07T09:52:24.264857,2,42.1,32.92,90.55,269.96,7.26,10.34,93.55,165.49,papaya
2026-02-19T09:59:27.264857,2,42.11,35.65,81.58,34.89,5.18,58.08,97.69,127.25,papaya
2026-02-26T02:44:00.264857,3,31.03,15.12,68.35,286.81,8.41,33.87,93.81,113.73,chickpea
2026-03-03T01:02:26.264857,3,56.28,19.57,72.25,292.5,6.11,95.13,125.79,104.05,grapes
2026-02-20T19:48:21.264857,1,36.7,22.45,68.39,156.9,7.5,137.14,136.92,97.56,apple
2026-03-14T05:41:43.264857,3,25.35,23.96,72.17,240.38,8.18,63.78,13.29,127.61,jute
2026-02-19T23:43:25.264857,2,15.41,15.42,48.08,221.86,5.56,121.19,80.08,183.49,banana
2026-02-17T02:11:07.264857,2,51.26,32.92,87.07,13.14,7.81,83.83,54.15,79.75,muskmelon
2026-02-16T03:04:33.264857,3,38.88,24.19,83.64,48.48,8.13,74.54,104.54,56.8,banana
2026-02-16T01:45:15.264857,3,10.9,20.25,45.12,93.57,8.33,93.41,20.79,81.14,coffee
2026-02-28T10:01:40.264857,1,31.31,32.03,43.92,62.19,5.72,74.74,139.53,62.54,grapes
2026-03-06T23:56:33.264857,3,45.97,17.55,72.69,29.69,5.44,93.46,15.91,94.8,muskmelon
2026-02-22T00:52:31.264857,2,42.58,32.68,64.55,133.29,6.09,29.65,130.92,197.9,grapes
2026-02-24T18:07:06.264857,3,19.14,27.24,46.51,219.08,5.57,41.7,106.24,134.99,pigeonpeas
2026-02-20T07:44:26.264857,1,40.6,37.55,68.24,259.69,4.97,69.7,44.75,147.61,coffee
2026-03-03T04:03:30.264857,3,46.75,32.65,70.46,32.33,5.4,79.6,120.92,43.47,grapes
2026-03-10T19:38:10.264857,2,33.27,31.66,55.5,189.54,5.74,136.98,45.59,163.78,coffee
2026-02-18T04:45:26.264857,2,30.34,30.77,44.71,85.63,6.78,130.36,51.76,39.28,coffee
2026-03-03T03:30:54.264857,3,26.32,37.35,96.41,30.52,8.37,16.17,73.79,91.04,papaya
2026-03-10T22:29:58.264857,2,47.06,16.81,84.28,69.64,6.53,113.55,103.58,6.72,cotton
2026-02-17T21:08:08.264857,3,24.17,19.3,67.07,113.62,6.87,78.02,66.99,91.93,chickpea
2026-02-24T13:53:19.264857,3,13.08,15.23,59.35,6.08,8.15,47.16,32.5,163.97,muskmelon
2026-03-01T13:20:39.264857,1,56.32,23.18,71.03,183.11,5.52,88.14,89.44,6.14,maize
2026-02-28T13:09:45.264857,3,57.72,29.73,37.42,73.4,5.42,54.39,138.79,80.82,grapes
2026-03-12T23:18:34.264857,3,44.54,16.38,91.46,184.12,7.09,33.2,57.41,24.1,papaya
2026-02-18T08:49:19.264857,1,59.48,36.27,48.79,167.96,8.0,128.06,32.63,184.58,coffee
2026-03-06T11:06:58.264857,2,52.97,30.66,73.36,298.73,5.26,93.87,23.42,170.54,coffee
2026-02-19T04:37:34.264857,1,18.17,22.05,34.28,151.49,7.68,105.27,68.92,73.11,coffee
2026-02-20T17:55:36.264857,1,49.41,18.18,43.37,210.42,4.53,59.31,46.63,143.91,chickpea
2026-03-10T12:33:07.264857,3,51.53,20.34,62.0,208.46,6.32,66.51,56.16,9.34,maize
2026-03-06T08:09:56.264857,3,12.93,23.49,74.59,270.89,8.31,109.21,107.33,48.19,banana
2026-02-27T08:58:43.264857,3,57.58,25.22,98.6,186.6,4.87,73.18,91.68,135.4,papaya
2026-02-13T21:32:23.264857,1,31.11,21.25,42.06,160.76,6.72,54.21,54.17,83.63,chickpea
2026-02-26T17:49:20.264857,3,52.33,38.35,68.18,233.19,7.1,80.87,62.01,58.67,coffee
2026-02-16T05:20:09.264857,1,49.02,32.94,47.83,95.99,5.91,79.31,25.62,15.8,maize
2026-03-09T22:04:52.264857,3,25.6,34.2,61.83,34.12,7.06,75.61,71.74,149.52,grapes
2026-03-02T03:13:15.264857,1,49.46,33.71,73.12,190.31,6.69,58.72,103.49,15.84,pigeonpeas
2026-03-12T12:57:41.264857,3,26.23,22.38,61.64,215.32,7.43,10.89,99.43,176.12,apple
2026-02-27T12:26:00.264857,1,51.3,32.54,30.46,280.05,7.86,114.09,45.24,93.21,coffee
2026-02-18T16:27:26.264857,3,50.05,23.71,46.47,249.36,6.15,53.24,61.13,121.67,chickpea
2026-02-21T05:52:30.264857,2,17.0,32.95,48.24,211.62,7.02,98.98,121.4,34.07,coffee
2026-02-20T14:07:26.264857,3,10.13,37.46,65.9,30.05,4.77,135.85,58.61,156.41,muskmelon
2026-03-09T16:07:22.264857,1,15.84,39.91,85.48,150.23,4.5,122.98,87.49,191.07,banana
2026-03-14T13:44:24.264857,2,18.24,32.38,95.31,96.68,6.44,123.19,83.25,75.41,banana
2026-03-03T13:35:02.264857,1,18.93,25.61,85.37,75.03,8.46,137.49,132.73,95.51,banana
2026-03-12T16:30:33.264857,3,31.27,22.49,65.26,56.31,6.24,117.82,27.66,64.62,watermelon
2026-03-08T14:52:13.264857,1,47.41,17.83,95.08,122.63,4.76,115.49,81.35,121.59,banana
2026-02-15T05:30:27.264857,1,33.04,15.04,99.21,3.58,5.74,16.6,56.97,49.55,muskmelon
2026-03-01T13:41:35.264857,3,41.79,16.1,78.02,17.42,4.77,108.49,35.29,136.47,muskmelon
2026-02-18T05:56:32.264857,2,24.45,26.16,76.4,66.17,5.09,39.05,78.14,126.66,grapes
2026-02-21T09:09:57.264857,1,38.06,15.04,34.33,286.4,5.02,85.31,142.93,60.88,grapes
2026-02-25T09:59:37.264857,3,48.02,18.86,32.34,85.12,6.35,99.88,135.6,106.97,grapes
2026-02-14T05:02:15.264857,1,49.29,30.57,52.56,96.35,7.2,30.32,54.73,83.83,mango
2026-02-24T02:30:35.264857,3,39.34,39.55,87.1,150.39,6.38,15.77,122.87,34.18,apple
2026-03-02T13:26:18.264857,3,15.03,27.14,83.96,197.88,6.16,98.27,94.36,142.56,banana
2026-02-18T20:00:27.264857,3,39.21,38.08,87.16,298.06,8.48,62.79,46.19,154.69,papaya
2026-02-15T08:01:33.264857,2,50.17,25.6,67.74,283.33,7.82,78.53,126.49,110.84,grapes
2026-03-07T09:05:25.264857,3,51.04,30.04,70.27,91.02,6.17,83.6,33.08,83.6,coffee
2026-02-19T23:36:09.264857,2,26.09,27.77,94.47,240.31,5.15,105.82,94.87,54.84,banana
2026-03-04T15:23:12.264857,3,54.36,27.89,73.33,262.25,6.12,43.64,63.58,46.53,pigeonpeas
2026-02-27T09:15:23.264857,2,17.51,16.9,41.17,173.36,7.39,95.21,66.59,33.41,coffee
2026-03-10T04:52:35.264857,2,11.95,23.28,55.57,60.5,5.36,49.73,7.98,110.54,mango
2026-03-09T21:08:51.264857,1,24.6,17.07,75.4,272.21,4.53,33.9,7.06,78.31,pomegranate
2026-03-11T00:06:16.264857,3,24.67,37.67,96.95,112.15,5.0,36.45,48.83,117.51,papaya
2026-03-13T19:42:15.264857,1,11.94,20.65,54.39,187.65,8.23,136.21,129.18,12.48,coffee
2026-02-13T22:41:39.264857,3,53.17,36.98,48.6,80.22,4.79,86.92,131.95,198.07,grapes
2026-03-08T15:52:09.264857,2,14.4,31.05,73.55,134.27,5.52,31.75,29.3,139.83,coconut
2026-03-09T00:49:14.264857,1,27.75,28.1,76.94,154.67,5.02,137.26,33.66,33.59,coffee
2026-03-06T03:30:29.264857,2,36.99,19.54,95.26,273.66,8.38,14.41,51.29,129.09,papaya
2026-02-17T01:57:38.264857,2,52.6,19.66,32.63,294.19,7.33,45.82,105.71,152.73,chickpea
2026-02-24T13:18:20.264857,3,28.04,38.72,87.41,19.12,6.23,77.27,34.26,140.26,muskmelon
2026-03-07T23:00:30.264857,3,30.72,37.39,72.61,156.86,4.9,73.27,9.43,21.08,coffee
2026-02-24T10:23:20.264857,2,33.15,29.85,75.23,270.13,4.62,94.45,64.06,121.74,banana
2026-02-20T23:20:02.264857,3,15.94,20.9,74.9,269.47,7.33,66.16,15.79,111.79,watermelon
2026-03-04T10:45:26.264857,2,45.87,28.55,83.75,194.12,7.54,49.64,70.94,91.67,papaya
2026-03-13T20:14:48.264857,1,48.39,21.78,69.48,290.13,5.01,117.74,116.52,24.71,coffee
2026-02-28T15:34:08.264857,3,11.63,32.93,32.28,172.29,5.87,101.08,56.81,20.69,coffee
2026-03-13T00:20:34.264857,1,44.03,31.6,81.06,75.89,5.79,57.76,43.66,18.41,mungbean
2026-02-22T01:45:38.264857,2,41.62,39.37,82.28,294.13,8.09,28.38,52.62,147.36,papaya
2026-03-06T03:15:07.264857,3,47.71,27.23,34.73,159.2,5.18,135.86,25.38,84.81,coffee
2026-03-02T10:45:54.264857,3,30.45,17.62,62.53,297.91,7.44,99.58,33.2,145.17,coffee
2026-03-02T23:22:34.264857,1,48.76,34.3,83.7,176.09,7.24,107.58,109.41,102.76,banana
2026-03-02T16:59:32.264857,3,52.6,31.88,41.85,36.38,5.83,72.33,128.33,97.75,grapes
2026-03-09T09:32:45.264857,2,57.92,25.46,99.08,39.75,7.51,44.94,53.81,20.82,mungbean
2026-03-05T05:09:50.264857,3,16.03,19.61,93.18,9.36,5.37,80.13,42.59,134.95,muskmelon
2026-03-05T13:40:25.264857,2,28.61,32.25,37.12,84.36,8.43,16.38,57.46,74.4,chickpea
2026-02-16T11:04:22.264857,1,52.09,21.64,59.5,243.39,4.98,137.21,73.15,187.87,banana
2026-03-13T10:59:48.264857,3,19.14,16.27,30.87,4.82,5.17,82.57,86.31,202.95,muskmelon
2026-02-13T10:57:15.264857,2,21.3,32.89,82.07,247.14,4.99,21.6,6.26,29.82,coconut
2026-03-03T05:25:02.264857,2,32.87,23.94,82.23,96.57,7.26,77.54,9.11,50.29,watermelon
2026-02-28T07:09:03.264857,3,42.76,38.47,92.09,42.78,6.79,27.94,9.86,166.73,papaya
2026-03-01T10:43:27.264857,2,37.02,17.52,68.6,159.99,4.95,62.94,93.73,42.73,jute
2026-02-26T12:51:45.264857,1,28.73,27.17,55.1,149.75,5.65,54.76,144.89,136.03,grapes
2026-02-18T18:24:51.264857,1,47.07,19.44,60.56,176.0,6.16,116.85,104.51,15.23,coffee
2026-02-24T22:21:32.264857,2,39.09,24.03,62.28,176.25,4.98,73.77,127.41,14.9,maize
2026-02-15T22:11:10.264857,3,19.46,37.08,32.03,225.78,4.55,107.64,127.62,49.96,banana
2026-02-26T07:29:05.264857,3,56.65,23.87,42.67,208.18,7.93,131.77,103.02,196.19,coffee
2026-03-11T12:02:38.264857,3,12.63,24.81,66.96,232.11,7.1,15.23,67.71,139.98,chickpea
2026-02-19T01:07:40.264857,1,23.9,17.64,30.24,154.66,6.27,46.72,63.58,148.25,chickpea
2026-03-13T11:52:11.264857,2,36.12,26.25,37.49,190.29,6.01,65.75,31.4,100.44,coffee
2026-02-17T05:07:08.264857,3,20.54,23.34,80.9,206.23,6.73,88.85,68.78,44.45,rice
2026-03-05T00:03:54.264857,2,14.13,19.58,52.29,105.51,8.23,72.05,48.25,47.02,maize
2026-03-13T06:31:39.264857,3,41.82,19.25,30.77,180.05,7.36,69.84,18.58,189.97,coffee
2026-03-07T12:29:24.264857,1,30.19,36.21,86.03,40.61,6.65,53.36,52.98,68.09,papaya
2026-02-18T11:07:59.264857,1,42.09,35.09,88.29,174.14,5.88,88.75,23.81,76.2,watermelon
2026-02-15T20:32:19.264857,1,57.81,28.44,60.42,255.5,7.25,48.7,42.51,10.64,pigeonpeas
2026-03-04T22:53:00.264857,3,46.74,15.71,34.03,204.41,4.88,85.16,22.93,39.89,coffee
2026-02-13T12:21:40.264857,3,58.1,32.83,80.48,86.36,7.12,95.07,49.34,19.05,cotton
2026-03-09T06:16:11.264857,3,55.45,23.52,49.63,274.43,5.07,133.43,53.18,150.64,coffee
2026-02-17T04:40:34.264857,3,57.46,35.73,36.76,117.58,5.34,130.59,90.74,16.01,coffee
2026-02-21T05:43:29.264857,3,18.84,38.24,71.65,105.61,6.86,38.77,104.13,170.08,grapes
2026-03-01T22:59:22.264857,3,41.64,20.09,41.13,194.91,6.6,43.01,129.57,165.65,grapes
2026-02-14T22:47:16.264857,2,44.74,16.23,88.69,78.01,5.6,35.14,122.6,204.44,grapes
2026-02-26T08:05:48.264857,1,25.6,28.83,59.41,146.43,8.07,127.96,119.75,18.15,coffee
2026-02-19T01:00:32.264857,2,47.42,16.69,67.72,176.73,6.77,107.97,103.48,5.18,coffee
2026-02-12T20:34:23.264857,1,47.22,17.35,60.37,127.19,6.29,21.66,70.49,28.47,pigeonpeas
2026-03-08T16:21:27.264857,1,48.14,21.56,35.1,220.24,4.94,68.87,127.37,137.77,apple
2026-02-13T03:29:58.264857,1,25.49,16.18,45.0,144.82,7.48,43.97,96.68,143.21,chickpea
2026-02-22T12:04:47.264857,3,48.14,27.23,58.84,45.54,5.15,45.69,80.85,125.33,mothbeans
2026-03-04T21:13:16.264857,2,17.76,24.53,43.55,20.82,7.86,29.48,70.01,63.62,muskmelon
2026-03-07T08:27:50.264857,2,18.28,15.15,83.12,221.61,5.98,80.93,123.66,90.6,rice
2026-03-04T14:05:11.264857,1,51.17,33.81,83.94,228.43,5.31,63.17,129.24,139.52,grapes
2026-02-20T01:24:33.264857,1,34.07,31.56,94.36,82.05,8.1,139.65,29.49,100.09,papaya
2026-02-22T04:59:46.264857,2,17.55,23.79,95.82,89.92,5.63,42.84,123.24,69.63,apple
2026-02-26T22:59:30.264857,1,35.7,15.02,35.58,277.54,8.15,50.09,85.71,116.34,chickpea
2026-03-01T22:52:40.264857,3,40.92,15.2,91.23,40.81,4.85,81.69,88.71,30.6,papaya
2026-03-05T18:54:00.264857,1,30.63,22.66,44.78,188.57,5.62,41.01,57.38,66.04,pigeonpeas
2026-03-04T16:57:50.264857,3,33.53,35.11,70.6,88.86,6.75,138.48,94.71,104.94,banana
2026-03-04T04:25:14.264857,2,32.87,31.69,84.69,195.03,6.87,48.14,24.68,72.39,coconut
2026-03-10T18:37:57.264857,3,50.23,25.09,71.78,94.85,6.53,93.62,144.78,105.93,banana
2026-02-17T17:44:27.264857,2,13.34,38.75,98.26,105.48,7.42,12.4,46.64,151.88,papaya
2026-02-28T11:39:25.264857,1,27.05,29.75,62.53,155.0,7.39,64.62,97.39,85.96,coffee
2026-02-25T23:26:06.264857,2,58.41,31.49,35.53,27.41,6.03,19.58,135.87,153.55,grapes
2026-02-13T04:04:07.264857,2,45.65,20.92,34.48,74.07,7.51,111.3,76.29,96.22,chickpea
2026-03-01T12:01:18.264857,1,25.39,25.0,81.82,166.7,7.63,96.72,83.05,190.46,banana
2026-02-14T15:40:06.264857,1,34.0,30.75,95.47,119.61,7.22,50.07,51.27,198.82,papaya
2026-02-27T20:05:22.264857,1,22.69,31.34,54.8,121.72,5.42,121.34,84.97,20.09,coffee
2026-02-26T15:14:33.264857,3,50.85,26.0,75.21,151.9,5.99,109.65,133.59,112.98,banana
2026-03-05T09:25:18.264857,2,31.83,36.3,43.68,160.24,5.41,72.33,64.48,198.9,coffee
2026-02-25T19:00:07.264857,1,52.46,20.94,86.53,260.13,6.13,73.64,30.76,131.42,rice
2026-03-02T17:02:27.264857,3,44.64,17.35,79.21,6.11,7.91,66.5,31.44,97.02,muskmelon
2026-02-25T04:22:53.264857,1,17.14,28.68,87.92,97.86,5.62,119.21,143.93,132.41,banana
2026-02-13T09:03:10.264857,1,28.63,38.71,73.42,276.57,7.24,12.21,20.72,21.92,coconut
2026-02-16T17:45:13.264857,3,23.36,17.1,71.07,156.31,6.41,127.82,38.24,171.26,jute
2026-03-03T04:08:15.264857,3,29.93,23.32,72.57,240.78,7.27,30.99,23.33,49.47,pomegranate
2026-03-05T22:55:49.264857,1,53.24,20.7,79.85,171.45,5.64,31.25,86.21,34.26,pigeonpeas
2026-02-24T21:23:52.264857,3,17.67,35.25,38.93,75.19,7.39,16.39,116.02,202.4,grapes
2026-03-03T17:02:55.264857,3,58.66,30.89,56.77,104.7,6.23,97.41,25.55,135.99,coffee
2026-03-05T02:23:45.264857,3,59.84,18.89,58.03,58.9,7.53,45.52,124.06,10.19,grapes
2026-02-22T03:10:23.264857,2,59.95,16.82,53.8,159.3,7.52,113.45,103.32,116.24,coffee
2026-02-14T11:06:16.264857,2,30.93,24.87,72.2,9.11,4.88,67.81,85.0,188.27,muskmelon
2026-02-16T00:11:00.264857,3,19.73,39.84,33.39,177.02,4.88,139.24,56.6,21.34,coffee
2026-02-15T21:48:41.264857,3,30.53,28.52,64.55,172.84,6.21,82.81,61.95,40.19,coffee
2026-03-01T19:28:41.264857,1,23.85,31.18,84.44,47.64,7.64,46.58,15.73,79.35,papaya
2026-02-17T18:56:41.264857,1,24.41,27.2,51.0,198.35,7.89,75.75,53.2,49.11,coffee
2026-03-05T15:52:40.264857,1,48.77,20.04,69.31,197.97,8.01,42.49,124.76,118.38,grapes
2026-02-18T12:38:48.264857,2,41.48,24.74,76.13,260.74,5.19,55.1,5.9,148.3,pomegranate
2026-03-14T13:09:24.264857,2,30.11,22.26,87.59,151.1,7.72,105.54,106.34,196.57,apple
2026-03-01T15:56:59.264857,1,25.71,25.97,90.07,127.15,8.44,23.47,25.26,188.68,apple
2026-02-16T00:27:53.264857,1,53.82,31.56,96.13,296.14,5.59,127.64,128.22,37.98,apple
2026-03-01T21:45:08.264857,1,14.91,17.89,51.33,124.92,6.58,47.5,81.28,164.65,chickpea
2026-03-03T19:12:30.264857,3,51.42,15.39,45.96,238.75,5.98,136.21,43.46,81.99,coffee
2026-02-16T12:01:54.264857,3,17.56,21.04,39.83,210.89,6.91,52.96,107.63,105.12,chickpea
2026-02-20T18:55:15.264857,3,50.63,29.28,66.46,123.61,5.03,135.08,57.52,15.77,coffee
2026-02-16T13:00:51.264857,3,47.83,17.98,90.07,290.07,5.75,46.47,115.77,100.5,apple
2026-03-10T05:20:32.264857,3,55.36,39.87,33.87,246.64,7.89,88.59,9.3,175.5,coffee
2026-02-25T02:41:54.264857,2,53.73,19.81,36.56,263.71,7.83,74.97,101.72,169.97,chickpea
2026-02-17T15:16:25.264857,3,18.5,33.02,87.31,251.47,6.2,76.0,33.33,146.5,apple
2026-03-12T06:30:37.264857,2,10.35,18.52,54.61,196.43,4.82,33.11,43.64,88.69,pigeonpeas
2026-03-02T21:26:41.264857,1,59.57,28.22,51.4,70.18,7.0,85.79,135.06,86.05,grapes
2026-02-23T08:50:57.264857,3,34.66,29.97,35.99,286.82,8.32,106.19,109.83,110.69,grapes
2026-02-18T16:59:19.264857,2,54.0,37.61,39.83,194.05,7.37,35.03,110.74,47.03,pigeonpeas
2026-03-05T04:14:17.264857,3,33.46,22.78,73.93,269.88,8.29,55.23,36.29,167.54,apple
2026-03-14T12:00:50.264857,3,43.34,26.81,30.97,65.58,4.78,103.24,142.6,43.93,grapes
2026-02-25T18:45:26.264857,3,36.15,20.9,32.08,138.19,4.81,83.99,93.95,68.49,banana
2026-03-05T23:08:25.264857,3,44.98,28.31,46.63,274.43,5.91,94.57,43.43,161.94,coffee
2026-02-28T12:35:09.264857,2,34.08,24.58,42.37,217.39,8.21,28.29,64.77,85.67,chickpea
2026-02-15T05:45:05.264857,1,48.51,30.08,49.11,18.74,8.12,76.43,81.95,168.26,muskmelon
2026-02-18T18:13:20.264857,2,55.38,22.4,48.72,235.88,7.25,91.77,78.01,7.22,coffee
2026-02-19T10:05:13.264857,1,38.58,32.56,93.55,259.95,5.42,78.78,116.63,71.61,papaya
2026-03-13T03:55:26.264857,2,27.56,24.86,73.35,86.93,7.42,99.24,29.98,42.36,coffee
2026-03-06T13:33:44.264857,1,59.21,32.47,86.53,124.65,4.83,127.23,55.17,10.31,cotton
2026-02-18T14:17:16.264857,1,48.05,26.35,65.43,70.86,7.59,81.41,26.56,54.06,coffee
2026-03-01T08:37:57.264857,1,52.65,32.81,53.08,291.8,7.32,120.6,89.85,10.57,coffee
2026-02-12T20:26:24.264857,3,33.21,20.84,71.05,142.04,4.88,13.54,137.01,50.9,pigeonpeas
2026-02-14T23:50:12.264857,2,27.28,19.49,42.49,37.22,8.17,54.82,72.93,8.99,lentil
2026-02-12T19:08:25.264857,2,46.88,38.74,63.41,55.19,4.86,48.68,138.81,113.28,grapes
2026-02-12T19:25:29.264857,3,54.89,35.57,96.94,273.31,5.97,125.05,126.44,159.79,apple
2026-03-07T18:22:27.264857,1,59.27,24.15,78.89,264.44,8.2,80.2,20.18,23.98,coffee
2026-03-05T00:14:08.264857,2,12.11,30.49,91.14,208.49,8.45,70.07,107.58,109.3,papaya
2026-03-02T00:34:34.264857,3,33.47,16.84,65.84,190.09,5.48,42.8,134.5,128.23,grapes
2026-02-16T06:36:40.264857,3,35.52,29.41,43.29,85.6,4.51,133.65,74.16,173.02,banana
2026-03-04T22:29:47.264857,2,19.18,38.26,62.96,11.31,6.61,26.17,12.97,101.25,muskmelon
2026-02-22T12:27:44.264857,3,34.0,17.88,93.94,117.06,8.18,64.42,143.31,32.53,apple
2026-02-25T23:39:29.264857,3,59.32,28.0,94.52,242.93,7.57,73.29,134.2,63.97,papaya
2026-02-19T02:19:29.264857,3,21.98,36.33,91.82,182.99,5.25,12.03,80.85,27.15,coconut
2026-02-22T20:57:13.264857,1,33.75,33.89,44.96,154.38,5.31,128.25,118.18,178.15,grapes
2026-02-23T13:07:39.264857,3,52.44,32.12,86.72,230.38,7.6,115.19,56.82,126.24,papaya
2026-03-10T14:04:09.264857,2,27.27,38.63,77.84,192.27,6.6,105.46,60.47,189.0,banana
2026-02-20T10:17:10.264857,2,40.18,33.4,98.6,9.63,8.15,106.55,100.27,11.33,muskmelon
2026-02-21T04:16:03.264857,1,23.25,35.05,55.4,234.56,8.22,115.18,105.11,33.78,coffee
2026-03-13T09:43:27.264857,1,40.54,27.71,68.68,181.87,6.92,109.01,132.63,144.63,grapes
2026-02-21T11:28:44.264857,3,59.58,32.93,94.58,226.5,7.14,60.68,58.84,159.58,papaya
2026-03-10T02:46:32.264857,2,11.38,24.21,61.47,232.29,5.75,109.14,58.74,57.16,coffee
2026-03-07T06:29:04.264857,3,32.42,17.06,56.62,253.85,4.92,18.4,66.83,202.62,pigeonpeas
2026-03-05T15:31:12.264857,3,54.99,25.42,79.25,179.7,5.35,25.59,75.58,93.9,papaya
2026-02-26T09:25:30.264857,3,37.51,32.9,88.3,290.92,6.22,125.76,92.96,30.32,banana
2026-03-01T01:09:36.264857,1,59.3,25.28,99.64,218.89,6.43,123.54,83.88,80.97,banana
2026-03-08T07:06:41.264857,3,29.63,39.82,83.8,269.96,4.54,48.32,38.69,50.05,papaya
2026-03-11T00:51:11.264857,3,13.1,24.48,46.9,273.95,8.43,101.63,63.76,108.18,coffee
2026-03-07T18:07:45.264857,3,16.79,37.66,47.48,183.95,6.42,52.27,26.21,187.72,mango
2026-03-08T12:18:35.264857,1,21.3,29.53,79.45,278.78,6.04,18.44,89.61,117.54,papaya
2026-03-13T17:01:00.264857,2,42.5,22.74,55.78,282.07,8.48,95.66,37.98,157.81,coffee
2026-02-27T10:23:24.264857,2,47.22,19.45,49.42,47.67,8.38,10.7,20.78,19.89,mothbeans
2026-02-21T00:48:49.264857,1,31.65,37.87,81.05,254.47,5.93,26.96,139.61,126.12,grapes
2026-02-15T04:00:04.264857,1,39.38,32.3,71.42,194.18,5.87,56.09,111.43,119.44,grapes
2026-02-21T10:50:55.264857,1,19.77,37.0,51.18,228.75,8.5,80.26,107.13,121.39,coffee
2026-02-21T18:36:30.264857,3,25.98,32.1,59.4,265.67,6.53,120.39,46.48,179.8,coffee
2026-02-24T00:37:46.264857,3,41.94,18.68,74.44,50.01,4.66,139.83,6.5,61.17,watermelon
2026-03-11T20:21:45.264857,1,26.9,24.78,35.91,111.47,7.43,96.75,123.48,32.1,coffee
2026-02-13T06:26:10.264857,2,31.1,19.02,91.99,123.78,5.24,82.24,31.05,64.85,watermelon
2026-02-23T13:08:10.264857,1,25.26,32.77,65.8,183.27,7.71,125.03,29.81,87.19,coffee
2026-02-21T21:19:42.264857,2,27.79,22.68,53.8,27.52,6.79,118.16,63.31,203.2,muskmelon
2026-02-24T04:38:37.264857,1,10.96,19.31,79.09,266.05,7.48,126.15,94.87,130.3,banana
2026-03-03T03:29:09.264857,2,57.57,36.59,61.54,43.51,7.5,80.74,99.75,168.01,grapes
2026-03-10T00:39:59.264857,1,22.73,16.82,98.91,191.67,7.22,64.9,45.72,49.05,papaya
2026-03-06T21:39:59.264857,3,46.83,28.75,59.72,246.23,5.23,103.82,93.3,14.72,coffee
2026-02-20T21:05:27.264857,1,53.28,33.51,57.76,184.35,8.01,10.88,97.35,111.05,pigeonpeas
2026-03-09T13:48:35.264857,2,47.23,15.93,61.71,149.31,8.37,78.16,24.94,76.71,coffee
2026-03-08T10:32:23.264857,2,39.1,22.99,71.67,239.51,6.3,22.88,143.2,153.76,apple
2026-02-20T09:40:50.264857,1,36.45,19.29,99.92,79.35,4.68,23.73,38.67,80.71,papaya
2026-02-22T05:57:26.264857,1,14.94,20.52,98.37,257.83,6.34,86.74,134.39,65.9,apple
2026-03-03T03:04:55.264857,2,54.38,38.13,62.05,100.79,5.8,38.63,123.5,179.26,grapes
2026-03-10T14:00:48.264857,3,48.92,31.53,32.31,190.93,7.35,66.97,78.24,122.65,chickpea
2026-02-20T18:08:17.264857,1,39.28,16.07,93.86,65.06,7.95,79.67,142.0,116.39,papaya
2026-02-16T12:27:51.264857,3,21.78,15.28,94.95,275.8,6.66,15.9,10.57,78.07,pomegranate
2026-02-20T20:22:08.264857,3,45.8,39.98,93.0,94.35,6.99,69.82,75.48,95.0,papaya
2026-02-18T14:42:23.264857,1,29.46,28.14,85.62,191.55,5.68,69.18,7.09,173.65,grapes
2026-02-25T06:36:11.264857,3,48.05,38.92,96.15,138.93,4.78,117.47,70.28,162.22,papaya
2026-02-17T13:55:25.264857,3,52.26,25.35,43.43,12.07,8.19,107.67,48.33,204.26,muskmelon
2026-03-10T01:44:18.264857,2,27.55,25.79,48.65,102.51,5.17,57.68,34.85,25.26,mango
2026-03-10T19:53:26.264857,1,18.77,19.13,79.03,231.12,6.64,42.44,93.85,134.81,papaya
2026-03-12T15:21:06.264857,3,32.78,33.74,34.54,34.67,4.88,46.12,97.08,98.36,mothbeans
2026-03-08T23:50:59.264857,1,40.98,38.97,52.11,40.98,6.38,38.27,78.06,162.07,grapes
2026-02-18T20:32:19.264857,1,54.01,18.42,94.32,60.9,7.34,28.92,33.15,120.73,pomegranate
2026-03-02T14:42:04.264857,2,36.78,38.1,60.59,249.29,5.31,29.37,12.27,183.08,mango
2026-02-25T23:18:38.264857,2,13.88,26.11,53.07,106.33,5.74,16.34,25.63,202.66,mango
2026-03-11T21:34:42.264857,2,35.8,28.76,64.56,194.84,7.41,42.39,6.48,106.57,mango
2026-02-19T03:04:19.264857,2,13.33,32.36,53.86,109.69,7.51,42.82,31.71,22.19,mango
2026-02-13T17:28:33.264857,2,29.36,38.99,77.98,158.03,6.98,111.82,128.07,179.93,grapes
2026-02-21T05:35:32.264857,3,10.23,28.8,76.87,32.84,7.78,20.33,82.29,30.26,mungbean
2026-02-20T04:26:18.264857,2,45.89,37.75,36.35,270.21,6.28,65.03,99.27,64.57,banana
2026-02-21T22:50:40.264857,1,41.3,22.74,69.51,78.15,6.0,34.32,65.29,144.43,grapes
2026-02-19T22:52:48.264857,2,16.78,25.29,82.47,19.27,8.22,92.05,47.73,8.47,muskmelon
2026-03-06T12:41:11.264857,3,24.1,22.22,60.71,112.54,4.62,33.14,134.19,171.58,apple
2026-02-23T10:24:35.264857,2,18.16,26.89,88.24,103.38,7.56,68.3,79.19,81.17,banana
2026-03-13T23:46:43.264857,3,36.71,27.61,60.77,16.89,7.18,126.87,33.65,75.25,muskmelon
2026-03-02T13:51:51.264857,2,47.12,38.23,31.42,97.96,4.81,11.34,33.5,155.29,mango
2026-03-10T13:16:17.264857,1,33.71,39.6,40.63,95.92,8.34,62.66,94.71,108.3,chickpea
2026-03-12T20:14:42.264857,2,55.25,27.6,53.93,249.86,6.89,129.14,123.97,46.76,coffee
2026-02-16T05:52:34.264857,2,43.26,31.3,91.77,240.38,5.95,118.18,110.15,181.9,apple
2026-02-20T18:41:13.264857,3,45.81,36.39,83.88,56.47,5.86,85.25,55.82,200.88,grapes
2026-03-03T11:21:27.264857,1,15.35,39.39,71.06,242.02,6.9,77.75,77.99,179.21,banana
2026-02-19T21:48:58.264857,2,55.29,23.74,67.97,6.67,5.51,99.86,66.9,159.04,muskmelon
2026-02-27T16:47:03.264857,3,22.09,18.66,83.65,98.68,5.35,70.59,121.03,162.79,grapes
2026-03-10T10:51:23.264857,1,38.49,22.21,88.35,24.03,6.92,18.01,113.68,25.6,muskmelon
2026-02-17T21:39:52.264857,3,28.41,30.53,65.08,143.61,6.82,70.8,69.37,188.81,coffee
2026-02-19T21:40:12.264857,3,23.37,36.58,91.18,247.09,5.92,52.8,67.36,5.55,orange
2026-03-09T19:32:20.264857,2,23.57,17.05,94.76,90.63,6.77,136.94,15.3,65.45,watermelon
2026-02-19T16:55:12.264857,2,20.53,33.99,76.22,117.25,4.75,28.72,7.41,143.45,grapes
2026-02-27T11:26:35.264857,2,51.78,28.77,91.5,264.86,7.35,53.6,111.81,154.53,apple
2026-02-19T11:19:48.264857,2,28.41,32.68,35.94,93.2,6.48,121.26,103.25,58.97,banana
2026-03-09T05:17:49.264857,1,10.3,29.85,80.81,256.35,6.49,55.69,143.25,118.74,grapes
2026-03-01T08:29:37.264857,2,40.7,27.11,56.52,295.93,8.4,58.78,120.11,90.97,grapes
2026-02-16T09:04:29.264857,1,50.87,18.08,94.93,151.25,6.52,16.3,43.35,127.23,papaya
2026-02-14T06:24:37.264857,3,10.88,34.85,58.91,106.51,6.53,44.04,66.46,185.44,grapes
2026-02-13T07:49:30.264857,3,23.63,29.38,48.85,232.18,8.22,19.94,57.4,136.45,pigeonpeas
2026-03-13T11:35:51.264857,1,44.26,32.36,57.58,104.12,6.57,25.97,102.9,12.35,pigeonpeas
2026-03-11T23:15:57.264857,1,28.39,36.32,84.57,67.31,5.78,93.42,105.73,44.29,banana
2026-02-23T01:04:47.264857,3,13.29,29.55,36.07,18.21,4.94,117.74,42.04,72.93,muskmelon
2026-03-08T20:54:52.264857,2,48.16,30.1,70.19,157.1,5.71,46.48,10.0,155.54,mango
2026-02-20T19:02:23.264857,3,19.9,16.38,64.12,20.73,5.82,119.03,53.44,192.19,muskmelon
2026-02-28T12:36:03.264857,1,52.45,20.25,71.2,215.83,5.11,32.14,101.18,180.52,apple
2026-02-23T19:39:23.264857,3,37.87,39.26,48.54,266.4,5.48,34.18,133.34,117.25,pigeonpeas
2026-02-25T15:49:24.264857,1,53.12,20.0,46.93,28.2,7.57,58.33,91.84,127.71,muskmelon
2026-03-13T01:10:25.264857,3,19.17,23.77,85.34,225.28,8.45,119.12,52.85,10.19,cotton
2026-03-14T03:50:54.264857,3,20.08,20.1,52.88,225.19,4.7,112.7,41.13,45.15,coffee
2026-02-17T13:56:49.264857,1,58.49,18.92,79.94,238.01,6.61,13.8,53.82,146.45,grapes
2026-02-24T20:49:17.264857,1,37.53,24.3,87.72,9.21,5.82,131.34,122.3,155.51,muskmelon
2026-03-11T14:46:31.264857,2,21.6,31.81,97.37,229.81,8.35,54.93,67.72,107.29,papaya
2026-02-19T20:06:15.264857,3,11.49,37.1,61.9,57.39,5.07,106.82,18.2,62.95,watermelon
2026-03-04T15:35:43.264857,1,44.93,21.72,97.5,189.7,6.56,105.33,126.27,23.7,apple
2026-02-21T19:32:28.264857,2,45.34,24.15,74.34,75.91,6.6,77.78,144.67,40.86,banana
2026-03-13T22:33:25.264857,1,30.71,20.07,30.72,166.25,7.78,101.75,42.62,177.67,coffee
2026-02-12T22:47:24.264857,3,13.41,38.57,33.12,145.84,4.69,131.43,109.1,48.12,banana
2026-03-08T03:10:59.264857,2,26.05,37.11,90.53,282.81,7.79,101.76,67.14,186.4,papaya
2026-02-23T05:29:41.264857,2,21.19,31.03,62.15,40.07,4.81,72.88,141.92,34.32,grapes
2026-03-05T11:26:59.264857,3,12.43,35.93,64.35,215.48,5.7,60.73,125.97,142.75,grapes
2026-02-23T22:57:27.264857,3,20.75,19.18,77.7,110.82,5.82,104.79,118.67,168.41,grapes
2026-02-25T01:54:38.264857,3,18.49,21.4,65.99,168.28,7.8,32.67,22.23,66.58,chickpea
2026-02-17T17:44:06.264857,3,59.44,35.79,85.76,163.48,7.25,68.89,112.11,145.6,grapes
2026-03-08T14:02:35.264857,3,50.8,22.96,40.18,243.53,6.49,98.31,91.57,96.0,banana
2026-02-24T22:12:51.264857,1,41.49,18.25,73.86,202.38,7.93,29.11,115.88,36.91,grapes
2026-03-14T04:48:00.264857,3,43.78,22.79,32.15,208.4,8.42,130.39,6.44,42.37,coffee
2026-02-26T13:06:07.264857,3,38.96,34.46,50.85,240.12,7.71,124.62,82.24,77.94,coffee
2026-02-22T22:21:54.264857,1,38.4,20.8,83.81,265.73,7.24,95.17,105.78,119.95,banana
2026-02-21T08:09:58.264857,1,15.79,19.38,68.52,294.58,8.24,76.9,131.86,198.66,grapes
2026-03-04T01:23:57.264857,3,49.41,18.16,78.48,141.19,8.49,62.9,122.45,198.93,grapes
2026-03-04T20:29:36.264857,1,45.5,36.82,79.88,173.62,8.49,124.0,107.66,188.48,grapes
2026-03-09T19:36:55.264857,3,31.91,29.82,68.21,242.91,7.69,105.49,39.1,147.94,coffee
2026-02-19T19:05:21.264857,3,42.95,23.71,49.86,191.83,6.63,98.82,92.31,34.83,coffee
2026-02-28T00:43:54.264857,2,45.99,38.95,92.2,133.82,6.83,63.02,90.61,138.66,papaya
2026-02-16T17:03:04.264857,2,46.45,31.41,76.81,130.61,4.62,63.56,54.32,28.57,rice
2026-02-21T00:26:28.264857,2,59.57,16.2,62.7,113.2,4.99,134.47,55.93,73.44,coffee
2026-02-26T20:53:20.264857,1,58.31,28.08,79.59,70.84,7.15,34.01,91.42,72.3,papaya
2026-03-04T04:26:38.264857,2,26.39,22.64,58.05,76.39,6.53,99.68,24.71,25.54,coffee
2026-02-27T20:07:57.264857,3,42.09,37.12,46.52,89.63,5.09,89.49,67.87,166.1,banana
2026-02-18T01:19:57.264857,3,42.8,36.62,50.98,105.71,7.36,125.5,55.01,13.72,maize
2026-03-06T19:32:50.264857,2,57.88,32.43,76.68,131.32,5.53,128.24,102.88,87.9,banana
2026-03-13T18:59:21.264857,2,48.73,22.02,77.41,272.33,7.32,44.3,132.29,155.47,grapes
2026-03-09T13:16:24.264857,1,52.88,27.88,49.22,127.36,5.06,139.36,115.32,85.62,banana
2026-02-15T13:50:29.264857,2,34.64,24.29,63.05,5.65,6.59,49.82,27.16,11.09,muskmelon
2026-03-09T16:59:42.264857,1,50.65,31.3,77.5,163.74,5.29,55.55,141.83,62.06,grapes
2026-02-27T12:48:11.264857,2,56.97,30.01,85.36,223.85,7.86,12.75,20.49,80.49,coconut
2026-02-25T07:45:00.264857,2,56.56,30.8,59.3,67.03,8.2,107.91,95.71,90.1,banana
2026-02-24T22:14:56.264857,2,59.35,35.23,34.08,149.63,6.33,12.0,98.21,159.99,pigeonpeas
2026-03-08T16:50:52.264857,2,42.91,20.45,73.37,46.49,5.67,21.79,40.14,47.19,mothbeans
2026-03-02T04:37:11.264857,3,13.56,35.8,70.33,279.42,7.56,40.03,16.75,131.33,mango
2026-03-13T04:54:04.264857,2,32.25,23.31,71.3,32.65,7.15,112.59,142.02,201.57,grapes
2026-02-16T20:42:40.264857,2,12.82,35.79,55.31,147.77,7.75,89.46,75.15,7.26,coffee
2026-02-23T09:54:07.264857,2,14.89,28.12,86.33,281.4,5.45,47.39,54.47,94.17,papaya
2026-03-11T13:48:28.264857,2,19.38,17.29,86.64,39.1,5.79,64.67,39.41,141.4,grapes
2026-02-14T12:30:07.264857,3,29.23,36.99,59.41,138.86,7.57,135.76,106.24,168.48,coffee
2026-03-12T12:34:31.264857,2,12.17,27.29,56.42,187.44,5.65,49.53,47.96,51.11,pigeonpeas
2026-03-12T08:47:52.264857,1,36.05,26.02,89.17,245.66,8.27,14.47,143.69,125.37,apple
2026-03-05T18:20:41.264857,3,14.08,30.92,83.46,237.27,7.77,53.66,11.24,193.79,grapes
2026-02-28T02:41:11.264857,1,24.24,20.88,55.32,291.03,6.9,137.75,61.4,144.01,coffee
2026-02-23T19:08:20.264857,3,59.7,30.29,93.55,134.24,7.68,65.72,35.17,145.58,papaya
2026-02-21T17:39:13.264857,2,27.58,39.09,89.36,124.74,7.23,59.73,64.43,35.02,papaya
2026-02-15T20:09:36.264857,3,19.08,15.21,34.86,204.18,4.54,136.05,12.74,23.11,coffee
2026-03-11T18:57:08.264857,3,22.56,22.83,40.02,251.48,7.1,14.29,24.41,83.41,chickpea
2026-02-24T01:39:48.264857,3,58.92,35.23,97.9,56.96,5.37,135.25,14.56,154.07,watermelon
2026-03-07T06:26:03.264857,2,31.56,33.74,69.94,206.96,6.39,72.56,35.62,36.69,coffee
2026-02-23T18:56:35.264857,1,15.85,39.18,51.25,66.1,7.15,19.05,27.16,25.55,mango
2026-02-23T08:27:55.264857,3,41.76,39.71,54.22,212.65,6.72,96.95,44.6,176.99,coffee
2026-02-24T12:17:58.264857,2,31.74,15.23,63.09,278.67,6.17,131.13,103.56,63.64,banana
2026-03-01T20:03:57.264857,2,51.95,26.26,48.77,293.75,4.63,100.22,139.4,21.15,coffee
2026-03-04T17:48:24.264857,1,37.78,23.25,57.13,295.98,7.56,22.62,65.79,167.71,apple
2026-03-08T10:19:10.264857,1,31.71,35.47,49.2,238.94,6.05,83.6,136.11,93.66,banana
2026-02-14T04:17:36.264857,2,48.64,22.3,80.34,241.65,5.61,39.47,30.58,123.05,pomegranate
2026-03-11T23:08:45.264857,1,59.57,16.61,51.16,216.4,7.05,64.48,107.01,51.54,jute
2026-03-10T16:40:43.264857,1,39.63,25.17,60.97,199.65,7.95,95.8,128.53,8.8,coffee
2026-03-06T05:23:39.264857,1,57.52,28.96,46.85,238.84,7.07,139.13,21.76,89.26,coffee
2026-03-10T13:58:30.264857,2,13.08,19.86,34.25,294.34,7.25,94.5,134.5,179.45,grapes
2026-03-12T05:35:44.264857,1,53.58,39.21,93.03,223.54,6.61,88.53,97.11,163.29,papaya
2026-02-14T22:58:14.264857,1,35.49,38.54,66.9,57.25,7.17,82.77,30.99,128.89,watermelon
2026-03-10T05:39:47.264857,1,44.73,17.03,96.05,40.87,7.32,135.68,138.32,128.01,grapes
2026-02-26T13:48:51.264857,1,11.3,18.95,69.82,266.27,8.19,14.19,15.95,41.38,pomegranate
2026-02-21T10:31:59.264857,2,48.28,28.35,88.45,64.99,8.35,47.34,26.06,60.62,papaya
2026-03-07T10:35:06.264857,3,33.32,27.57,76.49,203.41,5.73,87.88,122.59,81.4,banana
2026-03-13T03:22:16.264857,1,48.12,22.34,31.24,178.72,6.9,88.55,41.33,75.48,coffee
2026-03-09T08:14:28.264857,2,22.25,33.73,83.4,39.04,4.67,69.38,19.14,167.55,watermelon
2026-02-15T18:09:50.264857,2,44.6,21.04,74.29,238.98,6.94,23.53,87.07,138.66,chickpea
2026-02-27T08:31:37.264857,3,52.9,19.28,49.28,139.68,8.35,103.77,125.02,184.61,grapes
2026-02-24T02:50:47.264857,3,52.37,19.23,61.59,226.7,7.83,97.61,28.07,141.74,coffee
2026-02-16T13:45:29.264857,2,25.88,19.86,92.06,230.84,4.82,30.08,142.24,158.56,apple
2026-02-21T12:43:32.264857,3,48.43,31.19,51.27,277.3,5.0,27.23,100.92,42.79,pigeonpeas
2026-03-03T10:23:24.264857,3,43.18,32.44,30.22,137.4,7.78,13.57,62.99,155.52,pigeonpeas
2026-03-04T08:35:45.264857,3,42.24,18.71,42.61,256.36,5.77,49.71,144.11,25.56,pigeonpeas
2026-02-20T01:05:35.264857,3,15.0,34.46,96.62,128.56,5.68,85.5,46.41,173.75,papaya
2026-02-17T09:43:42.264857,1,20.06,37.17,46.88,9.07,6.87,126.1,90.56,151.1,muskmelon
2026-03-09T12:06:05.264857,3,49.73,28.36,44.57,102.94,5.68,46.13,142.13,163.67,grapes
2026-02-28T15:18:49.264857,3,20.71,37.43,38.41,161.58,5.01,83.18,135.65,17.34,pigeonpeas
2026-02-12T21:54:56.264857,2,15.53,17.67,77.07,128.95,5.97,90.42,70.72,75.91,banana
2026-02-16T22:54:10.264857,1,27.32,27.54,84.6,204.78,6.0,107.69,24.52,109.91,banana
2026-02-24T12:21:29.264857,3,38.12,18.38,92.69,293.42,8.31,83.87,111.66,121.84,apple
2026-03-07T01:43:49.264857,1,59.84,28.53,43.4,169.56,4.51,129.34,104.8,97.81,banana
2026-02-15T09:20:59.264857,2,47.62,33.2,73.83,21.78,6.79,60.61,82.08,34.26,muskmelon
2026-03-11T15:45:42.264857,1,39.04,22.13,46.64,115.9,7.97,29.55,133.52,194.83,apple
2026-03-06T10:42:36.264857,3,10.88,16.72,58.64,190.79,4.81,135.12,33.07,70.22,coffee
2026-02-24T01:57:51.264857,1,27.86,26.82,63.55,77.76,8.07,77.55,89.27,192.94,grapes
2026-03-01T11:16:01.264857,2,15.91,33.0,34.17,23.31,8.39,76.86,25.38,18.83,muskmelon
2026-02-17T20:54:05.264857,1,12.04,34.73,31.72,200.4,7.64,45.33,14.48,107.35,mango
2026-02-23T17:05:38.264857,1,40.87,30.24,75.19,287.06,5.07,78.75,142.86,66.51,banana
2026-02-26T07:59:21.264857,3,42.68,29.84,93.34,237.1,8.25,19.02,104.22,60.48,papaya
2026-03-14T06:40:16.264857,1,41.73,26.46,83.17,151.69,8.4,99.14,116.18,186.86,grapes
2026-02-26T00:25:11.264857,2,47.99,19.68,99.43,96.24,8.26,45.44,84.22,25.35,papaya
2026-03-08T06:48:19.264857,2,43.26,15.31,65.7,222.22,6.85,38.73,115.17,33.48,pigeonpeas
2026-02-22T04:40:42.264857,1,37.92,32.14,38.23,179.51,7.79,111.66,7.13,63.0,coffee
2026-03-10T21:58:38.264857,3,37.38,33.37,98.04,142.29,5.22,85.83,33.73,9.16,orange
2026-02-16T17:15:46.264857,1,36.91,31.04,69.45,60.68,4.57,77.37,56.3,174.52,grapes
2026-02-18T14:46:45.264857,1,34.17,21.11,47.44,290.53,6.6,139.29,96.7,78.25,banana
2026-02-25T15:38:27.264857,1,55.66,17.92,42.0,94.23,6.11,105.37,100.65,177.53,banana
2026-03-03T21:01:16.264857,2,42.69,35.36,43.24,43.95,6.57,126.62,112.66,130.36,grapes
2026-02-20T12:53:24.264857,1,41.84,36.28,73.6,292.23,4.83,88.71,81.75,193.11,banana
2026-02-25T14:32:04.264857,1,42.26,20.64,31.19,277.07,7.05,51.85,65.61,88.72,chickpea
2026-02-27T15:02:03.264857,1,25.48,21.34,33.64,91.98,6.42,37.22,123.78,64.96,pigeonpeas
2026-02-28T17:24:52.264857,3,32.79,18.43,60.27,171.83,8.01,95.01,77.61,83.64,chickpea
2026-03-06T03:18:41.264857,3,32.52,39.5,70.18,72.73,4.84,136.31,14.55,28.51,coffee
2026-02-21T15:48:52.264857,2,39.71,26.66,32.73,115.67,7.77,27.66,51.97,98.52,chickpea
2026-02-17T20:29:36.264857,1,44.42,28.0,65.54,201.03,8.22,32.29,30.7,10.41,orange
2026-03-06T11:43:54.264857,3,41.1,36.98,69.9,265.47,6.07,124.98,64.05,29.81,coffee
2026-02-23T05:43:21.264857,1,56.27,22.64,73.12,153.09,8.47,50.46,51.5,64.36,papaya
2026-02-13T15:10:57.264857,2,40.87,22.67,65.8,214.23,4.9,79.46,71.2,90.84,banana
2026-02-28T13:12:32.264857,3,45.75,35.2,81.5,68.56,5.16,79.63,106.83,119.68,banana
2026-02-26T22:34:42.264857,3,29.13,38.59,85.63,85.57,7.97,58.52,138.64,53.81,grapes
2026-02-24T23:26:11.264857,2,37.09,35.55,93.63,169.55,5.3,25.25,71.52,65.45,papaya
2026-02-22T22:53:07.264857,3,54.48,29.8,32.71,161.99,7.85,59.81,56.0,76.91,coffee
2026-02-25T08:10:24.264857,3,50.99,34.2,96.64,17.35,6.67,129.57,112.37,151.14,muskmelon
2026-03-09T09:46:45.264857,2,51.42,25.69,38.97,161.73,5.37,113.16,111.64,114.64,coffee
2026-03-14T03:12:43.264857,1,14.01,17.15,81.08,33.97,7.06,66.57,27.1,45.65,watermelon
2026-02-23T04:05:13.264857,3,43.07,19.8,43.69,125.56,6.23,107.02,38.55,53.19,coffee
2026-02-27T06:36:16.264857,1,49.67,19.04,37.92,264.71,8.35,135.71,23.55,23.11,coffee
2026-02-28T11:20:26.264857,1,35.13,39.39,37.36,241.2,7.45,100.74,34.86,101.14,coffee
2026-02-15T18:51:51.264857,3,20.48,34.82,42.02,151.46,6.38,120.69,64.4,57.41,coffee
2026-03-05T04:32:23.264857,3,20.3,22.05,78.81,22.86,4.85,67.3,133.39,203.94,grapes
2026-02-20T19:54:24.264857,3,28.02,36.73,42.34,78.98,7.43,40.49,127.08,92.82,grapes
2026-02-20T16:45:59.264857,3,42.63,33.54,67.73,234.1,7.9,125.17,123.35,14.77,coffee
2026-03-04T03:42:36.264857,2,29.94,39.09,66.93,15.39,8.02,78.7,130.48,201.3,grapes
2026-03-10T20:35:45.264857,1,44.49,20.57,56.05,152.4,6.49,77.67,109.65,114.63,grapes
2026-02-28T02:30:42.264857,3,51.0,18.98,44.67,137.21,5.58,71.17,94.64,158.43,chickpea
2026-03-06T08:35:31.264857,1,46.73,23.64,77.92,16.84,4.65,68.58,62.66,73.28,muskmelon
2026-03-12T02:21:02.264857,2,44.29,30.41,45.57,49.03,7.38,129.76,94.98,9.49,mothbeans
2026-02-17T23:14:23.264857,2,34.53,39.94,68.31,66.11,4.95,48.13,143.04,111.74,grapes
2026-03-04T17:06:47.264857,3,14.26,27.1,89.61,96.8,7.91,106.89,59.6,97.66,papaya
2026-02-27T22:46:22.264857,3,59.29,20.26,92.39,51.61,5.43,134.79,116.12,43.49,papaya
2026-03-03T16:08:35.264857,2,33.81,18.39,35.57,168.2,4.74,60.06,89.87,83.5,chickpea
2026-03-05T16:32:54.264857,3,36.85,36.03,92.86,176.08,6.05,20.91,75.05,63.9,papaya
2026-03-09T01:23:32.264857,3,13.98,18.38,90.77,14.11,5.62,55.97,66.2,106.76,muskmelon
2026-03-10T09:27:08.264857,1,40.71,28.17,81.22,5.52,7.42,104.7,78.42,89.48,muskmelon
2026-02-16T20:26:55.264857,1,53.35,25.06,32.33,72.91,6.66,33.24,24.11,96.04,mango
2026-02-20T12:34:47.264857,1,23.57,30.23,60.62,198.98,6.62,61.44,74.31,77.16,banana
2026-02-14T06:10:07.264857,1,37.43,39.21,69.96,167.88,5.53,10.7,12.45,145.57,mango
2026-03-07T09:13:19.264857,2,28.95,34.43,68.2,90.63,6.49,89.3,128.96,204.91,grapes
2026-02-14T19:06:13.264857,3,29.18,18.73,60.79,69.99,7.81,132.52,68.33,201.31,grapes
2026-03-01T16:11:09.264857,2,38.64,34.42,51.4,69.61,6.4,103.82,55.35,201.98,grapes
2026-02-15T06:19:43.264857,2,29.45,25.07,64.27,49.15,5.35,48.51,55.48,86.87,lentil
2026-02-15T10:10:21.264857,1,39.04,36.99,77.21,35.18,8.44,124.45,29.32,149.11,watermelon
2026-02-19T13:18:55.264857,1,19.39,15.64,49.85,132.79,6.21,67.77,144.01,191.3,grapes
2026-02-13T00:31:19.264857,2,54.28,25.35,30.38,126.02,5.3,56.72,31.84,175.23,grapes
2026-02-12T22:53:05.264857,1,49.45,29.6,37.6,108.44,8.49,136.94,13.81,39.62,coffee
2026-02-20T05:55:36.264857,1,49.31,36.99,58.02,30.02,4.75,74.37,16.67,64.05,muskmelon
2026-02-18T05:17:40.264857,1,59.78,35.59,44.13,82.06,6.38,46.8,79.66,133.3,chickpea
2026-02-13T19:05:08.264857,2,15.95,31.04,59.98,264.86,5.74,119.89,33.78,28.35,coffee
2026-02-26T22:09:16.264857,1,35.6,36.17,78.67,8.6,6.16,35.03,63.64,170.43,muskmelon
