timestamp,farm_id,soil_moisture,temperature,humidity,rainfall,ph,N,P,K,recommended_crop
2026-01-31T01:13:29.183693,3,55.86,18.43,70.62,40.19,7.14,26.46,76.69,118.93,lentil
2026-01-22T01:31:29.183693,3,34.81,20.95,55.53,177.29,5.18,82.48,58.23,118.28,coffee
2026-01-28T17:31:46.183693,1,18.9,37.13,33.9,139.01,7.22,37.35,124.53,88.16,pigeonpeas
2026-02-05T09:46:27.183693,2,55.94,17.03,81.69,278.16,7.38,72.92,116.18,134.25,grapes
2026-01-27T20:13:32.183693,3,49.93,36.76,52.39,198.21,4.64,30.82,27.83,124.84,mango
2026-02-08T05:51:07.183693,1,42.05,27.2,40.35,269.44,7.95,88.27,20.48,118.38,coffee
2026-02-17T16:50:26.183693,2,45.51,16.64,80.7,190.08,6.31,114.83,79.43,124.61,banana
2026-02-09T19:35:02.183693,2,56.5,37.22,95.48,243.91,7.39,18.32,53.2,89.7,papaya
2026-01-27T13:05:17.183693,3,53.36,20.6,62.74,101.81,7.82,26.95,22.67,82.55,pomegranate
2026-02-03T10:54:22.183693,3,16.47,39.18,89.58,171.03,6.23,62.59,53.78,164.39,papaya
2026-01-25T04:21:33.183693,1,35.04,17.99,55.19,90.62,7.24,80.59,135.07,15.46,maize
2026-02-12T17:20:20.183693,1,44.48,20.54,55.32,43.15,8.35,65.97,20.36,143.06,grapes
2026-02-14T12:53:32.183693,3,55.49,26.55,47.28,216.58,7.39,15.72,52.23,118.16,chickpea
2026-02-10T05:22:45.183693,2,56.55,21.75,83.87,100.07,7.61,134.49,113.29,138.51,banana
2026-02-13T04:05:34.183693,2,17.3,34.83,35.69,208.61,5.24,126.95,70.08,97.57,banana
2026-01-23T01:36:22.183693,1,13.23,32.05,64.28,132.95,6.34,17.87,102.97,31.86,pigeonpeas
2026-01-28T15:42:57.183693,2,49.0,19.26,99.44,202.38,5.07,11.34,132.31,189.65,apple
2026-02-01T09:14:49.183693,2,24.47,18.09,67.81,110.52,7.8,15.37,92.75,103.38,chickpea
2026-01-22T08:07:02.183693,2,19.3,26.36,72.81,150.07,5.33,116.95,21.08,55.77,coffee
2026-02-03T23:51:54.183693,3,40.96,36.31,62.79,61.78,5.32,56.94,56.45,81.46,chickpea
2026-02-12T06:34:40.183693,3,54.3,35.66,30.76,28.14,7.22,86.16,35.29,168.68,muskmelon
2026-01-26T18:42:49.183693,3,23.75,31.54,34.43,156.68,5.91,35.32,27.96,33.97,mango
2026-01-26T09:49:34.183693,1,39.39,18.92,64.69,242.18,8.1,38.64,136.19,111.86,grapes
2026-02-02T01:01:39.183693,1,36.35,27.99,78.43,15.2,8.12,73.91,47.82,89.57,muskmelon
2026-02-12T14:53:34.183693,1,27.19,36.64,82.24,12.24,8.33,132.34,10.42,161.41,muskmelon
2026-02-02T13:07:19.183693,3,11.49,36.2,97.75,295.59,4.71,16.52,15.79,117.48,coconut
2026-01-23T09:36:42.183693,2,46.7,39.16,51.11,54.93,7.66,99.55,69.57,49.68,banana
2026-02-14T11:10:33.183693,3,58.09,37.34,91.49,35.05,5.69,54.93,116.86,177.13,grapes
2026-01-25T08:10:35.183693,1,34.32,19.09,76.3,211.35,6.29,137.14,7.24,140.27,grapes
2026-02-16T22:14:34.183693,3,26.16,23.73,76.21,231.86,6.65,62.76,127.43,10.1,orange
2026-01-28T09:16:15.183693,3,15.03,19.79,95.09,208.08,8.39,137.7,100.26,61.07,papaya
2026-02-02T21:16:55.183693,2,17.99,23.13,90.4,218.73,8.15,98.71,64.58,57.56,papaya
2026-02-19T22:43:28.183693,3,29.68,27.35,98.48,217.81,5.33,107.54,117.26,175.02,apple
2026-02-19T17:56:37.183693,1,18.11,28.62,88.52,38.18,8.38,94.97,79.95,73.73,banana
2026-01-31T10:25:58.183693,1,57.15,38.36,60.51,186.38,4.54,69.26,15.95,53.17,coffee
2026-02-02T07:33:49.183693,3,20.3,29.39,95.69,272.92,5.75,52.22,34.64,157.25,apple
2026-02-06T22:05:07.183693,1,43.37,33.97,64.42,172.17,7.22,27.75,55.36,17.85,pigeonpeas
2026-02-01T11:14:16.183693,3,13.75,23.72,97.32,67.16,5.86,53.13,111.69,100.35,apple
2026-02-03T14:41:23.183693,2,41.55,21.34,71.54,222.78,6.05,129.58,128.88,143.96,apple
2026-02-17T04:11:40.183693,2,42.02,23.64,83.82,23.45,8.46,81.02,45.68,191.53,muskmelon
2026-02-16T01:06:18.183693,2,47.27,35.72,45.76,248.99,5.26,31.26,144.97,130.54,grapes
2026-01-28T19:19:38.183693,2,31.11,28.19,65.31,89.65,6.08,111.37,18.81,45.84,coffee
2026-01-24T04:17:54.183693,2,36.41,38.81,77.22,136.86,5.14,124.05,67.13,9.94,cotton
2026-02-02T08:14:19.183693,1,19.38,27.51,49.32,221.48,5.54,91.71,104.08,196.27,banana
2026-01-24T11:16:39.183693,1,47.53,37.85,93.33,119.0,6.03,62.05,35.63,79.01,papaya
2026-02-18T12:38:57.183693,2,11.05,22.83,80.43,217.97,6.0,54.32,8.88,110.7,pomegranate
2026-02-02T16:12:45.183693,3,34.17,21.8,57.5,79.56,6.01,34.54,26.85,131.65,mango
2026-02-18T18:58:18.183693,3,12.32,15.81,74.48,66.53,5.22,110.13,126.8,134.72,grapes
2026-02-18T09:16:53.183693,2,12.95,16.79,67.3,103.32,8.32,51.75,140.57,9.19,pigeonpeas
2026-02-10T19:10:36.183693,3,56.68,17.95,66.42,24.83,5.47,50.59,63.54,39.86,muskmelon
2026-02-09T21:19:30.183693,1,12.36,19.62,39.0,255.33,7.5,101.94,134.88,146.12,grapes
2026-01-28T06:06:06.183693,3,18.28,19.11,62.39,131.27,6.31,82.14,16.64,168.89,coffee
2026-02-12T03:30:06.183693,1,56.43,24.18,59.49,110.58,7.57,38.84,83.43,163.47,apple
2026-02-14T18:48:38.183693,2,31.44,31.09,72.11,3.22,7.61,94.42,28.55,14.75,muskmelon
2026-02-02T10:43:33.183693,3,10.91,19.42,37.32,256.51,6.35,54.82,93.87,115.82,chickpea
2026-02-07T14:50:03.183693,3,44.75,22.91,44.98,3.41,7.28,89.91,34.84,101.0,muskmelon
2026-01-23T16:45:30.183693,3,18.91,16.84,47.72,146.93,8.15,65.18,48.42,77.07,coffee
2026-02-08T01:53:48.183693,3,58.51,33.76,36.46,245.14,5.65,19.1,138.17,177.97,grapes
2026-01-24T16:07:17.183693,2,59.17,31.0,41.63,299.35,8.27,125.9,118.02,45.21,coffee
2026-01-26T17:26:09.183693,3,37.83,31.56,78.35,100.1,5.34,70.52,68.8,158.41,banana
2026-02-14T13:27:26.183693,3,13.01,35.27,97.39,229.43,6.68,63.02,57.19,114.55,papaya
2026-02-08T06:16:03.183693,3,24.92,20.6,91.82,281.5,5.58,99.0,77.73,7.62,orange
2026-02-03T15:21:26.183693,1,23.83,34.38,99.54,294.82,5.29,55.49,77.49,72.51,papaya
2026-01-31T15:28:18.183693,1,15.09,37.97,65.08,174.6,5.51,24.83,25.64,50.86,mango
2026-02-18T07:55:56.183693,3,23.53,31.68,61.37,254.11,5.29,109.52,63.86,197.82,coffee
2026-01-29T06:41:26.183693,2,11.3,21.26,85.07,216.4,8.46,114.27,109.69,31.01,rice
2026-02-02T18:36:42.183693,1,19.98,32.05,36.49,33.1,4.96,74.0,31.09,184.44,grapes
2026-02-09T19:08:03.183693,2,44.43,22.87,54.11,164.93,5.29,11.86,84.81,93.56,pigeonpeas
2026-02-02T06:12:31.183693,2,33.25,24.53,75.27,196.56,4.84,22.22,112.14,50.57,grapes
2026-02-07T12:08:15.183693,3,50.25,29.01,48.89,99.3,5.29,118.19,5.82,65.0,coffee
2026-01-30T14:23:04.183693,3,33.76,15.25,86.19,48.42,5.21,70.57,138.74,99.02,grapes
2026-02-18T16:13:18.183693,1,53.92,29.46,65.94,107.66,5.72,93.47,118.8,195.45,grapes
2026-02-04T01:26:33.183693,1,29.02,39.42,93.94,296.53,6.86,56.72,65.07,32.02,papaya
2026-01-23T19:05:34.183693,3,31.89,36.22,92.19,75.73,7.08,107.25,105.8,151.35,papaya
2026-02-02T19:13:42.183693,1,57.36,20.71,82.34,90.57,6.73,132.29,109.24,64.32,banana
2026-02-15T15:25:07.183693,2,16.25,22.72,43.18,60.66,5.58,68.75,111.43,105.67,grapes
2026-02-05T12:02:37.183693,2,19.9,20.87,49.37,231.26,4.66,139.35,80.73,109.17,banana
2026-02-11T00:30:36.183693,3,35.63,16.75,52.3,298.37,7.18,122.37,46.78,155.1,coffee
2026-02-10T07:33:31.183693,1,24.91,30.15,83.56,275.79,8.48,28.21,12.75,132.3,coconut
2026-02-07T15:43:56.183693,3,55.78,34.51,31.92,298.53,7.65,44.72,17.21,150.94,mango
2026-01-31T17:57:03.183693,1,12.67,34.39,67.58,247.97,7.17,138.99,46.46,14.48,coffee
2026-02-15T03:12:32.183693,2,48.14,16.78,76.68,159.12,6.14,10.29,98.76,14.93,pigeonpeas
2026-02-18T00:01:00.183693,1,14.62,26.52,90.41,165.44,7.9,119.72,105.24,199.78,apple
2026-02-20T09:04:46.183693,3,50.94,15.95,52.48,175.37,4.67,70.17,18.36,135.81,coffee
2026-01-30T12:56:27.183693,1,57.35,33.88,37.48,155.76,8.1,130.31,118.07,192.17,grapes
2026-01-26T22:56:22.183693,1,48.03,17.24,47.22,3.05,8.32,31.31,113.45,154.7,grapes
2026-02-10T23:44:39.183693,1,37.8,21.07,95.71,242.76,7.6,66.93,61.34,51.88,papaya
2026-02-07T00:12:02.183693,2,39.11,18.47,53.82,222.18,7.7,109.46,14.08,33.48,coffee
2026-02-18T06:06:48.183693,2,29.19,39.55,53.95,251.82,4.67,127.49,120.54,157.67,grapes
2026-02-15T17:09:22.183693,1,22.14,18.75,82.81,79.82,6.16,51.81,59.83,37.27,papaya
2026-01-29T21:52:34.183693,1,32.71,16.94,49.37,174.5,4.8,70.58,104.09,8.15,maize
2026-02-17T21:36:12.183693,3,45.09,25.59,40.63,7.7,6.85,72.71,134.68,112.38,muskmelon
2026-02-12T10:50:25.183693,3,42.11,39.93,33.35,182.21,7.6,56.52,106.82,200.93,pigeonpeas
2026-02-07T17:12:06.183693,3,21.48,24.05,59.09,130.72,7.94,41.2,93.44,190.53,apple
2026-01-26T01:38:13.183693,3,10.28,35.85,78.06,155.09,4.81,57.52,19.7,139.59,coconut
2026-02-03T09:28:09.183693,1,26.22,28.45,67.74,82.15,6.82,139.16,139.56,133.55,grapes
2026-01-27T08:04:22.183693,2,23.42,22.31,77.97,24.02,8.3,134.08,93.64,127.87,muskmelon
2026-02-18T21:37:07.183693,3,21.5,28.5,44.0,163.42,6.6,70.81,16.17,147.14,coffee
2026-02-03T21:02:26.183693,2,54.73,34.24,42.58,142.22,4.99,108.57,44.06,74.35,coffee
2026-02-15T19:37:33.183693,3,36.84,36.8,93.71,163.82,5.54,52.11,65.87,29.05,papaya
2026-01-27T21:09:33.183693,3,25.56,18.72,32.52,125.24,5.74,118.75,120.07,105.35,grapes
2026-02-19T14:15:42.183693,3,46.22,18.6,62.09,270.59,7.44,59.39,94.46,149.03,chickpea
2026-01-25T03:14:32.183693,1,59.38,20.99,68.46,153.54,7.03,135.44,51.09,164.77,coffee
2026-02-10T19:57:09.183693,3,48.72,39.27,89.19,5.1,5.77,48.24,133.06,139.51,muskmelon
2026-02-01T12:06:13.183693,3,51.97,35.81,98.98,193.78,4.99,87.84,12.21,161.65,apple
2026-01-25T02:36:01.183693,3,35.99,16.27,50.44,49.43,8.38,72.72,123.12,140.66,grapes
2026-02-01T22:22:35.183693,2,47.66,30.04,69.12,139.37,5.69,137.3,63.74,22.16,coffee
2026-02-04T08:31:49.183693,1,13.87,37.39,32.48,37.4,8.04,32.46,62.35,179.37,grapes
2026-01-23T23:22:52.183693,2,14.62,38.93,99.02,145.78,6.15,23.42,91.48,196.51,papaya
2026-02-13T11:21:39.183693,3,31.11,26.94,98.99,225.51,5.04,105.3,23.09,75.61,watermelon
2026-01-27T20:24:17.183693,2,29.73,21.82,75.08,65.82,7.75,75.46,66.16,77.33,banana
2026-02-15T11:11:24.183693,3,28.19,34.01,60.72,265.21,5.07,59.7,12.03,200.89,coffee
2026-02-13T04:31:41.183693,1,25.44,32.46,88.28,179.41,8.45,136.73,113.51,110.78,banana
2026-02-08T07:55:34.183693,1,43.24,19.09,44.93,173.36,5.67,80.84,8.0,175.76,coffee
2026-02-06T05:48:39.183693,3,40.96,37.32,48.84,22.17,5.54,55.99,16.77,94.97,muskmelon
2026-02-08T22:20:11.183693,1,24.59,17.83,47.55,213.76,6.96,133.26,133.78,55.52,grapes
2026-02-02T16:14:20.183693,3,52.3,23.97,60.46,1.97,8.13,88.42,67.14,40.36,muskmelon
2026-01-29T17:43:16.183693,2,59.66,25.83,73.35,114.13,6.66,67.84,91.61,140.77,banana
2026-01-27T12:58:58.183693,3,26.25,27.31,86.78,228.45,7.24,14.17,36.49,114.78,papaya
2026-02-17T05:15:47.183693,1,32.53,31.52,43.68,258.62,5.23,25.13,61.18,51.47,pigeonpeas
2026-02-07T01:09:55.183693,1,48.89,23.18,31.57,26.2,8.47,124.19,98.54,138.41,muskmelon
2026-02-10T23:31:33.183693,3,22.93,34.61,71.83,132.16,5.3,111.49,111.62,86.93,banana
2026-01-21T10:53:50.183693,1,56.4,21.88,64.3,168.08,5.42,89.07,100.32,45.84,banana
2026-01-24T15:03:08.183693,3,29.9,26.2,58.37,95.64,6.63,120.67,50.64,69.14,coffee
2026-02-04T06:07:19.183693,3,15.47,35.13,44.72,55.78,8.45,113.27,132.47,162.91,grapes
2026-01-23T03:17:40.183693,1,10.2,21.52,33.92,278.0,7.53,56.49,96.82,45.85,pigeonpeas
2026-02-12T03:43:01.183693,2,46.83,37.81,44.81,293.8,4.66,45.4,30.77,145.52,mango
2026-02-05T15:09:12.183693,3,48.83,20.23,76.22,88.39,7.18,56.77,56.05,168.64,grapes
2026-02-11T14:29:47.183693,1,10.32,37.67,72.74,101.73,4.77,43.73,39.33,43.27,mango
2026-02-04T11:43:23.183693,2,17.06,30.25,30.5,8.23,5.3,60.39,135.96,51.03,muskmelon
2026-02-03T18:02:40.183693,1,27.86,25.08,73.68,228.72,7.07,131.19,28.14,174.8,apple
2026-02-02T08:04:23.183693,2,17.56,17.29,31.7,62.79,7.45,101.43,7.11,11.72,maize
2026-02-02T05:38:39.183693,3,10.67,18.99,86.97,205.38,7.37,98.81,82.88,22.35,cotton
2026-02-14T08:02:30.183693,2,37.56,30.34,38.46,188.31,6.9,25.35,141.34,184.2,grapes
2026-01-26T02:59:29.183693,3,33.76,39.52,61.5,214.64,6.73,98.41,144.37,56.65,banana
2026-01-26T00:25:26.183693,1,43.75,38.48,31.43,164.99,6.37,62.94,74.83,79.89,chickpea
2026-01-26T03:44:51.183693,3,50.88,35.37,98.88,158.26,4.88,22.37,40.2,129.78,papaya
2026-01-31T02:26:17.183693,2,10.41,22.54,41.45,276.63,5.87,67.17,6.94,57.28,coffee
2026-02-02T10:20:50.183693,2,25.83,29.68,60.11,83.75,5.72,24.2,67.4,161.79,grapes
2026-02-04T04:00:54.183693,3,39.38,26.59,34.63,280.97,7.02,123.43,30.21,129.32,coffee
2026-01-30T00:04:17.183693,3,12.44,16.07,49.04,124.23,5.27,115.22,34.01,94.3,coffee
2026-01-23T05:32:59.183693,3,38.95,26.78,82.18,62.55,6.03,49.68,130.83,131.13,grapes
2026-01-24T20:24:45.183693,1,33.26,27.44,93.35,148.6,4.65,32.29,11.86,5.81,orange
2026-01-26T15:50:32.183693,3,12.94,36.14,90.31,57.26,5.69,24.24,112.58,162.25,grapes
2026-02-10T03:52:15.183693,3,17.43,25.2,40.61,215.66,7.35,51.3,138.27,112.23,grapes
2026-02-16T21:17:26.183693,1,22.69,19.21,99.23,284.89,5.01,90.37,70.34,45.25,rice
2026-02-02T13:42:27.183693,3,23.35,22.6,64.89,101.3,5.44,32.62,74.84,96.54,chickpea
2026-02-16T17:48:00.183693,1,42.15,25.28,97.49,26.66,5.04,92.61,120.88,76.16,muskmelon
2026-01-30T17:10:20.183693,3,59.33,34.85,77.2,4.19,4.81,134.24,47.98,57.13,muskmelon
2026-02-14T14:59:43.183693,1,25.25,20.9,35.21,153.5,5.39,18.88,104.72,148.26,grapes
2026-01-25T01:49:23.183693,3,58.95,32.17,86.06,80.32,6.81,130.41,6.72,114.9,watermelon
2026-02-14T07:05:20.183693,3,56.53,27.96,92.14,185.05,6.17,117.81,139.65,134.69,apple
2026-02-04T13:43:22.183693,1,48.66,36.23,49.8,147.76,5.62,120.06,49.95,141.42,coffee
2026-01-27T19:06:54.183693,3,18.57,19.01,69.7,163.44,6.78,55.77,44.96,6.03,pigeonpeas
2026-01-26T09:33:48.183693,1,59.11,30.93,84.46,299.17,4.57,50.04,101.81,189.59,grapes
2026-01-23T14:27:37.183693,3,28.71,22.02,94.71,33.4,7.76,134.9,116.24,32.84,papaya
2026-02-03T10:53:10.183693,2,50.34,24.75,63.23,187.68,6.27,91.77,61.35,200.47,coffee
2026-02-04T08:36:34.183693,2,33.49,15.96,42.99,135.64,6.22,50.33,66.28,94.73,chickpea
2026-02-13T09:21:21.183693,1,55.44,34.28,89.23,263.72,8.22,115.05,107.95,143.59,apple
2026-02-05T23:08:05.183693,2,25.59,28.21,79.59,189.51,7.18,107.39,62.5,65.2,jute
2026-02-05T10:06:40.183693,1,26.35,28.42,98.38,257.11,7.93,131.48,64.63,154.41,papaya
2026-01-21T09:44:41.183693,3,15.37,29.3,91.86,46.2,5.62,112.98,49.81,96.69,papaya
2026-02-07T22:17:40.183693,1,48.77,15.14,64.61,296.78,7.86,106.92,25.3,88.68,coffee
2026-02-19T17:37:20.183693,1,19.6,34.19,70.36,105.54,7.47,23.43,102.23,102.13,chickpea
2026-02-09T22:45:49.183693,1,43.24,15.35,76.25,120.94,4.82,107.17,138.31,150.07,grapes
2026-01-26T05:49:41.183693,1,46.15,26.77,82.51,211.93,8.43,47.83,59.59,37.63,papaya
2026-02-02T05:53:48.183693,3,28.7,36.21,77.15,220.6,8.34,57.7,51.57,136.35,papaya
2026-02-05T13:40:59.183693,1,40.29,28.69,84.43,181.75,5.81,101.95,120.89,122.22,banana
2026-02-04T19:24:40.183693,1,29.33,30.44,67.82,63.33,5.16,84.62,27.38,99.93,coffee
2026-01-30T13:25:21.183693,3,48.49,21.55,58.6,278.99,7.06,93.59,28.41,33.0,coffee
2026-01-28T06:02:08.183693,3,39.31,27.12,43.15,268.23,4.75,36.43,114.14,67.75,pigeonpeas
2026-02-08T03:16:26.183693,3,58.9,24.53,71.59,58.46,5.78,92.62,78.17,179.49,grapes
2026-02-17T21:52:55.183693,1,55.41,26.32,76.54,27.47,5.81,109.22,131.8,157.22,grapes
2026-02-15T11:02:42.183693,1,12.44,16.12,54.13,88.66,6.68,91.11,91.96,7.92,maize
2026-02-06T10:25:47.183693,3,35.36,27.82,74.11,80.64,5.84,88.89,136.22,48.1,banana
2026-01-22T12:26:30.183693,3,56.11,17.03,33.81,264.76,5.95,112.73,111.86,175.65,grapes
2026-02-13T03:47:41.183693,1,39.19,27.03,71.77,182.32,4.89,103.66,91.9,18.95,banana
2026-01-31T20:41:41.183693,3,27.01,15.44,43.36,49.55,7.65,91.1,74.73,147.17,grapes
2026-02-20T02:07:00.183693,1,42.04,21.02,59.39,195.83,7.58,31.98,90.57,18.16,pigeonpeas
2026-02-01T05:27:48.183693,1,54.66,23.22,92.23,46.13,5.5,22.52,64.88,200.9,papaya
2026-02-01T19:11:38.183693,3,29.97,23.1,44.76,175.46,5.69,87.35,100.57,34.96,coffee
2026-02-13T16:20:46.183693,2,44.12,15.61,69.67,104.16,5.53,72.07,139.46,162.44,grapes
2026-02-08T21:50:38.183693,1,28.35,20.28,63.08,185.08,7.53,139.16,11.7,195.62,coffee
2026-02-05T08:15:02.183693,3,11.78,25.26,94.56,174.81,7.12,23.51,131.49,174.33,apple
2026-01-23T00:21:30.183693,1,39.1,18.44,88.4,99.59,5.53,54.58,55.61,140.25,apple
2026-02-04T21:22:34.183693,1,26.87,29.39,75.84,58.13,4.87,28.4,93.26,40.25,papaya
2026-02-09T19:34:20.183693,3,41.16,29.98,86.94,297.97,6.68,70.64,67.16,66.05,papaya
2026-02-04T00:46:32.183693,2,11.95,38.07,43.36,71.7,5.08,18.67,43.1,13.78,mothbeans
2026-02-04T19:58:04.183693,3,51.75,27.52,31.88,263.81,6.53,90.27,109.6,139.35,grapes
2026-02-19T12:20:08.183693,2,42.02,34.78,84.86,257.1,7.2,80.63,47.85,79.32,rice
2026-01-24T18:39:15.183693,1,48.49,34.78,68.96,253.03,5.02,11.41,50.16,101.76,pigeonpeas
2026-02-07T01:30:33.183693,3,51.03,23.43,95.2,118.76,6.61,94.99,8.89,141.31,apple
2026-01-23T18:52:58.183693,1,59.54,19.01,79.19,212.2,6.98,138.34,106.87,34.79,rice
2026-01-27T10:21:13.183693,3,12.93,19.82,37.52,10.73,7.66,57.51,94.11,72.86,muskmelon
2026-02-13T18:04:23.183693,2,12.43,34.95,51.78,162.42,4.94,61.49,85.35,138.61,banana
2026-02-17T05:17:28.183693,1,18.69,31.63,80.13,113.82,6.44,100.33,133.44,183.5,grapes
2026-02-12T14:36:07.183693,1,29.5,33.36,57.51,48.68,7.24,57.45,72.72,136.17,mothbeans
2026-02-10T22:16:23.183693,2,12.05,16.49,49.69,69.9,5.48,70.06,126.39,199.01,grapes
2026-02-08T04:31:33.183693,2,18.34,21.05,47.85,273.85,7.34,111.29,83.48,145.83,coffee
2026-02-10T14:20:50.183693,2,38.25,16.84,80.9,74.74,7.25,22.4,118.56,56.26,grapes
2026-01-24T14:14:05.183693,3,35.86,20.22,77.16,140.25,8.03,68.62,91.91,132.72,banana
2026-01-26T01:24:04.183693,1,58.71,26.68,49.39,73.37,4.84,39.91,50.55,26.06,mothbeans
2026-02-09T09:06:50.183693,2,37.31,22.7,47.02,46.83,7.63,16.09,103.99,56.54,mothbeans
2026-01-23T14:27:15.183693,2,34.14,29.25,86.12,201.7,7.92,96.87,17.09,115.98,watermelon
2026-01-27T00:06:26.183693,3,40.98,15.52,80.7,168.14,5.53,15.69,122.52,96.75,grapes
2026-01-24T12:29:44.183693,2,34.28,15.94,90.86,119.54,7.05,100.26,88.8,37.61,banana
2026-02-06T01:47:49.183693,2,26.32,19.17,36.63,167.79,6.39,60.03,34.72,171.63,coffee
2026-02-16T23:21:00.183693,1,57.3,30.83,84.39,182.57,6.66,11.33,92.83,81.94,papaya
2026-02-13T05:42:53.183693,3,29.25,16.94,57.58,84.81,6.09,62.75,108.51,10.86,maize
2026-02-19T04:27:33.183693,1,33.5,27.73,96.46,191.14,5.75,53.76,5.06,175.0,coconut
2026-02-10T18:21:59.183693,3,10.17,24.18,55.85,293.61,6.8,85.62,136.23,166.79,apple
2026-02-19T06:05:43.183693,1,42.82,21.56,80.49,79.7,5.89,52.61,70.73,56.21,papaya
2026-02-05T04:18:57.183693,1,13.64,36.26,54.65,242.49,6.41,102.81,95.61,46.07,banana
2026-01-29T06:36:03.183693,3,57.99,28.81,89.16,230.27,6.54,50.01,135.11,40.49,papaya
2026-02-19T00:52:37.183693,2,35.53,36.89,63.56,239.61,5.71,39.38,13.51,82.53,mango
2026-02-01T23:30:21.183693,3,38.5,34.62,79.24,107.76,7.28,67.43,67.24,76.08,banana
2026-01-23T21:52:49.183693,2,33.84,16.83,68.12,24.05,7.75,31.7,134.52,30.43,muskmelon
2026-01-28T00:14:51.183693,2,19.68,34.82,66.44,120.1,6.53,75.42,12.73,28.98,coffee
2026-02-10T07:38:00.183693,2,28.18,36.66,97.73,292.44,5.63,27.31,10.12,193.21,coconut
2026-01-23T19:21:58.183693,1,54.03,15.93,82.43,191.5,5.09,12.86,78.67,77.41,papaya
2026-01-24T19:55:41.183693,3,32.2,37.52,61.83,106.07,6.97,61.12,61.11,80.95,chickpea
2026-02-16T18:37:50.183693,2,36.9,32.97,86.81,176.81,7.58,49.21,40.01,100.2,papaya
2026-01-29T10:50:49.183693,1,17.68,32.95,99.65,214.96,7.17,108.17,94.85,169.52,papaya
2026-02-01T23:55:26.183693,1,27.25,23.06,83.18,146.48,5.55,27.89,68.91,178.84,apple
2026-02-02T01:25:29.183693,1,44.83,17.42,83.29,209.91,4.8,128.46,71.01,165.26,banana
2026-02-09T20:02:34.183693,1,16.77,32.12,73.94,234.17,5.67,103.16,123.81,21.39,banana
2026-02-07T19:31:14.183693,3,39.84,15.82,96.03,226.13,6.94,31.22,120.41,86.35,apple
2026-02-12T16:01:30.183693,1,32.53,33.7,50.38,76.05,5.54,66.3,85.82,88.68,banana
2026-02-14T14:43:58.183693,3,22.18,21.83,82.79,198.38,5.34,46.14,131.04,188.27,apple
2026-01-31T21:56:33.183693,3,48.51,32.09,88.43,151.05,6.49,12.74,140.45,7.79,orange
2026-01-29T16:08:44.183693,3,23.53,25.76,64.62,116.54,8.23,51.97,112.01,127.94,grapes
2026-02-12T16:54:08.183693,1,43.43,30.27,79.42,59.16,7.37,131.43,83.75,123.83,banana
2026-02-16T15:18:59.183693,1,43.09,24.4,83.48,141.16,7.27,110.56,125.76,142.28,grapes
2026-02-11T05:11:04.183693,3,35.63,22.29,84.05,10.13,4.69,85.09,17.47,148.12,muskmelon
2026-02-11T16:26:55.183693,3,56.07,34.22,60.18,288.68,7.28,87.22,103.83,160.24,banana
2026-02-09T16:07:32.183693,2,24.58,15.46,38.46,288.42,6.09,92.51,79.72,114.07,chickpea
2026-02-19T21:58:36.183693,3,46.17,29.11,87.44,10.85,4.74,40.89,45.57,144.18,muskmelon
2026-01-31T21:02:21.183693,2,47.14,16.15,94.82,65.51,4.84,40.97,133.19,6.19,orange
2026-02-12T16:40:40.183693,1,38.11,28.96,90.47,250.18,4.56,20.52,115.51,40.7,apple
2026-02-16T23:02:45.183693,1,19.29,21.45,93.36,13.71,5.07,35.38,90.98,184.99,muskmelon
2026-02-03T23:12:27.183693,1,55.11,39.14,34.43,227.04,7.95,34.77,46.13,118.82,mango
2026-02-07T16:19:26.183693,1,13.73,26.82,74.78,25.93,5.81,40.63,143.09,92.55,muskmelon
2026-02-05T16:45:42.183693,3,22.3,34.45,77.86,221.29,7.04,48.79,103.82,79.32,papaya
2026-01-29T15:56:58.183693,1,47.37,25.25,77.82,40.01,4.65,77.63,72.67,111.38,banana
2026-02-16T04:20:29.183693,2,36.91,17.72,88.09,157.58,6.04,80.57,130.66,80.13,apple
2026-02-08T08:04:38.183693,3,31.41,38.76,77.95,196.83,5.17,106.09,124.48,48.25,banana
2026-02-05T15:16:45.183693,2,57.81,31.28,73.1,219.12,5.37,87.21,73.34,31.98,banana
2026-01-23T16:20:13.183693,1,58.96,35.94,76.35,70.08,6.75,42.74,60.17,124.42,papaya
2026-02-01T21:46:51.183693,3,43.99,29.04,60.49,35.92,5.59,118.31,74.44,192.45,grapes
2026-02-05T17:40:13.183693,2,20.17,20.84,68.41,18.52,4.71,67.05,42.08,55.36,muskmelon
2026-01-22T14:25:35.183693,2,35.33,25.53,72.4,150.89,5.62,125.9,114.04,60.08,banana
2026-02-08T23:44:25.183693,1,14.99,25.51,51.64,34.17,5.34,24.7,76.8,27.32,mothbeans
2026-02-19T13:58:58.183693,1,42.77,38.55,53.93,14.48,4.97,13.75,35.09,88.32,muskmelon
2026-02-12T14:51:18.183693,2,44.6,18.16,73.9,214.9,7.57,61.23,115.89,204.76,grapes
2026-02-03T19:21:36.183693,1,55.96,35.89,46.69,155.42,7.38,105.02,82.77,146.35,coffee
2026-01-21T20:58:13.183693,3,33.13,18.15,85.01,16.45,6.78,50.73,59.7,57.72,muskmelon
2026-02-14T18:50:28.183693,1,37.13,38.87,49.32,58.8,6.49,100.8,96.62,92.38,banana
2026-02-16T13:13:34.183693,2,30.17,24.92,71.52,100.85,7.03,88.82,5.42,116.34,watermelon
2026-02-12T07:57:00.183693,3,31.05,17.29,68.29,149.98,4.98,25.87,77.04,77.82,pigeonpeas
2026-02-12T23:03:13.183693,3,47.95,20.7,64.79,59.42,4.61,59.31,114.28,55.53,grapes
2026-02-10T13:51:32.183693,3,20.91,30.77,93.58,251.57,7.39,50.85,6.38,99.06,coconut
2026-01-28T17:12:30.183693,2,11.75,27.62,73.5,251.16,5.23,59.33,81.32,162.75,grapes
2026-02-14T16:39:19.183693,2,51.03,33.78,34.76,135.74,4.9,35.88,93.35,177.0,pigeonpeas
2026-02-11T22:36:14.183693,1,21.17,30.87,73.2,276.87,7.43,135.0,121.1,158.29,grapes
2026-02-08T14:46:22.183693,2,52.9,17.45,67.49,297.59,7.06,40.36,134.83,50.67,pigeonpeas
2026-02-10T10:01:30.183693,2,46.44,36.32,83.66,77.16,4.68,87.54,86.75,62.04,banana
2026-01-24T04:45:53.183693,1,16.1,31.28,87.41,237.0,8.23,37.02,51.22,173.54,papaya
2026-02-06T14:18:01.183693,2,56.58,31.1,95.47,4.67,5.58,45.99,23.72,129.31,muskmelon
2026-01-21T09:13:31.183693,3,23.85,31.36,71.31,221.82,8.14,128.34,23.76,129.49,coffee
2026-01-31T23:43:29.183693,3,14.48,38.37,33.57,181.43,4.84,30.16,98.44,169.36,pigeonpeas
2026-01-27T02:57:34.183693,1,52.99,29.9,82.49,240.17,5.58,73.81,42.51,99.83,rice
2026-02-01T14:22:32.183693,3,34.58,30.75,91.12,130.39,6.97,98.37,27.81,167.24,papaya
2026-02-17T01:38:30.183693,3,47.45,36.45,64.51,217.14,5.31,67.61,103.77,155.95,banana
2026-02-07T13:53:02.183693,1,42.55,37.85,45.1,216.96,7.27,74.46,86.01,161.39,coffee
2026-01-23T21:27:22.183693,2,56.98,27.51,63.31,61.0,8.33,60.46,79.72,135.95,chickpea
2026-02-08T19:15:14.183693,2,56.17,19.79,51.28,78.61,6.95,85.4,57.78,97.5,maize
2026-02-08T05:11:25.183693,2,52.77,17.99,75.16,269.55,6.92,51.64,108.3,43.39,grapes
2026-02-08T07:09:43.183693,1,55.14,20.01,51.99,151.43,7.72,125.41,134.11,21.79,coffee
2026-02-08T17:58:52.183693,3,36.7,18.38,38.21,289.38,6.84,112.27,109.53,90.36,grapes
2026-02-17T02:24:35.183693,1,25.65,39.16,63.17,45.47,6.26,26.68,25.83,196.63,grapes
2026-02-01T22:11:06.183693,3,58.71,33.68,82.74,237.86,7.25,65.01,141.61,167.09,grapes
2026-01-22T06:01:42.183693,1,31.75,35.36,36.94,165.75,6.94,12.1,26.53,46.48,mango
2026-02-03T07:49:58.183693,2,36.25,28.76,50.76,222.22,6.93,71.04,89.47,137.04,coffee
2026-02-05T06:25:36.183693,3,57.88,35.45,92.58,52.47,5.46,24.28,44.96,16.33,mungbean
2026-02-01T05:52:02.183693,2,22.35,25.28,84.35,205.98,7.96,125.4,72.56,167.46,banana
2026-02-19T12:40:03.183693,3,38.26,15.18,94.16,207.62,5.72,39.64,9.02,51.31,pomegranate
2026-02-10T20:09:02.183693,1,39.12,37.12,66.28,55.45,6.33,81.2,34.01,22.43,maize
2026-02-14T17:35:13.183693,2,41.38,27.72,62.82,267.27,5.0,74.32,120.24,192.69,grapes
2026-02-16T21:06:57.183693,1,45.29,27.98,50.59,111.23,8.23,133.69,46.58,114.4,coffee
2026-01-31T02:58:22.183693,3,44.71,23.39,56.92,90.06,8.17,97.97,133.68,113.57,banana
2026-01-31T03:42:40.183693,3,11.4,39.79,80.32,10.46,7.97,16.95,79.93,107.49,muskmelon
2026-02-01T04:10:29.183693,1,30.87,39.58,78.29,170.6,7.63,12.48,30.49,141.94,grapes
2026-02-06T13:56:00.183693,3,17.55,16.43,82.65,145.82,5.47,90.22,22.4,83.45,rice
2026-02-16T12:10:10.183693,2,21.32,24.31,40.83,136.46,6.71,39.41,99.56,192.13,apple
2026-02-12T11:01:22.183693,1,23.03,36.11,82.08,58.46,7.07,26.76,88.53,45.29,papaya
2026-01-24T19:31:06.183693,1,18.25,27.61,56.68,215.44,7.95,23.78,58.22,203.94,grapes
2026-02-01T12:02:40.183693,3,32.62,32.69,32.55,2.0,6.38,11.92,43.4,19.89,mothbeans
2026-02-18T12:57:52.183693,3,52.11,28.21,47.76,18.83,4.74,13.79,108.86,160.68,grapes
2026-02-06T10:59:35.183693,1,31.07,27.43,45.03,50.75,4.9,124.92,55.56,105.4,chickpea
2026-02-01T08:48:56.183693,3,16.58,31.4,86.67,47.99,6.08,44.43,139.05,188.9,grapes
2026-02-07T22:23:19.183693,3,38.99,22.49,72.43,129.07,8.44,47.78,8.84,196.0,apple
2026-02-18T20:47:13.183693,1,57.92,17.72,55.35,152.82,4.84,32.08,135.79,97.7,pigeonpeas
2026-01-23T04:21:38.183693,1,38.68,25.42,31.32,38.17,7.57,50.81,119.93,163.33,grapes
2026-01-30T20:03:45.183693,2,11.69,39.48,60.67,186.28,7.66,90.17,57.51,20.14,coffee
2026-01-21T17:14:58.183693,3,45.31,36.27,80.38,20.05,6.31,128.51,126.15,49.45,muskmelon
2026-02-16T04:03:53.183693,1,31.95,23.31,64.27,208.18,7.88,41.59,36.08,87.91,chickpea
2026-01-28T06:41:02.183693,1,17.82,30.02,56.97,65.89,4.68,98.06,69.24,57.22,banana
2026-02-03T14:34:10.183693,3,45.93,36.67,49.76,268.0,4.72,89.18,58.94,198.22,coffee
2026-02-10T06:10:00.183693,2,57.94,25.67,64.06,40.69,6.47,109.32,46.08,192.82,grapes
2026-01-22T13:16:30.183693,2,33.08,36.12,73.19,244.15,6.77,43.07,40.41,24.12,pigeonpeas
2026-02-13T22:36:57.183693,2,54.67,16.33,68.35,63.17,8.0,100.56,112.71,48.48,grapes
2026-02-19T07:20:34.183693,2,50.39,19.84,81.51,249.35,5.86,135.93,23.52,57.24,rice
2026-01-30T23:14:48.183693,1,30.17,18.05,67.34,257.83,8.47,110.59,61.69,34.58,coffee
2026-01-22T21:19:45.183693,1,52.98,32.01,48.22,222.28,7.95,59.77,105.81,150.39,chickpea
2026-02-04T04:02:09.183693,3,52.59,29.43,77.68,201.6,5.8,77.97,42.66,170.41,banana
2026-01-23T21:25:41.183693,1,17.75,23.93,54.27,194.84,7.36,93.82,56.7,52.28,jute
2026-02-06T22:53:39.183693,3,55.14,16.67,84.26,257.82,8.46,115.59,137.3,41.6,rice
2026-02-08T01:58:03.183693,2,57.14,19.46,58.62,30.32,7.05,22.17,123.96,32.27,muskmelon
2026-02-16T22:17:55.183693,1,39.14,24.82,50.53,255.61,7.26,58.89,43.94,65.73,chickpea
2026-02-15T12:24:09.183693,1,19.36,36.5,78.02,239.01,6.15,99.17,131.64,126.49,banana
2026-01-25T03:47:52.183693,3,16.79,34.51,72.88,278.77,5.17,15.5,97.16,120.52,pigeonpeas
2026-02-17T08:39:41.183693,2,13.04,16.76,68.27,235.08,5.35,112.43,103.82,145.93,banana
2026-02-09T03:44:13.183693,1,50.6,28.49,98.63,279.3,6.34,55.6,70.65,115.32,papaya
2026-02-15T13:00:46.183693,2,16.21,16.57,58.17,296.62,4.65,37.28,137.26,14.23,pigeonpeas
2026-01-25T10:03:03.183693,1,31.75,15.16,55.76,270.61,6.4,112.24,53.43,113.36,coffee
2026-02-01T11:02:37.183693,1,32.11,28.74,85.35,281.24,8.2,21.78,47.85,133.65,papaya
2026-02-09T04:22:15.183693,2,18.37,28.51,35.91,168.51,7.73,111.68,71.52,134.45,coffee
2026-02-02T07:44:03.183693,1,27.73,15.43,75.04,249.24,4.61,119.0,10.33,130.51,rice
2026-01-26T07:53:22.183693,3,31.02,25.04,33.52,62.62,8.32,124.07,37.98,165.28,grapes
2026-02-10T10:07:30.183693,2,29.3,31.1,59.19,280.33,8.42,35.23,39.38,155.73,mango
2026-02-19T01:38:12.183693,2,48.58,36.94,59.04,240.74,8.39,89.32,131.51,172.73,grapes
2026-02-04T21:15:54.183693,1,21.44,39.98,30.26,167.95,5.86,43.91,116.38,188.19,grapes
2026-02-16T21:25:28.183693,1,27.73,28.18,70.35,295.0,6.72,139.21,44.08,162.44,coffee
2026-02-05T16:57:04.183693,3,20.56,24.45,31.36,186.25,6.42,124.55,144.61,68.24,coffee
2026-01-24T08:34:11.183693,1,10.58,28.13,86.91,39.49,7.06,78.71,138.37,111.46,grapes
2026-02-13T07:36:36.183693,3,56.39,30.57,80.87,225.21,6.38,126.67,90.77,62.98,banana
2026-02-12T01:16:06.183693,2,32.65,27.22,44.76,259.74,4.63,65.6,115.87,184.33,grapes
2026-02-17T04:11:07.183693,1,25.75,32.67,93.32,283.43,4.83,74.88,126.64,40.5,papaya
2026-01-26T04:48:01.183693,1,35.26,33.12,65.15,274.7,7.22,83.38,58.01,199.45,coffee
2026-02-05T19:47:44.183693,1,10.73,34.06,50.63,137.07,5.92,108.68,66.59,181.96,coffee
2026-02-18T13:34:09.183693,1,49.71,29.63,97.43,256.18,7.79,17.25,28.81,28.26,coconut
2026-02-05T21:53:10.183693,2,27.57,32.86,43.9,176.39,6.14,27.72,116.51,155.89,grapes
2026-02-01T10:35:59.183693,1,20.2,24.42,62.31,96.07,6.45,110.55,116.58,63.92,banana
2026-02-09T09:35:21.183693,2,15.97,32.55,38.96,170.15,7.69,13.99,117.81,105.09,pigeonpeas
2026-02-10T21:34:04.183693,2,51.06,18.01,81.64,125.97,6.39,92.48,38.05,110.74,rice
2026-01-29T00:34:58.183693,3,11.16,29.69,79.97,113.91,8.26,115.92,137.47,161.27,grapes
2026-02-05T09:26:20.183693,1,32.88,15.43,91.38,115.77,6.19,131.02,121.88,81.0,apple
2026-01-22T17:02:09.183693,2,35.08,28.62,63.32,173.48,4.51,21.64,20.38,168.15,mango
2026-02-19T16:36:53.183693,3,57.28,32.79,41.43,42.12,5.46,111.96,36.69,96.72,coffee
2026-02-19T06:45:25.183693,3,26.77,29.27,87.31,149.8,6.02,31.96,36.14,75.51,coconut
2026-01-21T17:30:17.183693,3,39.85,23.16,42.81,153.87,4.94,81.47,33.84,20.78,coffee
2026-02-04T18:15:07.183693,1,54.08,38.0,59.36,174.43,5.84,44.21,56.92,146.6,pigeonpeas
2026-01-31T20:30:15.183693,2,19.2,19.93,85.47,222.69,6.02,125.13,23.66,36.17,rice
2026-01-31T04:40:08.183693,1,56.31,19.78,38.09,136.02,8.43,97.95,70.44,123.82,coffee
2026-02-15T17:01:36.183693,2,58.27,31.64,74.43,284.09,7.48,119.49,99.84,180.47,banana
2026-01-25T14:31:55.183693,1,19.52,15.25,47.38,157.87,7.84,24.29,91.72,113.63,chickpea
2026-01-22T14:35:32.183693,3,16.71,27.6,57.53,130.78,8.07,56.36,34.15,126.92,mango
2026-02-05T07:53:59.183693,3,41.1,34.23,31.09,180.81,8.11,50.06,119.23,183.06,grapes
2026-01-22T19:53:05.183693,3,23.43,34.97,37.77,53.61,4.71,46.55,48.15,71.97,mothbeans
2026-02-03T01:41:15.183693,1,15.78,18.12,47.84,160.7,5.01,74.57,36.69,69.82,coffee
2026-02-02T16:26:47.183693,1,21.56,32.83,96.58,59.99,6.47,29.66,87.17,48.29,papaya
2026-02-10T18:32:14.183693,1,11.7,35.21,35.49,292.54,5.33,80.94,49.65,134.05,coffee
2026-02-04T18:51:42.183693,1,58.76,29.16,72.68,20.81,8.29,100.64,122.96,10.04,muskmelon
2026-02-15T16:59:42.183693,1,30.28,30.49,82.54,76.15,7.76,87.93,33.4,143.4,grapes
2026-01-22T19:05:10.183693,3,41.7,20.07,32.55,139.78,4.71,131.34,56.56,94.72,coffee
2026-01-30T18:34:31.183693,3,12.59,20.15,52.12,70.02,7.9,28.13,25.31,164.2,grapes
2026-02-17T21:29:36.183693,3,22.46,26.86,71.37,107.95,8.32,21.1,14.37,159.36,grapes
2026-01-26T04:12:56.183693,1,17.19,23.62,45.78,276.75,6.99,69.82,75.55,176.44,chickpea
2026-01-22T04:42:12.183693,1,46.05,34.98,83.24,154.11,5.16,39.8,113.44,16.56,pigeonpeas
2026-02-15T23:02:40.183693,2,33.12,26.83,93.23,121.49,6.4,95.14,134.65,74.82,apple
2026-02-02T17:35:12.183693,1,42.68,36.95,30.2,99.6,7.76,38.56,66.04,106.94,chickpea
2026-01-31T08:42:28.183693,2,50.4,18.31,32.33,217.72,7.22,125.82,62.71,15.25,coffee
2026-02-18T02:31:32.183693,3,47.24,39.25,34.7,193.95,6.32,79.56,130.12,133.8,grapes
2026-02-19T20:03:18.183693,1,26.68,34.86,79.67,184.17,5.56,65.16,92.28,110.86,banana
2026-01-30T11:49:00.183693,3,28.41,19.63,94.52,269.51,7.23,77.72,137.37,185.03,apple
2026-01-25T14:15:58.183693,1,12.28,16.32,70.88,192.08,7.75,127.08,108.14,93.17,grapes
2026-02-15T23:39:20.183693,1,32.91,20.5,44.56,12.73,8.01,78.02,6.11,183.24,muskmelon
2026-02-02T04:24:53.183693,1,25.93,18.56,39.83,109.57,5.36,135.74,48.01,87.81,maize
2026-02-16T12:05:20.183693,2,23.66,27.19,93.78,49.58,7.19,26.97,126.49,174.45,grapes
2026-01-26T15:26:45.183693,3,33.38,26.9,62.02,203.46,5.99,136.54,15.8,81.91,coffee
2026-01-29T10:37:41.183693,1,25.65,36.96,80.31,163.29,5.16,58.65,113.14,189.06,grapes
2026-02-07T20:12:44.183693,1,41.33,21.37,90.64,8.31,6.75,59.53,120.29,9.58,muskmelon
2026-01-26T05:00:26.183693,3,56.49,21.86,46.84,291.25,5.69,84.99,138.6,34.29,coffee
2026-02-17T11:22:03.183693,3,21.68,30.77,38.6,192.49,7.92,54.94,116.65,172.56,grapes
2026-02-14T03:28:14.183693,3,21.95,23.69,36.52,89.01,7.24,28.14,89.84,107.01,chickpea
2026-01-27T17:33:22.183693,3,58.22,21.17,84.15,56.2,7.38,24.77,22.88,187.13,grapes
2026-02-08T12:02:40.183693,2,38.31,31.94,77.58,173.26,4.85,45.3,94.76,80.44,papaya
2026-02-16T19:51:16.183693,2,30.3,39.78,67.56,135.07,7.48,113.24,24.57,13.26,coffee
2026-01-26T13:55:24.183693,1,59.83,19.34,58.94,117.73,5.09,109.75,120.44,84.41,banana
2026-01-27T03:35:00.183693,2,57.69,30.22,88.11,117.54,6.57,66.19,75.18,19.0,banana
2026-02-08T15:27:49.183693,1,34.37,23.57,42.42,7.34,8.24,100.55,67.06,173.47,muskmelon
2026-01-27T00:28:52.183693,1,46.8,39.49,36.46,11.66,6.72,98.66,13.83,114.15,muskmelon
2026-02-04T15:12:09.183693,3,38.71,37.18,65.96,161.61,7.29,124.74,15.1,176.6,coffee
2026-02-09T20:55:23.183693,2,32.0,32.29,84.48,166.73,4.97,115.54,24.43,114.8,banana
2026-02-14T20:38:21.183693,1,53.05,24.11,98.85,244.16,7.5,33.05,19.04,15.13,orange
2026-02-19T11:03:42.183693,1,37.25,18.51,62.68,65.18,6.97,47.01,94.02,107.99,chickpea
2026-01-28T22:35:27.183693,1,22.37,38.96,93.84,285.15,4.94,34.52,49.14,75.26,papaya
2026-01-31T17:09:53.183693,3,46.92,35.99,49.88,280.67,6.06,63.75,73.7,72.75,banana
2026-02-17T11:56:26.183693,2,51.74,37.2,71.22,146.82,5.53,89.5,16.77,6.48,coffee
2026-01-24T14:58:20.183693,2,21.16,34.96,47.68,245.88,6.46,24.56,88.73,152.64,pigeonpeas
2026-01-21T14:19:58.183693,2,32.47,32.14,72.14,141.34,8.3,88.55,86.29,192.61,banana
2026-01-27T01:57:07.183693,3,52.37,15.55,36.41,246.96,5.85,122.96,143.62,87.83,grapes
2026-02-17T04:27:45.183693,3,48.42,25.13,85.42,11.87,8.45,27.4,123.2,148.76,grapes
2026-02-19T11:13:48.183693,3,48.25,36.04,49.42,236.54,6.75,102.49,63.38,183.79,coffee
2026-02-17T15:06:09.183693,3,35.27,19.16,61.25,63.33,5.09,58.58,51.84,183.74,grapes
2026-02-15T15:18:55.183693,1,42.42,18.53,98.03,26.23,4.95,23.37,7.88,21.24,muskmelon
2026-02-07T16:14:32.183693,3,29.36,19.52,46.34,197.58,7.58,109.12,35.85,44.88,coffee
2026-02-12T02:59:13.183693,1,16.44,34.83,78.32,262.88,5.19,124.27,117.03,49.95,banana
2026-01-29T06:24:11.183693,3,54.97,32.28,32.36,281.68,7.28,96.3,80.02,92.32,banana
2026-02-02T10:19:51.183693,1,34.67,30.89,32.63,290.37,7.02,105.96,54.77,80.95,coffee
2026-01-26T04:38:48.183693,3,58.06,23.04,36.46,103.0,6.59,136.65,124.54,203.73,grapes
2026-02-03T04:08:30.183693,2,59.79,28.71,73.24,280.94,8.41,70.72,90.61,9.49,orange
2026-02-17T20:43:34.183693,1,55.35,15.18,39.41,128.33,7.07,132.1,42.9,76.02,coffee
2026-02-03T19:07:43.183693,2,47.57,22.97,63.11,185.7,5.68,107.51,14.05,133.49,coffee
2026-02-05T20:30:23.183693,3,19.41,22.8,80.61,130.8,7.56,82.45,72.46,33.69,banana
2026-01-21T20:01:52.183693,3,22.88,34.9,89.0,122.22,5.86,112.67,93.15,13.22,banana
2026-02-16T22:14:06.183693,1,28.11,39.29,67.41,243.29,6.04,34.44,21.67,190.98,mango
2026-01-27T01:22:57.183693,3,57.01,18.8,87.83,201.67,7.86,24.7,99.14,129.8,papaya
2026-01-21T11:36:04.183693,1,24.29,39.6,78.24,262.97,7.55,64.46,54.83,59.19,papaya
2026-02-08T11:57:39.183693,2,59.65,16.88,74.02,9.08,7.75,52.05,137.19,40.59,muskmelon
2026-02-19T14:15:18.183693,1,34.61,30.93,68.04,256.69,4.88,62.11,111.23,168.69,grapes
2026-01-25T20:28:27.183693,2,42.63,39.59,97.72,121.72,4.51,94.66,88.23,32.91,banana
2026-01-28T07:47:21.183693,2,59.8,35.48,57.78,271.47,6.31,41.71,74.7,84.85,pigeonpeas
2026-01-28T05:59:53.183693,3,11.05,27.72,93.94,220.5,6.49,63.09,46.53,154.23,papaya
2026-01-25T15:58:42.183693,1,57.97,27.14,88.53,297.69,6.03,22.97,73.51,32.92,coconut
2026-01-31T04:57:36.183693,1,47.46,34.95,64.38,200.4,5.64,99.18,109.13,179.61,grapes
2026-01-27T11:47:06.183693,3,40.55,24.52,97.26,9.78,7.22,16.67,44.11,145.84,muskmelon
2026-01-25T01:41:33.183693,1,36.11,30.35,37.17,142.18,5.67,12.36,132.66,93.24,pigeonpeas
2026-01-26T05:43:01.183693,2,47.31,38.18,99.62,104.31,6.26,46.22,33.1,99.5,papaya
2026-02-11T13:15:55.183693,3,32.51,19.03,94.33,209.09,5.61,128.85,8.83,119.84,watermelon
2026-02-10T13:44:09.183693,3,46.47,39.6,76.62,204.97,6.25,87.44,82.36,46.18,banana
2026-01-22T23:36:02.183693,1,47.69,19.75,51.41,38.38,7.12,73.69,108.11,9.86,grapes
2026-02-18T10:42:23.183693,3,40.47,36.77,34.85,114.2,8.03,87.29,140.36,118.33,banana
2026-01-28T02:24:11.183693,1,40.71,34.27,44.82,231.39,7.48,103.85,97.21,183.93,coffee
2026-01-26T10:07:32.183693,1,32.52,30.56,40.32,194.19,6.64,108.34,32.49,79.66,coffee
2026-02-03T19:00:07.183693,2,12.91,34.33,63.9,22.79,8.16,113.84,123.03,9.61,muskmelon
2026-02-12T22:36:12.183693,1,51.95,27.1,80.91,255.02,4.57,114.36,106.6,108.8,banana
2026-02-16T13:39:58.183693,1,41.81,16.24,31.47,270.34,5.51,74.49,17.48,61.87,coffee
2026-02-07T12:43:38.183693,2,23.74,26.75,95.67,39.84,6.11,70.64,95.67,15.47,papaya
2026-01-24T09:26:33.183693,3,49.85,28.86,63.11,220.06,5.48,48.33,30.18,179.34,mango
2026-02-08T09:04:52.183693,1,54.84,27.18,92.69,136.19,5.65,65.95,109.42,84.76,apple
2026-02-11T10:16:21.183693,2,12.41,25.95,80.29,136.53,7.61,108.63,85.8,46.99,banana
2026-02-12T12:43:03.183693,1,55.37,33.46,68.63,260.86,7.08,31.73,137.78,34.33,pigeonpeas
2026-02-02T15:36:45.183693,3,54.88,27.28,58.93,229.58,7.67,98.4,40.2,165.28,coffee
2026-02-01T20:39:16.183693,3,19.45,18.55,81.03,103.23,5.35,86.9,83.55,168.78,banana
2026-02-03T00:53:14.183693,1,53.89,21.65,37.76,258.36,8.48,56.67,90.9,157.26,chickpea
2026-02-13T22:50:46.183693,3,11.91,26.47,63.08,24.56,5.2,53.27,112.39,96.51,muskmelon
2026-02-12T00:20:22.183693,2,50.77,31.72,98.54,77.4,8.26,84.48,64.28,153.67,papaya
2026-01-31T03:26:43.183693,1,59.82,36.02,51.53,260.23,5.3,106.25,118.48,193.74,grapes
2026-01-27T19:50:28.183693,3,30.08,27.61,56.05,43.92,5.08,83.41,129.72,63.99,grapes
2026-02-19T02:37:32.183693,3,46.83,24.58,83.29,91.32,4.98,62.39,131.7,84.66,banana
2026-02-13T20:01:34.183693,2,29.74,38.89,63.55,168.73,7.67,86.22,64.3,91.39,coffee
2026-01-31T16:20:15.183693,1,41.28,28.79,75.64,265.05,7.14,117.88,83.26,191.44,banana
2026-01-28T17:08:44.183693,2,37.69,34.04,87.74,59.85,7.02,83.02,88.1,133.77,papaya
2026-02-04T04:17:37.183693,3,14.95,38.24,57.72,173.3,5.47,10.93,81.77,184.54,pigeonpeas
2026-01-24T01:25:01.183693,1,29.69,25.84,80.01,198.16,8.15,20.65,96.73,66.65,papaya
2026-02-12T08:57:46.183693,2,48.85,15.86,46.35,249.5,7.49,39.57,117.9,38.29,pigeonpeas
2026-01-23T20:29:35.183693,1,50.09,22.37,61.69,117.17,6.44,137.31,35.67,72.72,coffee
2026-02-09T05:11:59.183693,1,11.52,39.15,96.84,280.1,7.64,24.79,48.53,98.42,papaya
2026-02-01T03:28:17.183693,3,15.64,32.33,67.45,248.93,7.96,31.27,6.73,6.91,orange
2026-01-26T02:55:10.183693,2,13.94,16.61,66.17,34.69,7.09,61.79,5.08,189.72,grapes
2026-02-11T12:02:13.183693,2,52.41,35.0,70.12,194.63,4.68,50.96,60.78,72.17,pigeonpeas
2026-01-25T13:35:20.183693,1,24.67,23.92,93.92,81.02,6.67,127.46,26.73,131.53,watermelon
2026-02-18T02:13:51.183693,1,43.14,18.29,60.82,296.24,5.64,62.05,6.51,59.28,coffee
2026-01-31T18:23:10.183693,2,13.71,16.54,89.22,53.47,7.59,33.9,78.3,172.09,grapes
2026-02-17T06:51:17.183693,2,55.42,29.51,56.72,173.51,7.08,111.58,114.28,139.86,grapes
2026-01-24T16:07:13.183693,2,56.11,31.39,92.13,122.45,5.56,119.24,114.32,176.42,apple
2026-01-25T00:28:10.183693,2,30.88,20.51,60.71,5.4,8.18,82.34,40.05,203.71,muskmelon
2026-02-06T03:11:24.183693,3,33.54,39.01,42.32,147.64,8.09,66.68,127.58,134.98,grapes
2026-02-17T00:23:49.183693,2,25.45,29.61,98.96,246.66,6.6,19.69,125.19,181.0,apple
2026-02-05T04:16:16.183693,3,21.33,34.84,58.19,215.45,6.78,133.64,16.37,138.88,coffee
2026-02-09T07:46:14.183693,1,42.23,31.03,86.96,245.01,5.87,102.44,107.2,49.66,banana
2026-02-04T01:19:10.183693,3,10.91,34.44,83.14,146.67,5.46,37.53,114.55,101.26,grapes
2026-02-01T05:09:36.183693,2,44.82,39.7,81.69,208.91,6.0,99.29,58.33,14.06,orange
2026-02-09T01:07:40.183693,1,45.71,29.59,35.68,73.65,6.48,126.99,20.91,198.06,coffee
2026-02-18T02:21:39.183693,3,51.46,19.4,65.61,223.84,5.71,139.86,87.05,118.38,banana
2026-01-22T13:31:27.183693,2,21.88,36.76,78.23,267.88,8.49,127.62,75.32,161.7,banana
2026-01-29T04:26:51.183693,1,28.73,20.82,86.55,260.41,5.9,60.74,109.92,179.02,grapes
2026-01-30T00:03:43.183693,1,21.32,28.87,61.59,154.01,7.55,52.05,131.25,16.43,pigeonpeas
2026-01-22T02:43:17.183693,1,52.7,17.58,36.93,83.87,7.87,31.61,8.03,149.2,grapes
2026-01-22T19:04:53.183693,3,47.16,33.96,66.51,65.58,5.97,96.54,125.86,199.45,grapes
2026-01-26T18:39:05.183693,1,56.57,26.99,36.79,73.14,6.59,123.12,128.88,41.83,grapes
2026-02-07T04:21:18.183693,1,39.78,29.46,97.42,264.46,7.9,137.64,62.92,192.69,papaya
2026-02-17T22:05:11.183693,2,11.1,18.39,65.01,160.92,8.5,21.18,54.97,71.3,chickpea
2026-02-12T15:33:12.183693,1,48.36,34.42,56.87,114.34,8.22,113.41,137.2,127.9,grapes
2026-01-31T22:19:18.183693,1,51.42,38.45,59.75,168.06,5.66,31.06,57.75,11.18,pigeonpeas
2026-02-06T03:19:48.183693,1,20.03,18.45,85.15,204.36,7.67,15.41,10.38,28.55,pomegranate
2026-01-29T01:02:21.183693,2,46.48,21.61,47.83,222.44,8.1,103.94,69.36,119.12,coffee
2026-01-28T04:47:24.183693,1,58.83,29.13,35.88,105.23,5.25,91.32,30.44,43.86,coffee
2026-01-27T16:30:12.183693,1,38.04,39.17,73.09,204.65,7.5,49.4,66.91,120.22,papaya
2026-02-06T06:23:11.183693,1,32.44,23.38,38.42,297.8,7.91,70.82,111.52,198.24,apple
2026-02-10T00:05:28.183693,2,40.03,37.35,37.46,190.14,4.5,49.49,141.77,191.45,grapes
2026-01-27T18:52:55.183693,3,18.43,30.35,60.55,179.43,5.41,14.16,86.05,67.62,pigeonpeas
2026-02-07T12:46:46.183693,1,53.41,35.79,95.51,48.95,5.74,116.62,50.33,167.37,papaya
2026-02-10T02:51:41.183693,2,21.87,22.04,54.19,240.4,4.94,92.43,141.23,94.19,apple
2026-02-12T02:39:41.183693,1,55.07,19.81,86.17,142.76,7.15,42.85,44.94,66.23,papaya
2026-01-28T06:34:20.183693,2,38.64,25.32,57.15,166.14,6.24,20.64,78.19,141.88,pigeonpeas
2026-01-26T07:23:11.183693,2,34.59,26.42,48.75,87.7,7.5,54.53,104.67,27.12,pigeonpeas
2026-01-28T23:00:24.183693,2,37.08,18.55,74.94,299.57,6.24,55.49,120.11,90.47,grapes
2026-01-25T04:28:59.183693,1,53.5,34.6,41.14,124.91,7.49,84.39,114.14,188.77,grapes
2026-02-16T08:56:09.183693,3,22.8,37.63,86.58,170.86,5.71,99.52,67.63,40.08,banana
2026-01-29T22:56:12.183693,1,39.74,33.59,73.98,254.83,7.04,88.43,56.16,84.92,papaya
2026-02-04T12:33:56.183693,2,58.72,30.52,59.61,122.62,7.68,126.89,112.37,186.47,grapes
2026-02-12T03:04:01.183693,2,27.03,34.27,87.36,150.4,4.85,117.59,95.97,7.52,banana
2026-01-28T15:23:40.183693,2,51.79,37.34,87.53,58.91,4.86,78.76,64.43,20.86,mungbean
2026-01-27T21:12:36.183693,3,53.13,17.32,81.8,260.51,6.06,34.58,52.87,200.84,grapes
2026-02-16T12:27:39.183693,1,59.85,15.18,46.27,134.46,5.68,139.45,107.73,33.69,coffee
2026-02-03T03:51:26.183693,1,41.74,18.42,74.19,227.01,8.21,42.19,51.03,7.35,orange
2026-01-21T09:30:37.183693,2,30.92,34.46,93.21,97.97,6.12,24.44,21.79,122.24,pomegranate
2026-01-26T06:20:53.183693,2,55.54,30.8,44.1,138.28,6.57,54.86,56.05,204.31,pigeonpeas
2026-02-04T12:10:13.183693,3,55.59,27.04,80.03,6.33,4.95,27.51,51.33,164.78,muskmelon
2026-02-09T05:35:13.183693,3,23.92,21.78,33.82,111.56,7.36,114.22,70.01,197.46,banana
2026-01-31T05:36:31.183693,2,19.27,19.34,59.66,243.26,5.36,33.5,70.16,83.54,pigeonpeas
2026-01-25T03:58:40.183693,1,34.09,39.55,73.64,286.44,6.61,134.69,99.38,132.56,banana
2026-01-23T06:15:14.183693,1,35.87,24.21,55.6,14.93,7.61,85.47,18.74,102.03,muskmelon
2026-02-02T23:43:48.183693,1,37.11,24.33,42.03,277.95,6.42,95.61,121.39,63.83,coffee
2026-02-16T20:10:45.183693,1,51.7,33.99,93.49,25.53,6.09,101.58,115.32,17.54,muskmelon
2026-02-13T17:31:26.183693,1,37.88,28.15,68.64,263.64,8.13,69.6,118.13,182.38,grapes
2026-02-07T05:48:49.183693,1,45.1,39.18,44.15,10.32,5.6,108.51,89.94,54.15,muskmelon
2026-02-15T14:16:06.183693,2,57.57,20.77,43.02,201.62,5.6,46.83,65.52,80.97,pigeonpeas
2026-02-12T05:25:06.183693,2,53.17,27.55,36.87,118.29,4.6,138.45,17.46,81.66,coffee
2026-01-23T07:57:00.183693,2,49.75,31.81,50.01,148.0,4.68,54.98,19.77,54.26,mango
2026-02-11T03:49:51.183693,2,28.11,17.8,81.0,93.47,5.75,103.34,75.86,198.93,banana
2026-02-18T12:54:20.183693,1,13.52,32.36,64.99,109.06,5.32,54.65,119.66,81.19,grapes
2026-02-17T06:35:52.183693,3,57.25,23.95,61.93,28.47,4.95,65.14,107.67,170.15,grapes
2026-02-10T13:04:29.183693,3,50.84,28.93,52.22,99.49,6.5,30.76,106.31,76.15,pigeonpeas
2026-02-18T17:41:38.183693,3,37.88,24.16,33.09,60.18,4.95,59.41,102.25,10.45,orange
2026-01-30T16:33:31.183693,3,39.97,34.74,93.32,296.39,4.82,12.98,19.97,107.03,coconut
2026-02-16T09:53:14.183693,2,36.28,24.31,46.91,19.04,6.88,34.88,30.48,132.23,muskmelon
2026-02-14T05:00:56.183693,2,24.76,29.58,85.97,43.68,5.47,114.59,134.27,117.91,banana
2026-02-11T15:27:35.183693,1,50.06,30.96,71.0,88.34,4.65,118.74,118.01,136.81,banana
2026-02-06T07:32:23.183693,1,34.02,20.82,30.17,241.35,6.03,51.35,53.59,120.42,chickpea
2026-02-19T22:07:43.183693,2,18.01,34.92,84.68,4.1,8.42,42.5,132.31,71.17,grapes
2026-02-13T06:13:15.183693,1,42.98,21.69,63.08,37.72,8.45,11.37,63.11,15.28,lentil
2026-02-07T05:33:42.183693,1,32.79,23.21,66.91,7.12,6.09,109.22,134.87,197.71,grapes
2026-02-11T22:11:27.183693,1,45.31,34.66,83.16,148.75,7.36,20.29,141.47,45.11,grapes
2026-02-14T15:52:31.183693,2,29.92,22.86,70.55,152.15,5.49,114.33,51.57,174.0,jute
2026-01-29T10:39:58.183693,3,32.05,27.54,42.41,101.95,4.96,48.64,64.22,199.09,pigeonpeas
2026-02-03T23:36:32.183693,3,49.33,30.58,50.02,246.67,7.64,103.63,126.44,125.41,grapes
2026-02-16T14:22:37.183693,3,55.73,17.29,86.8,191.12,4.74,30.14,104.15,202.26,apple
2026-02-10T09:23:08.183693,3,58.78,15.22,74.85,45.11,6.07,113.33,122.74,33.11,grapes
2026-02-03T18:51:33.183693,2,27.64,39.12,46.58,143.08,7.13,33.73,28.95,173.54,mango
2026-01-24T08:29:24.183693,1,15.66,27.05,73.32,162.97,8.15,24.35,61.67,136.31,papaya
2026-02-19T17:55:27.183693,1,38.53,37.45,71.91,185.46,5.28,57.66,61.92,142.06,grapes
2026-01-30T13:13:13.183693,2,12.56,20.1,95.56,212.39,7.98,81.77,108.31,89.85,apple
2026-02-01T03:39:15.183693,2,41.2,27.18,35.52,55.75,7.99,124.92,58.89,69.17,chickpea
2026-02-04T03:50:11.183693,2,43.14,37.66,66.09,272.31,5.15,92.84,77.23,192.11,banana
2026-01-29T19:17:20.183693,3,52.99,36.13,58.58,76.91,8.21,94.49,10.87,162.43,coffee
2026-02-10T06:20:13.183693,3,26.46,26.85,56.89,164.19,5.57,52.13,73.57,152.2,pigeonpeas
2026-02-06T05:30:37.183693,2,41.42,37.27,94.63,151.48,7.74,77.58,114.69,115.18,papaya
2026-02-15T12:44:50.183693,2,45.57,21.51,58.56,213.66,7.15,15.38,132.31,109.3,pigeonpeas
2026-02-17T20:03:50.183693,3,30.0,39.44,95.39,180.81,8.13,139.15,21.67,150.84,papaya
2026-01-30T22:53:53.183693,1,33.28,35.09,54.01,9.69,4.92,80.77,19.16,78.98,muskmelon
2026-01-24T12:47:05.183693,2,23.14,35.25,92.3,124.27,6.13,126.07,113.02,135.78,apple
2026-02-15T03:29:15.183693,3,16.01,36.2,52.49,97.54,7.06,100.74,142.71,197.11,grapes
2026-01-21T09:52:03.183693,2,18.25,31.77,42.99,222.55,5.66,95.83,123.44,108.92,banana
2026-01-24T12:30:24.183693,2,16.65,36.15,68.68,200.83,6.96,111.75,55.06,39.45,coffee
2026-01-22T13:17:13.183693,3,31.4,39.74,40.58,220.55,7.76,58.79,67.53,143.35,pigeonpeas
2026-01-23T01:53:58.183693,1,20.07,33.79,45.38,218.84,4.83,17.25,52.34,184.23,mango
2026-02-02T06:00:42.183693,3,48.08,25.97,72.96,124.56,5.81,92.77,122.17,27.47,grapes
2026-01-26T03:41:13.183693,3,58.9,33.64,77.54,229.44,6.98,27.78,138.06,84.55,grapes
2026-02-12T17:20:34.183693,1,52.48,39.59,80.19,113.51,8.08,27.32,61.01,199.77,grapes
2026-02-04T10:47:33.183693,2,26.67,36.42,82.28,24.54,6.82,26.77,116.19,60.65,muskmelon
2026-01-26T18:42:15.183693,1,38.66,30.28,81.58,63.04,5.93,123.48,115.32,74.27,banana
2026-01-26T18:18:08.183693,2,36.91,27.61,69.13,8.52,6.05,62.42,87.83,106.34,muskmelon
2026-02-19T06:20:10.183693,3,37.15,32.03,51.64,59.73,4.85,47.68,104.52,24.22,mothbeans
2026-02-10T19:15:15.183693,3,50.99,27.36,96.83,1.43,4.85,12.6,64.79,40.43,muskmelon
2026-01-25T15:18:47.183693,2,49.4,29.42,96.28,171.7,8.33,16.65,64.79,97.91,papaya
2026-01-25T15:21:10.183693,1,27.87,19.03,65.64,276.14,6.92,43.01,114.52,89.24,grapes
2026-02-09T13:16:04.183693,1,28.49,39.89,63.83,131.99,4.62,125.44,87.88,100.45,banana
2026-02-17T19:39:33.183693,3,46.07,15.71,62.13,150.39,5.07,139.36,87.66,17.03,coffee
2026-02-03T06:49:07.183693,2,32.59,17.5,58.61,113.93,5.67,60.65,10.24,83.81,coffee
2026-02-06T14:19:21.183693,2,32.87,19.19,73.54,268.15,7.01,88.31,108.5,145.82,grapes
2026-02-05T11:09:07.183693,2,40.8,19.3,74.38,101.84,7.39,17.65,86.5,86.87,chickpea
2026-01-24T14:00:23.183693,1,16.1,39.35,47.61,165.22,6.52,84.15,25.14,81.61,coffee
2026-01-24T06:35:19.183693,1,51.61,22.0,79.28,280.16,5.35,68.08,53.82,87.7,rice
2026-02-20T09:01:12.183693,1,20.03,29.69,48.84,292.47,4.8,48.24,69.08,54.26,pigeonpeas
2026-02-16T12:49:29.183693,1,26.41,20.95,40.68,190.98,8.44,139.27,12.5,91.28,coffee
2026-02-14T13:15:58.183693,1,50.0,27.53,31.29,228.67,7.96,72.77,26.88,177.2,coffee
2026-01-28T21:51:47.183693,3,48.93,36.39,64.65,111.24,8.38,89.01,130.79,85.73,banana
2026-02-08T09:25:34.183693,2,50.0,28.2,52.62,73.56,6.09,85.52,134.55,160.09,grapes
2026-02-18T10:14:09.183693,3,13.35,15.17,69.12,267.39,8.11,99.01,133.04,83.84,grapes
2026-01-23T22:49:33.183693,2,34.84,35.75,93.75,93.91,7.07,109.68,31.93,157.53,papaya
2026-02-18T09:34:22.183693,1,37.68,26.66,55.57,228.95,8.45,41.6,127.82,174.2,grapes
2026-01-30T09:10:41.183693,1,47.26,25.3,73.28,140.38,8.5,26.39,110.33,123.59,grapes
2026-02-18T18:59:32.183693,3,17.34,36.25,98.46,9.04,6.19,118.83,15.48,143.54,muskmelon
2026-01-28T02:01:23.183693,2,12.67,15.91,48.8,226.02,7.52,136.3,23.85,170.21,coffee
2026-02-13T23:26:02.183693,2,34.01,16.22,72.61,120.15,4.59,22.7,40.54,158.64,grapes
2026-02-01T08:48:14.183693,2,33.36,31.25,88.81,14.53,5.33,88.5,49.12,41.56,muskmelon
2026-02-08T05:47:48.183693,2,28.79,17.74,43.4,152.04,5.79,42.07,99.3,42.39,pigeonpeas
2026-02-16T01:11:13.183693,3,41.25,38.85,38.53,113.35,6.86,118.15,116.32,164.15,grapes
2026-02-17T08:10:15.183693,2,31.17,21.9,92.64,69.57,5.38,16.57,137.35,109.84,apple
2026-02-19T10:13:30.183693,2,58.32,26.15,65.42,212.25,7.2,45.79,98.14,122.79,chickpea
2026-02-14T08:29:12.183693,1,12.35,25.03,98.53,66.25,7.72,28.3,130.51,54.87,papaya
2026-01-30T09:13:57.183693,2,43.09,32.56,80.35,95.17,7.93,44.43,82.36,33.5,papaya
2026-02-15T22:50:52.183693,1,56.12,20.55,48.87,234.17,6.2,106.6,87.84,14.03,maize
2026-01-29T20:21:43.183693,2,25.3,35.93,74.42,107.26,4.81,139.44,132.03,93.03,banana
2026-01-25T09:07:07.183693,2,53.67,20.21,73.79,292.51,6.61,113.05,84.7,19.01,cotton
2026-01-29T22:32:06.183693,3,25.04,18.01,57.47,127.8,6.62,113.16,39.22,64.47,coffee
2026-01-25T18:54:02.183693,2,59.48,15.52,92.4,104.97,5.38,23.9,86.32,77.92,papaya
2026-02-06T02:55:38.183693,1,35.77,18.48,88.04,240.04,5.61,28.78,78.68,180.51,apple
2026-02-16T05:49:40.183693,2,41.68,29.91,96.54,12.55,7.35,18.44,11.84,66.18,muskmelon
2026-02-17T01:49:12.183693,3,46.12,17.48,49.67,115.93,5.38,129.89,18.87,10.68,coffee
2026-02-09T01:44:28.183693,1,36.4,30.86,57.03,243.73,7.62,17.1,116.23,91.92,pigeonpeas
2026-01-24T22:21:03.183693,1,56.81,16.03,77.07,133.64,8.01,73.95,120.46,106.95,banana
2026-02-03T16:00:40.183693,3,39.84,18.27,56.13,153.14,4.63,89.43,23.06,9.22,coffee
2026-02-09T22:34:05.183693,2,56.18,19.03,55.83,34.47,4.62,83.65,144.46,41.4,grapes
2026-02-13T09:16:22.183693,3,28.87,19.7,70.79,13.84,7.83,80.35,75.83,202.11,muskmelon
2026-02-11T23:48:02.183693,3,45.28,24.71,51.39,205.85,8.09,116.58,67.86,36.46,coffee
2026-02-09T22:27:20.183693,3,39.68,39.47,57.09,152.21,7.06,34.61,19.4,42.88,mango
2026-02-03T19:45:00.183693,3,29.47,24.91,94.7,140.8,6.33,51.87,17.47,142.12,apple
2026-01-27T18:43:19.183693,3,27.52,33.73,91.46,171.48,7.65,41.06,68.85,64.93,papaya
2026-02-04T04:26:58.183693,1,44.34,16.22,48.33,9.93,4.95,118.77,45.01,11.13,muskmelon
2026-02-03T15:38:06.183693,1,35.89,25.55,63.25,92.06,6.29,73.93,114.62,187.19,grapes
2026-02-16T04:38:13.183693,1,59.06,32.59,60.45,264.97,8.07,136.11,35.07,139.08,coffee
2026-02-08T09:41:51.183693,2,20.06,27.58,34.9,239.14,4.98,18.35,61.67,13.27,pigeonpeas
2026-02-13T01:28:21.183693,3,38.21,18.81,44.07,229.65,7.39,124.81,105.38,8.86,coffee
2026-02-08T02:34:16.183693,1,38.25,23.13,66.03,198.34,7.93,114.52,5.64,58.29,coffee
2026-02-09T12:02:56.183693,2,25.81,16.92,31.3,31.2,7.14,10.48,39.8,84.13,mothbeans
2026-01-29T19:46:29.183693,1,45.43,35.36,42.52,166.75,7.17,126.0,38.19,66.29,coffee
2026-01-25T15:27:35.183693,1,31.0,16.66,32.35,92.18,5.54,73.73,26.29,125.1,chickpea
2026-01-31T00:06:19.183693,3,23.34,17.0,98.46,119.87,8.18,38.15,82.76,24.23,orange
2026-01-23T23:11:08.183693,3,22.46,20.58,83.33,70.48,6.48,73.63,94.94,128.62,banana
2026-02-11T01:19:38.183693,1,41.44,30.39,90.06,284.85,7.29,44.24,70.21,181.62,papaya
2026-02-03T07:13:00.183693,2,30.05,22.82,47.83,56.69,8.22,33.68,134.77,189.72,grapes
2026-02-12T06:29:38.183693,2,43.31,17.81,69.92,34.85,4.79,139.92,54.87,170.07,grapes
2026-01-22T18:16:03.183693,2,11.86,36.5,53.83,299.47,8.44,47.97,7.12,185.97,mango
2026-01-30T21:26:36.183693,1,28.78,20.92,96.78,190.45,5.11,84.1,138.52,90.61,apple
2026-02-13T11:46:58.183693,2,51.05,31.95,61.2,269.44,7.29,16.91,117.37,41.52,pigeonpeas
2026-02-03T08:43:44.183693,3,45.57,25.22,71.63,259.09,6.53,29.47,124.85,192.15,grapes
2026-01-22T13:27:09.183693,2,49.64,20.91,40.91,92.43,7.69,138.37,114.11,91.22,grapes
2026-01-26T05:29:06.183693,1,26.87,18.38,30.19,130.93,5.4,130.63,132.62,84.82,grapes
2026-02-01T00:03:32.183693,2,59.34,16.95,79.32,70.39,5.41,38.43,68.3,60.74,papaya
2026-02-02T02:44:28.183693,2,52.09,16.31,93.47,211.02,4.65,35.22,30.71,67.94,pomegranate
2026-01-28T10:48:45.183693,3,55.66,39.5,94.22,3.78,7.89,118.14,45.68,88.29,muskmelon
2026-02-18T00:47:51.183693,2,11.36,36.83,37.89,294.74,4.97,98.54,133.0,45.52,banana
2026-02-14T22:45:33.183693,2,32.64,32.18,88.61,157.2,5.44,10.1,27.32,81.1,coconut
2026-02-11T11:43:34.183693,1,22.28,26.03,87.96,143.17,6.54,99.73,136.54,128.39,apple
2026-01-21T16:36:09.183693,3,29.45,28.17,61.89,77.38,5.85,66.27,113.19,93.16,grapes
2026-01-25T02:30:04.183693,1,29.28,33.77,64.92,145.9,6.01,74.9,59.92,120.98,coffee
2026-02-07T17:35:24.183693,1,23.36,22.06,62.27,288.08,5.52,48.92,11.21,140.91,apple
2026-02-16T19:57:59.183693,3,28.08,17.41,80.32,204.22,8.48,103.84,58.74,54.69,rice
2026-02-06T14:35:36.183693,1,19.99,35.05,79.44,155.28,5.92,106.52,110.93,59.66,banana
2026-01-24T09:03:14.183693,2,30.61,21.26,49.3,158.61,4.99,92.64,117.72,128.76,apple
2026-01-27T14:50:33.183693,3,16.82,33.12,34.01,85.87,4.72,87.7,78.42,22.96,maize
2026-02-12T02:15:43.183693,3,12.92,29.89,95.54,229.18,6.98,13.06,128.99,181.57,apple
2026-02-13T14:17:27.183693,3,15.65,23.07,77.86,204.24,4.94,45.1,92.46,140.66,apple
2026-01-25T06:03:01.183693,3,36.05,28.89,72.22,234.8,7.18,116.34,131.79,10.49,coffee
2026-02-19T11:49:00.183693,2,44.64,37.09,66.92,59.66,7.66,137.76,108.42,154.2,grapes
2026-02-08T12:29:51.183693,1,13.55,30.21,49.28,260.37,6.23,85.17,66.93,89.31,coffee
2026-02-08T17:48:09.183693,3,38.54,36.15,91.01,63.64,7.26,136.61,10.1,94.22,papaya
2026-02-10T13:27:07.183693,1,49.37,34.6,88.79,244.74,5.31,65.84,44.88,171.48,papaya
2026-02-20T02:05:56.183693,1,48.53,21.22,98.18,261.21,7.32,40.14,12.1,109.6,pomegranate
2026-02-09T18:32:25.183693,2,27.21,16.78,46.14,204.96,4.53,134.78,123.93,42.73,grapes
2026-01-27T19:14:07.183693,1,10.81,38.25,91.7,93.31,5.9,52.7,20.9,42.46,pomegranate
2026-02-18T08:06:28.183693,1,58.47,31.21,79.23,91.12,5.91,86.93,36.46,114.42,banana
2026-01-22T19:36:36.183693,2,35.53,22.47,67.83,263.98,4.55,68.02,62.29,167.12,rice
2026-02-09T09:45:18.183693,3,37.45,39.39,79.54,13.43,4.72,130.13,7.64,176.15,muskmelon
2026-02-10T06:34:21.183693,2,33.38,27.14,85.62,261.08,7.35,85.79,29.36,125.58,watermelon
2026-01-22T20:30:58.183693,2,17.84,23.17,82.7,253.85,8.13,50.11,104.41,30.43,rice
2026-01-22T05:27:51.183693,2,46.66,36.06,71.94,66.22,7.46,66.53,78.64,97.73,banana
2026-02-17T11:37:41.183693,3,21.89,19.86,82.69,14.17,6.17,85.27,118.0,117.6,muskmelon
2026-01-31T22:02:37.183693,2,26.93,15.1,74.84,247.9,5.93,115.22,97.62,143.37,banana
2026-01-26T09:21:11.183693,1,29.23,39.41,62.61,77.06,7.24,72.23,122.59,30.2,grapes
2026-02-04T01:57:26.183693,2,20.85,30.09,65.95,279.07,8.26,138.96,52.41,23.56,coffee
2026-02-10T17:22:05.183693,1,33.31,18.52,69.13,239.08,6.24,23.85,46.02,92.15,chickpea
2026-01-31T06:52:39.183693,3,23.26,28.04,48.26,104.29,6.63,31.54,35.25,35.92,mango
2026-02-14T11:17:39.183693,1,38.5,27.03,86.39,235.09,5.37,123.33,126.62,57.18,banana
2026-02-03T13:38:15.183693,2,15.9,38.3,31.44,89.19,8.05,42.17,11.43,161.4,mango
2026-02-05T15:27:42.183693,3,36.14,21.64,91.87,240.0,7.16,11.86,20.28,46.71,pomegranate
2026-01-30T13:15:39.183693,1,20.36,28.08,38.9,250.89,7.68,45.96,122.13,142.81,grapes
2026-02-06T05:55:06.183693,2,49.23,27.83,71.6,51.53,5.06,52.79,66.78,16.36,lentil
2026-02-01T17:53:35.183693,3,38.53,23.98,64.63,70.58,5.09,111.98,56.17,40.93,maize
2026-02-19T03:05:48.183693,2,19.62,21.13,39.37,195.95,7.35,46.59,84.84,127.95,chickpea
2026-02-09T12:04:47.183693,1,39.34,21.9,53.42,175.65,8.45,57.34,135.05,193.14,apple
2026-02-18T19:02:12.183693,3,14.72,28.53,47.08,174.76,6.35,26.31,54.19,112.66,pigeonpeas
2026-02-04T21:20:49.183693,3,15.71,16.92,70.36,184.62,6.65,102.1,144.06,12.74,maize
2026-02-06T02:20:46.183693,1,32.88,22.2,82.89,53.68,7.41,106.95,74.24,169.39,grapes
2026-02-18T04:02:12.183693,2,43.11,30.25,43.67,80.88,7.95,117.6,77.98,162.53,banana
2026-02-03T03:43:08.183693,1,35.18,33.0,34.45,55.2,7.59,104.4,48.57,151.5,grapes
2026-02-07T06:39:11.183693,3,46.89,36.84,70.71,218.0,5.35,137.96,10.67,25.39,coffee
2026-02-11T23:29:49.183693,2,58.23,15.86,49.47,246.42,4.5,76.31,84.14,100.81,chickpea
2026-02-04T17:33:35.183693,2,27.81,23.19,95.57,106.45,6.85,48.92,19.24,25.51,pomegranate
2026-02-15T11:27:42.183693,2,59.99,39.18,51.84,65.78,8.25,136.09,110.64,60.15,grapes
2026-02-05T02:47:52.183693,2,20.2,16.35,73.04,223.68,6.34,122.7,23.26,13.07,coffee
2026-02-19T01:59:54.183693,1,32.13,26.54,34.47,110.98,5.1,101.32,31.86,104.19,coffee
2026-01-27T04:53:42.183693,3,44.82,16.8,88.48,167.93,6.04,40.21,49.65,131.12,papaya
2026-02-03T19:51:57.183693,2,28.88,19.67,98.91,152.05,6.43,22.71,94.27,26.97,papaya
2026-02-03T21:16:24.183693,1,45.1,36.13,48.43,220.91,7.78,38.1,5.53,48.57,mango
2026-02-02T00:31:27.183693,2,39.59,32.61,42.37,267.2,7.41,79.47,22.18,175.45,coffee
2026-02-16T22:33:05.183693,1,55.27,32.38,39.78,147.28,5.03,34.36,98.97,181.9,pigeonpeas
2026-01-25T11:04:54.183693,2,32.73,16.36,72.25,4.51,7.24,109.89,82.04,34.34,muskmelon
2026-02-17T06:45:58.183693,1,36.15,18.42,30.31,299.79,5.3,54.21,82.44,42.78,pigeonpeas
2026-02-15T14:57:09.183693,2,46.82,26.91,31.04,37.68,7.64,38.18,97.06,169.46,grapes
2026-02-12T20:38:02.183693,1,29.03,19.49,52.92,228.57,6.82,77.13,119.59,126.15,grapes
2026-02-09T07:26:02.183693,3,26.16,20.58,64.39,252.77,5.65,59.75,139.8,13.82,maize
2026-02-09T02:24:58.183693,1,26.56,38.58,64.34,74.94,7.66,63.58,124.88,187.43,grapes
2026-01-30T06:17:46.183693,1,55.23,28.01,91.05,82.55,4.59,14.54,127.03,32.06,grapes
2026-02-07T07:05:27.183693,3,41.02,39.37,79.66,75.51,7.94,31.41,29.28,111.5,papaya
2026-02-02T14:03:58.183693,1,39.46,22.53,55.93,79.54,7.41,135.56,51.41,8.99,maize
2026-02-17T00:52:25.183693,2,40.21,21.73,31.99,181.49,6.18,49.73,32.38,70.1,chickpea
2026-01-26T21:47:58.183693,2,37.41,17.45,98.51,95.15,6.73,53.81,115.28,135.92,apple
2026-02-11T13:24:56.183693,2,23.36,39.54,46.46,65.44,8.42,48.59,134.8,64.82,grapes
2026-02-13T15:15:03.183693,1,57.27,21.39,54.72,234.06,7.83,53.57,87.26,142.49,chickpea
2026-01-24T01:16:16.183693,2,55.72,15.3,98.17,3.76,8.22,55.38,136.04,109.42,muskmelon
2026-02-14T22:43:14.183693,1,25.14,36.38,88.89,91.85,8.39,117.21,30.47,42.65,watermelon
2026-02-13T08:03:27.183693,2,53.43,28.3,77.21,125.35,6.46,80.56,96.41,77.61,banana
2026-01-30T08:37:42.183693,2,36.1,37.11,55.86,119.41,7.91,118.83,23.25,67.63,coffee
2026-01-22T07:02:55.183693,1,23.47,24.93,82.35,29.72,8.08,73.61,10.71,85.97,muskmelon
2026-01-31T09:41:33.183693,1,39.75,26.97,30.24,82.36,4.59,104.27,119.7,98.38,grapes
2026-01-29T02:23:23.183693,3,24.57,35.35,61.47,23.34,6.44,110.11,44.89,143.6,muskmelon
2026-01-28T17:04:57.183693,2,51.22,22.21,94.92,23.36,4.93,43.31,30.44,85.5,muskmelon
2026-02-03T19:56:20.183693,1,55.87,17.24,30.51,4.97,6.17,67.3,21.07,187.7,muskmelon
2026-02-06T11:58:07.183693,1,35.22,21.07,67.31,95.1,7.26,33.62,26.6,17.05,orange
2026-02-06T16:35:42.183693,3,57.31,31.6,81.11,135.12,4.75,24.28,31.23,40.08,coconut
2026-01-29T20:02:52.183693,3,17.35,28.26,68.06,68.48,6.95,76.14,128.54,94.4,grapes
2026-02-13T15:23:55.183693,2,51.22,31.06,93.5,237.36,8.4,94.53,90.56,101.91,papaya
2026-01-31T16:22:32.183693,1,23.82,37.52,46.7,33.8,5.45,52.43,41.56,91.15,mothbeans
2026-02-16T10:37:43.183693,3,44.65,25.53,46.81,23.79,7.55,56.13,98.47,188.46,muskmelon
2026-01-23T21:56:42.183693,1,32.72,22.43,82.87,109.83,8.03,102.3,53.57,203.02,apple
2026-02-12T05:40:46.183693,2,19.25,28.68,52.72,33.39,7.03,85.09,27.26,18.77,mothbeans
2026-02-01T14:24:51.183693,2,42.62,29.82,30.66,243.66,5.99,35.19,127.49,109.94,pigeonpeas
2026-02-17T12:42:06.183693,3,31.39,34.04,70.96,45.7,5.78,129.12,122.41,20.38,grapes
2026-02-13T04:18:08.183693,3,20.97,25.06,38.36,202.49,6.46,131.43,97.86,85.36,banana
2026-02-02T12:39:36.183693,3,29.87,19.83,76.8,247.14,7.8,51.59,67.53,6.84,orange
2026-02-18T22:49:30.183693,3,11.17,16.63,40.6,2.15,4.78,95.73,110.19,56.39,muskmelon
2026-02-05T11:06:41.183693,3,43.26,28.05,57.42,294.39,5.05,92.04,114.89,176.96,grapes
2026-01-29T12:15:37.183693,2,32.08,22.82,96.48,231.93,5.34,57.48,9.09,146.33,apple
2026-01-31T20:47:04.183693,3,35.94,24.22,70.53,226.86,6.72,120.07,140.45,181.9,apple
2026-02-18T20:11:11.183693,2,39.84,28.77,35.27,233.24,6.23,16.86,125.37,109.15,pigeonpeas
2026-02-03T17:40:50.183693,3,30.56,22.75,51.57,180.62,8.01,54.68,134.5,202.1,apple
2026-01-25T23:05:20.183693,1,24.0,23.78,38.49,144.41,4.85,138.87,40.63,86.26,coffee
2026-02-04T17:41:23.183693,1,57.96,17.36,49.23,17.02,6.49,122.35,65.56,20.24,muskmelon
2026-02-19T09:52:06.183693,2,44.78,20.12,76.2,99.5,8.37,38.19,134.78,54.94,grapes
2026-02-01T01:11:20.183693,1,26.21,16.82,99.54,296.93,5.65,130.35,129.81,66.94,apple
2026-02-16T23:25:35.183693,1,22.63,36.21,37.55,34.96,5.13,120.77,55.46,30.25,mothbeans
2026-02-17T21:18:01.183693,2,41.04,19.51,39.49,197.26,4.6,105.68,115.56,166.02,grapes
2026-02-19T08:33:05.183693,3,39.8,29.97,61.15,19.71,6.85,19.9,123.85,155.8,grapes
2026-02-13T23:41:26.183693,1,34.61,18.73,67.18,262.89,4.88,87.83,89.99,90.88,banana
2026-02-18T21:10:26.183693,1,47.24,30.87,65.58,14.06,8.46,104.94,107.89,63.56,muskmelon
2026-02-16T21:29:25.183693,3,32.15,16.33,59.77,278.17,5.0,87.07,65.36,92.7,chickpea
2026-02-01T23:59:24.183693,2,45.86,15.79,32.25,151.06,7.18,91.95,111.59,191.56,grapes
2026-02-04T05:40:03.183693,1,59.3,20.85,68.85,296.56,8.04,70.11,99.29,12.59,maize
2026-02-12T05:22:34.183693,3,35.64,21.77,97.42,235.01,5.81,93.07,144.74,42.22,apple
2026-02-05T04:44:46.183693,3,17.06,30.91,91.37,115.23,8.19,100.02,81.03,84.38,papaya
2026-02-11T19:11:35.183693,1,39.95,36.94,68.47,61.63,4.8,123.96,14.75,15.57,maize
2026-01-29T05:39:10.183693,3,23.46,36.86,39.19,123.64,7.31,30.49,114.56,38.67,pigeonpeas
2026-02-01T21:28:25.183693,2,22.38,33.77,67.68,138.96,6.36,86.18,133.93,26.64,coffee
2026-02-19T11:12:32.183693,3,13.86,18.93,44.83,226.65,8.11,86.85,136.87,117.3,grapes
2026-02-11T06:36:45.183693,1,51.19,34.95,42.16,20.49,7.27,42.85,137.35,121.54,muskmelon
2026-02-19T03:04:40.183693,1,29.24,36.52,51.53,104.32,5.84,51.8,96.88,122.03,pigeonpeas
2026-02-14T06:05:13.183693,3,41.28,37.2,81.15,189.38,4.57,68.8,46.02,39.87,rice
2026-02-02T13:18:53.183693,3,58.6,18.64,72.35,25.05,8.36,22.12,139.04,98.83,muskmelon
2026-02-04T05:59:53.183693,3,50.08,28.53,95.42,32.0,8.13,63.32,11.21,140.75,muskmelon
2026-01-28T06:07:29.183693,1,28.5,16.33,97.1,90.86,7.61,129.23,96.88,62.82,banana
2026-02-02T14:38:40.183693,1,51.7,15.61,95.63,251.54,6.59,89.42,81.35,111.55,papaya
2026-02-16T05:06:07.183693,2,37.59,18.98,36.16,270.13,5.45,47.93,62.12,117.73,pigeonpeas
2026-02-13T06:42:20.183693,3,43.53,16.72,60.96,97.75,4.76,69.79,36.44,145.47,maize
2026-02-09T20:41:44.183693,3,10.88,30.24,46.12,270.02,8.38,89.66,64.16,168.1,coffee
2026-02-15T22:39:30.183693,1,44.89,28.27,60.04,55.68,5.65,128.52,16.94,8.12,orange
2026-02-14T05:25:37.183693,1,48.96,31.45,59.64,284.37,6.24,72.85,46.91,132.38,coffee
2026-02-03T11:28:21.183693,1,40.06,21.09,40.84,81.82,5.91,84.6,133.49,53.06,grapes
2026-01-27T19:41:39.183693,3,38.76,26.74,74.44,174.01,4.9,133.16,125.89,173.98,grapes
2026-01-26T04:12:09.183693,3,58.32,19.38,32.43,62.19,7.52,20.92,61.63,45.57,mothbeans
2026-01-23T19:06:57.183693,3,29.17,38.47,92.35,265.66,7.9,30.5,136.17,73.79,papaya
2026-02-02T14:14:10.183693,3,13.32,22.09,85.86,106.46,7.12,21.2,139.48,148.33,apple
2026-02-06T13:36:38.183693,2,54.0,24.07,89.16,195.75,4.87,68.76,17.48,142.56,apple
2026-01-25T02:45:01.183693,2,30.13,26.87,57.04,43.98,4.56,36.6,45.41,113.4,mothbeans
2026-02-07T00:58:14.183693,1,36.69,27.03,41.24,122.76,6.58,121.53,120.43,35.73,coffee
2026-02-19T10:11:15.183693,2,29.3,37.21,66.94,233.31,8.34,92.1,86.34,81.86,banana
2026-02-16T01:07:09.183693,2,33.4,18.09,46.98,239.13,7.68,32.61,10.87,19.04,pigeonpeas
2026-02-12T12:02:47.183693,3,13.37,18.87,50.77,181.12,6.04,45.38,51.83,34.75,pigeonpeas
2026-02-01T21:19:56.183693,2,38.35,38.69,40.11,220.95,7.4,105.91,10.19,40.34,coffee
2026-02-05T15:48:04.183693,2,13.94,33.52,60.24,125.72,7.61,138.06,40.57,32.11,coffee
2026-01-24T01:09:57.183693,3,31.88,39.25,45.1,185.57,7.18,83.75,71.9,89.04,coffee
2026-02-15T00:45:34.183693,1,32.12,35.31,32.66,216.48,7.32,111.86,36.12,164.89,coffee
2026-02-15T06:03:53.183693,3,23.39,38.04,48.18,190.78,4.8,111.8,142.88,22.48,pigeonpeas
2026-02-14T05:30:21.183693,1,16.35,17.95,54.4,293.56,6.09,24.62,85.81,192.33,grapes
2026-02-16T09:42:08.183693,3,50.66,24.09,49.83,262.95,7.89,86.57,69.88,125.52,coffee
2026-02-06T21:09:28.183693,1,46.96,17.35,43.9,6.86,7.23,100.32,33.42,107.93,muskmelon
2026-02-13T14:56:01.183693,1,43.44,24.77,50.28,265.16,5.57,121.8,39.88,53.91,coffee
2026-02-17T15:02:25.183693,1,50.29,19.32,82.86,171.18,4.98,38.92,11.48,203.09,pomegranate
2026-01-28T16:37:21.183693,2,21.77,25.69,96.27,21.23,8.38,76.39,86.51,8.21,muskmelon
2026-02-19T14:51:31.183693,1,50.58,20.89,52.88,73.62,6.19,138.84,90.63,19.1,maize
2026-02-06T12:36:47.183693,1,10.08,30.81,72.27,221.45,6.9,100.66,82.92,37.63,banana
2026-02-11T06:10:23.183693,2,45.65,18.89,84.6,254.2,7.03,74.75,63.77,45.24,rice
2026-02-06T07:19:15.183693,3,20.71,23.13,81.77,33.42,5.62,58.98,66.81,108.6,papaya
2026-02-01T17:36:09.183693,3,24.06,16.08,53.8,249.6,7.1,112.42,115.29,5.72,coffee
2026-02-14T13:24:47.183693,1,57.44,28.15,87.74,150.83,7.35,98.64,78.39,104.55,banana
2026-02-13T04:17:25.183693,1,25.21,39.9,59.12,287.64,6.95,91.11,52.84,38.07,coffee
2026-01-22T21:21:15.183693,1,18.19,17.11,37.68,107.33,5.52,98.47,22.29,130.04,coffee
2026-02-12T19:54:09.183693,1,25.72,23.48,42.36,161.0,7.59,13.34,144.06,138.04,apple
2026-01-29T03:49:54.183693,1,12.61,35.48,51.39,127.71,4.88,73.47,108.46,7.75,pigeonpeas
2026-01-24T00:19:40.183693,3,38.48,21.39,43.83,253.7,6.56,56.69,77.47,84.43,chickpea
2026-01-25T15:37:07.183693,2,27.46,22.77,82.02,227.76,7.25,72.75,16.63,122.4,rice
2026-02-12T06:24:44.183693,1,59.22,16.47,53.77,90.16,6.75,40.39,115.7,29.19,pigeonpeas
2026-01-28T20:58:41.183693,2,40.61,32.72,47.24,22.63,7.05,127.78,101.04,103.7,muskmelon
2026-02-18T22:39:21.183693,1,22.17,39.33,48.29,35.71,7.44,16.87,36.05,54.88,mothbeans
2026-02-14T02:49:28.183693,2,49.62,23.36,69.45,246.8,6.22,126.54,88.46,18.49,coffee
2026-01-31T00:54:01.183693,2,13.91,23.38,63.41,279.09,6.98,94.69,82.0,150.55,coffee
2026-02-19T02:39:40.183693,3,42.14,37.8,35.79,126.27,7.45,22.22,5.73,177.62,mango
2026-02-10T03:20:00.183693,1,21.13,39.12,50.37,157.59,6.13,114.44,82.96,107.57,banana
2026-02-14T01:42:43.183693,2,39.68,20.62,57.83,9.13,5.08,17.45,81.5,41.76,muskmelon
2026-01-25T23:31:51.183693,3,57.96,30.21,96.38,93.92,6.02,42.63,28.45,168.47,apple
2026-02-19T03:30:51.183693,2,11.65,27.11,30.68,234.84,8.15,89.04,126.61,173.05,grapes
2026-02-09T20:53:47.183693,3,57.67,21.86,63.92,298.52,7.47,42.18,37.72,14.69,pigeonpeas
2026-02-16T02:25:03.183693,3,11.05,36.04,63.87,199.47,7.06,117.78,50.03,59.99,coffee
2026-02-05T09:33:10.183693,3,58.55,29.04,90.0,293.56,6.28,44.72,86.39,19.15,pigeonpeas
2026-01-24T12:00:08.183693,2,47.84,32.41,87.61,47.04,5.34,29.17,89.39,64.19,papaya
2026-01-26T03:06:39.183693,1,38.84,17.58,99.7,23.17,4.82,35.11,25.89,104.68,muskmelon
2026-02-03T19:59:07.183693,3,11.68,36.46,56.91,78.51,6.14,116.81,59.5,156.48,grapes
2026-02-14T02:40:49.183693,1,49.42,22.8,93.54,225.63,6.75,132.11,113.08,37.22,apple
2026-02-03T08:07:05.183693,2,18.29,33.11,53.82,293.4,7.48,55.33,94.82,136.16,pigeonpeas
2026-02-04T17:03:39.183693,1,28.3,30.68,89.35,277.17,5.79,95.96,129.79,156.84,apple
2026-02-02T04:05:08.183693,2,33.23,24.68,48.56,240.18,6.87,97.32,126.65,38.93,coffee
2026-02-04T00:17:06.183693,1,34.37,37.24,97.29,57.55,7.47,21.09,67.78,12.92,orange
2026-02-03T16:19:11.183693,1,19.1,34.81,73.81,133.43,6.52,87.92,84.58,190.12,banana
2026-02-09T07:43:06.183693,1,54.07,32.22,82.04,19.84,7.25,68.72,58.72,153.9,muskmelon
2026-02-17T16:31:31.183693,2,37.01,19.0,30.42,187.05,8.27,29.85,26.94,42.21,pomegranate
2026-01-23T12:29:42.183693,1,27.77,24.38,77.36,277.4,5.08,101.5,28.31,197.34,apple
2026-02-08T11:01:28.183693,3,36.14,35.48,87.49,219.63,6.97,113.19,40.0,115.23,papaya
2026-01-29T01:24:08.183693,2,42.08,37.66,38.94,275.18,5.81,28.79,120.74,101.61,pigeonpeas
2026-02-17T21:43:16.183693,3,19.03,18.95,34.1,88.32,8.47,110.34,129.82,149.44,grapes
2026-01-31T14:50:37.183693,3,18.81,28.52,37.53,225.35,4.7,67.89,132.64,42.57,grapes
2026-02-20T06:38:06.183693,2,11.87,37.14,98.07,6.28,5.91,61.22,55.91,53.53,muskmelon
2026-01-22T23:17:54.183693,1,20.72,36.59,70.86,109.04,8.25,29.64,131.08,48.95,grapes
2026-01-23T10:12:12.183693,3,15.68,35.15,35.23,86.96,7.37,131.19,44.27,38.81,coffee
2026-01-26T01:03:56.183693,2,13.34,39.57,31.4,62.53,6.53,103.78,23.2,39.52,coffee
2026-01-31T07:07:45.183693,1,21.81,34.96,99.93,285.17,6.14,29.71,50.85,179.03,papaya
2026-02-13T08:47:51.183693,2,37.02,28.3,93.41,85.36,8.12,112.68,82.7,127.62,papaya
2026-01-27T23:30:49.183693,1,30.11,18.68,79.75,12.93,7.74,81.33,73.09,78.18,muskmelon
2026-02-05T08:04:04.183693,1,46.07,26.09,83.27,83.3,6.88,84.44,72.86,167.64,banana
2026-02-11T15:00:00.183693,1,53.71,29.81,43.81,138.84,5.75,42.73,139.24,78.91,pigeonpeas
2026-02-04T07:47:36.183693,2,47.3,23.72,60.54,206.24,8.36,67.03,43.73,107.13,coffee
2026-02-07T06:50:50.183693,3,17.74,20.59,43.62,129.32,6.36,60.18,87.93,15.29,maize
2026-02-19T08:28:36.183693,3,29.87,15.43,70.99,228.16,8.45,112.28,13.09,192.87,coffee
2026-02-15T01:38:52.183693,1,39.25,34.67,72.48,133.28,6.9,122.8,61.36,184.88,jute
2026-02-01T07:04:47.183693,3,20.83,39.96,53.08,275.31,5.83,18.02,54.92,138.02,pigeonpeas
2026-01-23T10:46:24.183693,3,45.65,32.95,51.67,18.31,7.03,73.51,30.4,8.63,muskmelon
2026-02-09T03:43:14.183693,3,24.28,28.04,34.39,264.03,6.85,70.76,32.6,161.28,coffee
2026-01-27T18:37:56.183693,3,25.94,32.39,82.49,179.01,8.1,104.05,144.51,182.35,grapes
2026-02-13T22:33:06.183693,1,13.25,39.34,59.13,22.56,6.61,131.6,10.41,79.05,muskmelon
2026-02-14T04:29:56.183693,2,54.82,35.07,86.14,137.48,5.73,110.61,47.52,6.42,cotton
2026-01-31T05:20:08.183693,1,12.53,20.44,77.54,141.46,8.45,127.15,114.78,181.52,grapes
2026-02-08T16:06:00.183693,1,23.35,30.19,97.02,207.57,6.95,26.73,120.83,142.36,apple
2026-02-16T04:50:44.183693,2,54.59,25.26,87.67,82.68,7.31,82.64,98.96,112.59,banana
2026-02-02T16:50:59.183693,2,22.99,15.63,66.7,265.48,7.46,89.23,66.13,27.59,coffee
2026-02-14T16:34:45.183693,2,14.89,29.98,39.04,209.51,7.94,133.09,89.15,138.58,coffee
2026-01-24T17:46:52.183693,3,22.25,35.29,57.46,222.49,8.06,79.72,35.2,89.09,coffee
2026-02-11T00:45:15.183693,2,32.3,31.86,83.93,205.8,7.28,15.26,125.22,186.33,grapes
2026-02-04T22:05:56.183693,1,50.38,32.99,52.27,75.22,8.03,60.21,116.51,198.36,grapes
2026-02-09T16:28:57.183693,1,25.26,22.39,95.59,35.92,7.24,86.74,52.99,201.6,papaya
2026-02-13T06:12:52.183693,1,26.35,15.51,65.01,154.04,4.52,60.7,94.13,127.47,chickpea
2026-01-29T05:41:51.183693,2,20.92,22.46,81.29,37.35,4.7,122.92,95.53,71.17,banana
2026-02-04T22:27:59.183693,2,34.88,30.11,66.35,265.27,7.94,22.56,99.76,50.95,pigeonpeas
2026-01-22T11:57:58.183693,2,47.18,20.48,95.45,113.78,5.13,83.93,19.49,106.59,watermelon
2026-02-01T19:55:49.183693,1,41.67,23.38,51.02,22.26,6.15,48.98,62.01,204.44,muskmelon
2026-02-02T18:14:44.183693,2,29.55,27.86,88.31,226.5,6.08,61.54,73.43,144.82,banana
2026-01-31T08:01:35.183693,2,11.81,17.65,36.54,12.5,5.98,43.53,73.39,34.03,muskmelon
2026-01-25T06:01:25.183693,3,33.05,37.29,88.2,205.67,7.51,82.84,5.24,12.27,orange
2026-01-29T10:26:22.183693,3,50.87,18.96,67.32,223.21,6.59,73.53,138.96,19.75,maize
2026-01-29T22:56:50.183693,3,43.7,32.21,34.56,91.68,5.99,69.82,27.68,190.63,coffee
2026-02-12T23:24:27.183693,3,58.02,25.58,34.68,127.38,7.34,55.67,69.44,137.67,chickpea
2026-01-21T20:07:19.183693,1,41.02,32.88,50.03,70.11,7.45,44.04,74.48,143.22,grapes
2026-02-04T13:22:58.183693,3,36.19,32.14,46.99,41.97,4.78,11.16,24.84,103.88,mango
2026-01-28T10:13:01.183693,3,29.34,26.45,98.94,18.12,4.55,132.12,74.27,82.78,muskmelon
2026-01-22T19:07:39.183693,3,43.14,34.85,71.32,246.87,7.79,87.83,122.12,21.59,grapes
2026-02-11T08:43:25.183693,2,13.85,16.22,59.83,186.3,5.56,64.78,78.55,143.5,chickpea
2026-01-26T12:54:31.183693,2,30.74,21.01,63.18,224.7,5.87,32.09,118.8,149.88,apple
2026-02-03T01:51:36.183693,1,20.55,16.0,50.28,17.65,6.05,126.57,139.34,77.75,muskmelon
2026-02-16T22:35:10.183693,1,37.8,28.82,55.93,129.64,5.02,67.73,137.11,42.76,coffee
2026-02-12T06:18:43.183693,2,16.5,30.73,31.79,157.7,7.24,10.96,69.15,67.37,pigeonpeas
2026-01-25T08:15:14.183693,3,14.3,39.21,86.82,278.57,5.65,15.68,60.25,61.97,papaya
2026-02-13T08:11:11.183693,3,44.34,22.07,89.92,264.32,4.91,131.76,41.03,40.63,rice
2026-01-29T06:41:49.183693,3,50.6,16.33,61.16,13.74,7.52,17.66,116.59,35.34,muskmelon
2026-02-14T16:17:22.183693,1,58.25,26.91,30.13,96.48,7.26,46.25,57.6,78.99,chickpea
2026-01-25T20:24:40.183693,3,24.46,33.14,76.3,113.51,6.06,34.38,8.69,193.35,grapes
2026-02-07T12:49:43.183693,1,45.65,35.47,98.92,34.31,6.64,126.14,50.98,190.97,papaya
2026-02-01T01:12:28.183693,3,11.58,16.07,99.6,146.44,6.84,18.5,133.86,38.39,apple
2026-01-25T02:43:48.183693,1,51.29,36.96,79.68,224.28,4.74,134.44,7.52,75.52,banana
2026-02-14T08:21:23.183693,1,50.48,15.73,89.99,176.55,7.47,102.42,77.83,54.37,banana
2026-01-23T16:15:32.183693,1,22.86,27.28,84.27,87.83,6.83,102.08,136.36,125.22,banana
2026-02-15T14:55:52.183693,1,26.0,15.95,85.78,285.86,6.99,24.84,84.2,12.03,orange
2026-02-14T15:12:21.183693,3,12.01,21.77,45.83,154.81,6.76,16.89,96.35,147.0,chickpea
2026-02-11T21:08:54.183693,2,56.2,33.66,47.54,221.16,7.58,45.22,119.87,96.77,grapes
2026-02-05T10:26:21.183693,2,59.96,25.78,35.32,171.26,5.89,54.41,98.51,187.06,pigeonpeas
2026-01-30T09:54:11.183693,2,28.86,36.96,81.06,54.44,8.02,24.41,117.02,91.26,grapes
2026-02-05T13:29:01.183693,1,32.93,33.07,33.49,268.86,5.03,32.15,137.59,176.24,grapes
2026-02-14T22:22:58.183693,2,58.77,35.62,92.2,24.06,5.67,113.27,135.84,141.36,muskmelon
2026-02-18T09:00:18.183693,2,57.0,39.08,56.07,66.11,5.81,18.61,128.93,63.8,grapes
2026-01-29T04:22:43.183693,2,57.26,36.35,80.56,133.28,6.57,112.85,48.63,100.58,banana
2026-02-10T15:49:27.183693,1,40.77,16.1,35.1,293.73,7.23,84.27,80.43,191.97,chickpea
2026-01-27T07:45:41.183693,1,32.03,34.36,66.59,48.39,7.05,139.66,19.97,75.5,coffee
2026-02-12T15:35:18.183693,2,29.41,37.48,42.45,70.84,8.19,11.6,88.83,169.96,grapes
2026-02-10T07:25:22.183693,2,21.08,20.67,75.09,269.98,5.77,92.92,13.91,51.34,rice
2026-01-26T02:09:22.183693,2,30.26,24.1,48.42,280.03,6.96,97.57,52.0,6.44,maize
2026-02-18T07:10:28.183693,2,16.55,32.83,67.47,224.63,6.94,51.58,74.64,157.16,grapes
2026-02-06T15:11:18.183693,2,14.04,27.62,33.35,38.05,5.52,111.22,103.23,42.49,banana
2026-02-18T12:46:36.183693,1,32.2,15.55,72.98,261.78,6.12,103.05,103.59,24.89,maize
2026-02-14T05:54:20.183693,1,37.87,31.09,97.35,123.58,7.48,50.23,32.2,22.8,orange
2026-02-09T07:46:06.183693,1,14.22,27.31,53.14,215.69,4.81,105.1,111.78,118.66,banana
2026-01-30T18:56:32.183693,1,45.44,28.81,80.27,270.53,8.33,61.01,116.79,176.68,grapes
2026-02-13T18:43:29.183693,1,17.21,31.75,85.15,219.04,5.28,93.96,135.43,90.46,banana
2026-01-23T06:42:45.183693,2,17.68,19.15,73.92,84.95,7.87,47.39,134.41,80.33,grapes
2026-01-31T12:58:41.183693,1,32.78,16.49,32.85,237.3,8.38,12.3,24.59,156.34,grapes
2026-02-05T20:26:58.183693,2,17.54,38.22,97.9,90.95,5.78,58.38,108.73,148.03,apple
2026-01-22T19:43:53.183693,2,59.36,18.34,55.27,195.16,7.28,68.79,7.34,29.42,coffee
2026-02-01T17:44:47.183693,2,16.38,25.69,61.85,58.53,5.87,90.57,124.88,75.96,grapes
2026-02-16T13:02:04.183693,1,58.14,27.9,30.78,53.77,5.06,53.85,68.51,13.95,mothbeans
2026-02-16T13:08:45.183693,1,37.7,37.74,61.57,7.1,7.24,67.87,72.54,40.47,muskmelon
2026-02-11T22:52:08.183693,3,44.86,19.05,68.55,200.15,8.18,54.57,80.42,57.25,pigeonpeas
2026-02-11T05:53:49.183693,1,45.45,30.74,93.13,118.24,7.56,83.5,139.61,156.13,apple
2026-01-24T15:43:10.183693,3,20.63,26.48,96.18,123.49,8.24,65.35,137.45,173.05,apple
2026-02-02T19:19:32.183693,2,17.11,24.3,96.08,154.43,5.62,62.72,50.24,101.82,papaya
2026-01-31T10:14:11.183693,3,17.66,21.58,82.27,239.96,7.82,69.95,85.4,158.72,rice
2026-02-07T07:40:07.183693,1,11.23,30.76,67.74,182.42,6.37,113.92,39.66,145.69,coffee
2026-01-27T11:08:28.183693,3,18.79,19.2,84.06,116.17,4.6,90.17,104.5,13.88,banana
2026-02-20T03:40:34.183693,2,54.65,27.02,78.29,160.94,5.91,54.21,126.27,81.63,grapes
2026-01-29T04:59:07.183693,1,54.22,30.44,75.26,133.13,6.18,105.77,140.27,110.6,banana
2026-01-22T03:19:23.183693,1,41.32,23.11,73.93,75.54,7.92,45.63,58.96,51.56,papaya
2026-02-19T22:39:10.183693,2,19.79,30.74,33.56,13.79,6.9,77.32,101.41,178.38,muskmelon
2026-02-19T07:31:09.183693,2,39.55,32.91,71.61,56.45,4.86,79.77,80.37,24.89,maize
2026-02-06T16:11:18.183693,1,45.79,26.88,45.1,142.46,7.05,11.69,131.64,15.52,pigeonpeas
2026-02-04T10:47:50.183693,1,51.61,23.81,46.34,88.69,7.37,84.61,51.73,185.36,coffee
2026-01-27T16:53:56.183693,1,12.15,22.54,97.82,195.16,7.28,10.23,142.0,136.25,apple
2026-02-15T06:41:35.183693,1,58.16,36.22,38.24,242.26,7.2,68.82,31.91,178.54,coffee
2026-01-23T09:57:21.183693,3,52.52,15.77,40.07,109.95,5.21,99.76,10.21,5.56,maize
2026-02-11T07:47:04.183693,2,39.47,34.56,93.21,267.99,7.07,23.77,114.18,203.84,apple
2026-02-11T16:35:23.183693,2,11.92,32.75,97.61,129.08,5.08,30.06,34.51,185.59,apple
2026-02-14T19:12:35.183693,1,13.86,39.28,93.16,31.68,6.09,23.52,20.71,175.99,grapes
2026-02-04T08:27:48.183693,3,21.66,27.45,39.83,161.31,6.27,57.94,143.26,151.13,grapes
2026-01-22T19:10:25.183693,2,25.62,28.41,78.68,19.29,6.14,38.73,74.5,141.7,muskmelon
2026-01-27T10:28:34.183693,3,52.42,21.26,71.84,254.71,5.01,27.16,61.29,25.31,pigeonpeas
2026-01-25T06:28:06.183693,3,30.93,28.05,96.71,177.93,8.28,20.27,54.8,183.58,papaya
2026-02-17T23:15:27.183693,3,58.12,39.27,76.66,60.8,5.66,33.44,50.86,45.33,papaya
2026-02-08T06:57:45.183693,3,17.01,33.42,74.08,270.91,7.13,41.55,61.81,175.04,grapes
2026-01-25T19:10:19.183693,3,24.56,38.32,70.71,256.18,5.27,121.12,84.89,16.68,pigeonpeas
2026-01-23T08:31:50.183693,2,27.11,24.42,84.76,185.24,4.61,49.42,101.69,77.49,papaya
2026-01-23T00:28:14.183693,1,56.59,32.66,85.63,183.63,6.25,61.41,29.88,73.42,watermelon
2026-02-13T06:50:11.183693,1,56.84,30.92,82.82,20.42,4.7,122.13,6.81,182.72,muskmelon
2026-01-31T17:19:19.183693,2,33.23,33.36,48.13,205.77,5.81,116.55,20.92,173.03,coffee
2026-02-04T23:31:14.183693,2,11.07,25.74,31.55,97.91,7.92,111.2,32.23,24.24,coffee
2026-02-12T11:50:32.183693,3,29.07,21.5,67.26,282.36,6.4,133.04,41.94,156.84,coffee
2026-01-25T21:21:12.183693,3,11.92,36.36,50.49,266.99,4.78,22.84,104.0,134.86,pigeonpeas
2026-01-22T20:02:05.183693,3,16.61,16.47,94.74,29.47,4.63,101.47,50.59,27.64,muskmelon
2026-01-24T19:30:18.183693,3,53.89,38.68,43.29,18.84,5.48,59.95,85.72,9.34,muskmelon
2026-01-22T05:15:15.183693,2,30.55,27.74,42.44,54.28,6.14,62.9,92.11,155.33,grapes
2026-02-06T19:23:25.183693,2,19.48,23.91,73.33,263.49,4.77,37.98,34.07,103.41,pomegranate
2026-02-19T17:50:14.183693,2,16.4,30.1,64.18,131.81,4.94,129.56,106.7,178.43,banana
2026-02-14T19:55:10.183693,1,12.39,32.78,47.81,109.67,7.83,52.21,38.13,29.08,mango
2026-02-19T06:49:25.183693,1,30.82,22.0,42.73,51.85,7.61,38.08,80.76,73.35,chickpea
2026-01-29T16:04:26.183693,2,37.73,23.91,68.41,247.42,4.73,39.14,125.65,105.59,pigeonpeas
2026-02-07T22:07:40.183693,2,36.89,20.63,70.85,49.74,6.14,132.86,58.49,107.32,watermelon
2026-02-15T19:25:45.183693,1,37.82,22.73,69.9,175.94,5.68,17.01,113.02,122.29,apple
2026-02-08T21:50:08.183693,1,24.31,32.54,36.19,64.15,8.3,92.26,50.58,15.25,maize
2026-01-25T17:41:10.183693,2,26.26,19.06,94.6,233.09,8.31,88.62,100.59,59.13,papaya
2026-02-11T06:27:09.183693,1,53.3,27.55,89.71,176.53,6.37,45.73,111.74,194.25,apple
2026-02-16T10:19:47.183693,1,31.26,23.98,51.1,293.38,5.51,91.26,38.28,166.94,coffee
2026-02-13T15:13:26.183693,2,40.97,22.25,34.29,12.05,7.43,58.15,66.64,128.95,muskmelon
2026-02-05T23:31:26.183693,3,43.82,20.17,53.71,296.66,8.15,131.95,132.6,176.06,grapes
2026-01-27T08:47:02.183693,2,43.66,37.17,32.01,23.81,6.5,109.61,121.48,50.6,muskmelon
2026-02-14T14:48:14.183693,1,53.6,27.56,33.2,81.37,5.67,93.94,20.39,199.68,grapes
2026-02-19T09:35:11.183693,2,56.84,32.61,89.5,206.46,6.41,12.86,21.72,204.74,apple
2026-02-10T02:58:45.183693,3,27.72,32.55,81.05,13.96,5.47,41.29,62.66,127.17,muskmelon
2026-01-26T06:36:26.183693,3,34.77,15.99,37.3,292.97,4.65,115.93,133.05,124.03,grapes
2026-01-21T17:52:40.183693,3,29.87,28.71,50.37,124.82,6.18,31.35,58.59,53.51,pigeonpeas
2026-02-05T05:38:52.183693,2,23.74,33.67,37.15,37.45,6.2,109.5,100.95,49.2,banana
2026-02-16T01:00:27.183693,3,54.41,21.22,59.32,290.51,7.36,80.85,81.9,75.72,chickpea
2026-01-27T03:38:12.183693,1,21.97,33.1,44.0,124.99,8.07,87.44,19.13,176.01,coffee
2026-01-21T14:14:03.183693,2,29.08,39.25,97.06,259.35,7.51,56.08,58.93,191.57,papaya
2026-02-15T10:16:28.183693,1,51.57,26.21,60.37,17.07,5.97,25.89,75.73,33.15,muskmelon
2026-01-31T22:26:40.183693,2,41.21,24.43,60.58,131.44,7.01,52.12,66.45,57.74,papaya
2026-02-10T04:15:03.183693,1,55.38,21.08,48.11,85.14,4.53,87.48,71.56,50.72,banana
2026-02-15T13:58:02.183693,3,27.07,23.55,56.26,114.83,5.67,49.01,43.76,99.93,chickpea
2026-01-25T18:56:10.183693,1,22.6,20.77,40.6,176.73,7.19,32.43,23.01,30.15,mango
2026-02-01T04:56:33.183693,2,57.37,18.7,79.25,175.3,8.16,79.45,67.83,201.0,rice
2026-01-28T15:52:57.183693,3,35.12,25.74,88.58,58.44,7.44,119.26,54.95,116.79,watermelon
2026-02-07T11:45:31.183693,3,29.75,19.23,40.53,29.09,7.97,89.72,26.72,141.98,muskmelon
2026-02-19T16:19:54.183693,3,47.28,37.81,56.2,132.86,4.86,10.07,87.13,148.34,pigeonpeas
2026-02-05T02:32:41.183693,3,56.6,32.51,30.41,100.76,6.77,35.14,42.31,59.54,mango
2026-02-13T19:22:03.183693,3,50.44,17.12,74.29,186.72,7.96,31.3,10.53,50.1,pomegranate
2026-01-23T01:27:29.183693,3,34.48,37.46,71.35,127.15,7.89,26.72,48.48,98.45,papaya
2026-02-08T06:49:10.183693,2,34.33,16.53,34.27,141.54,6.81,83.89,108.96,75.34,grapes
2026-02-07T10:39:42.183693,2,52.77,18.61,78.21,139.32,8.21,84.73,82.1,110.79,banana
2026-02-05T07:51:01.183693,2,44.93,21.01,50.45,78.37,5.71,46.38,122.31,60.47,grapes
2026-02-10T23:11:10.183693,2,32.9,32.33,43.41,184.98,6.57,18.56,16.24,63.38,mango
2026-01-25T23:00:49.183693,2,56.81,29.12,85.86,198.86,6.91,31.67,103.61,20.93,mungbean
2026-02-17T07:14:37.183693,2,41.2,30.34,61.1,244.85,7.41,24.8,113.29,139.16,grapes
2026-02-11T08:17:15.183693,2,24.1,15.25,51.12,131.24,6.33,77.86,121.93,122.62,grapes
2026-02-16T22:29:40.183693,3,49.8,16.84,50.7,262.11,5.36,98.67,98.96,33.87,coffee
2026-01-26T12:34:47.183693,2,16.58,28.41,45.62,84.65,8.42,87.09,143.77,151.3,grapes
2026-02-14T05:22:05.183693,1,32.71,24.13,39.05,217.5,4.58,24.09,134.04,178.02,apple
2026-02-01T17:31:12.183693,2,27.68,15.17,91.8,163.82,7.66,102.98,76.98,184.07,apple
2026-02-13T19:56:03.183693,3,56.3,30.73,33.1,61.88,7.81,133.65,13.88,15.0,coffee
2026-02-11T03:12:30.183693,2,13.52,30.35,94.0,196.17,7.74,86.93,54.36,43.13,papaya
2026-02-08T13:54:08.183693,2,32.69,18.59,81.39,48.22,6.23,59.83,98.49,9.17,orange
2026-02-02T10:23:10.183693,2,56.11,34.59,38.62,253.62,5.56,42.55,5.57,121.77,mango
2026-02-02T18:32:52.183693,2,45.91,34.24,90.17,141.97,5.21,41.83,133.07,40.2,papaya
2026-02-12T07:08:02.183693,1,20.33,20.53,91.85,58.17,7.96,105.59,116.04,27.1,papaya
2026-01-25T22:10:43.183693,1,18.18,35.31,59.8,97.98,5.26,126.12,137.03,193.59,grapes
