timestamp,farm_id,N,P,K,pH,temperature_C,humidity_percent,soil_moisture_percent,rainfall_mm
2026-02-23T21:49:52.264857,1,81.85,14.71,188.12,6.78,24.58,88.16,20.86,25.6
2026-03-05T13:39:45.264857,3,84.33,54.53,60.8,7.7,30.26,63.55,15.43,194.55
2026-02-18T11:38:52.264857,2,112.71,113.4,100.33,5.76,27.46,39.5,57.41,275.46
2026-03-08T05:20:49.264857,1,51.1,33.0,201.02,8.49,27.91,30.47,57.2,66.24
2026-02-24T17:26:29.264857,1,81.26,110.48,36.12,7.97,36.94,67.49,55.21,258.68
2026-02-13T17:23:21.264857,2,128.85,66.67,7.66,5.46,24.48,41.04,37.25,250.24
2026-03-05T14:50:10.264857,1,103.99,73.57,69.25,5.59,29.99,39.62,10.79,147.24
2026-02-16T22:28:24.264857,1,71.61,54.24,185.32,7.1,26.66,60.53,50.9,17.52
2026-02-23T16:22:18.264857,2,27.96,64.13,118.94,4.93,28.74,75.44,53.01,143.28
2026-03-02T02:49:55.264857,1,94.29,124.22,110.61,5.22,21.46,86.38,53.07,162.9
2026-02-19T13:12:17.264857,2,101.0,61.9,78.62,7.77,33.31,52.83,58.86,288.07
2026-02-15T15:46:05.264857,3,23.04,33.4,83.92,7.49,15.37,96.11,23.32,29.9
2026-03-11T15:59:07.264857,2,35.52,35.21,179.98,6.86,39.12,88.59,57.6,52.14
2026-03-05T05:20:30.264857,2,46.16,97.22,148.49,5.7,24.44,73.08,50.95,121.48
2026-03-01T13:25:17.264857,3,19.67,137.67,58.44,5.85,27.42,85.58,39.76,275.27
2026-03-03T23:27:01.264857,3,16.88,6.52,35.0,7.52,25.92,74.62,13.43,219.0
2026-02-13T21:54:01.264857,2,95.41,111.36,114.81,6.69,30.38,95.34,25.73,134.44
2026-03-13T23:54:31.264857,3,38.44,24.27,42.0,4.77,16.63,52.69,29.38,241.34
2026-03-07T09:01:32.264857,1,125.43,41.47,112.76,7.67,38.42,37.17,41.25,98.51
2026-02-24T06:49:47.264857,1,47.51,98.19,122.9,6.54,34.09,84.36,38.48,299.3
2026-02-19T06:06:56.264857,2,89.73,143.95,131.72,6.22,35.3,37.13,26.86,297.85
2026-02-28T08:07:32.264857,1,48.01,26.2,66.73,6.11,24.33,82.85,12.78,41.48
2026-03-05T02:19:57.264857,2,138.56,70.83,173.57,6.2,31.29,44.75,52.05,21.03
2026-02-16T10:52:20.264857,3,131.14,46.16,177.8,5.46,26.25,43.57,16.39,54.38
2026-03-06T18:39:33.264857,2,63.75,125.32,137.08,6.88,26.11,32.92,28.69,199.56
2026-02-21T10:32:21.264857,3,76.58,142.49,187.09,7.0,38.09,68.25,15.64,192.47
2026-03-08T23:09:50.264857,3,139.8,109.49,60.76,4.87,33.18,86.88,55.43,81.94
2026-02-26T14:27:45.264857,1,131.72,72.11,53.66,7.4,30.14,68.17,52.58,166.66
2026-02-22T06:51:34.264857,1,126.6,71.3,71.04,4.96,31.87,73.6,29.73,46.13
2026-02-24T23:30:07.264857,3,15.68,36.28,53.46,4.71,17.86,41.47,33.8,229.55
2026-03-12T10:28:27.264857,1,114.16,81.3,38.11,6.82,25.95,64.8,17.39,279.74
2026-03-02T17:21:35.264857,3,117.65,132.12,20.28,6.78,19.69,67.27,44.41,219.38
2026-02-28T10:36:39.264857,3,138.27,35.29,102.22,6.29,34.21,52.2,28.27,5.22
2026-02-15T06:49:44.264857,2,93.45,131.19,174.18,4.73,17.13,65.09,33.14,291.72
2026-03-07T15:51:43.264857,1,21.4,93.54,52.92,5.29,24.17,59.67,21.36,17.33
2026-02-26T09:29:13.264857,3,65.29,91.96,22.68,7.47,19.29,55.74,35.73,195.14
2026-02-12T19:11:34.264857,3,78.16,137.08,108.78,7.7,26.9,42.33,34.53,146.36
2026-02-18T21:23:06.264857,3,40.81,54.94,180.55,4.68,31.71,40.97,30.92,130.01
2026-02-14T17:10:05.264857,3,129.24,142.5,93.24,8.3,27.55,31.77,27.29,70.49
2026-02-16T23:02:25.264857,2,97.43,22.8,143.91,7.93,19.37,86.55,38.52,118.04
2026-02-18T10:56:38.264857,2,42.18,111.85,82.39,4.53,27.69,40.46,47.12,274.9
2026-02-23T23:41:22.264857,2,95.19,102.11,92.51,6.78,38.17,60.56,28.73,289.61
2026-02-18T08:47:54.264857,3,138.31,132.51,38.45,8.25,38.55,39.74,31.95,141.23
2026-03-09T13:23:41.264857,2,55.44,34.4,149.77,6.78,37.86,48.35,28.77,113.5
2026-02-19T07:57:16.264857,1,20.4,134.06,96.06,4.75,23.11,88.25,12.71,5.59
2026-02-27T19:23:13.264857,1,82.36,47.01,61.21,5.46,29.93,80.16,27.5,123.24
2026-02-15T19:35:23.264857,2,64.76,83.06,129.3,7.77,30.35,30.36,50.92,0.39
2026-03-02T04:00:14.264857,2,76.6,73.32,169.79,8.23,15.33,67.35,58.71,22.21
2026-02-19T04:30:53.264857,3,61.97,7.27,60.74,7.86,32.85,62.65,23.43,0.5
2026-02-26T23:46:15.264857,1,49.49,94.05,5.8,5.31,39.41,51.08,25.12,10.65
2026-02-20T12:34:44.264857,3,54.45,69.01,160.36,8.44,31.97,63.97,27.79,184.33
2026-02-14T19:35:18.264857,1,67.34,76.34,186.06,5.54,28.35,51.43,16.92,211.43
2026-02-23T19:30:59.264857,1,49.09,83.64,164.64,6.76,33.42,95.36,58.28,251.7
2026-03-13T09:56:48.264857,3,100.87,116.86,77.94,5.1,28.25,73.15,15.92,41.81
2026-02-24T22:13:32.264857,3,110.46,48.47,200.44,8.28,23.46,50.67,45.45,108.83
2026-03-05T17:13:15.264857,2,14.63,78.92,179.24,5.95,35.58,53.01,40.13,157.82
2026-02-19T15:39:33.264857,3,73.48,134.41,44.76,7.52,26.37,69.01,18.31,204.64
2026-03-14T10:03:10.264857,3,90.89,39.42,84.27,5.98,35.01,44.04,20.54,44.0
2026-02-18T11:47:26.264857,3,78.4,88.99,143.32,7.55,27.33,43.86,48.6,132.7
2026-03-11T21:13:37.264857,1,78.54,10.99,96.01,7.21,28.59,63.22,43.69,252.91
2026-03-14T02:57:13.264857,1,122.99,132.97,198.86,5.44,31.09,71.1,53.8,217.03
2026-03-12T13:12:30.264857,1,37.64,15.37,91.81,6.45,25.75,96.74,49.46,118.08
2026-02-21T02:55:20.264857,2,109.28,38.61,90.59,6.83,31.69,79.15,15.42,241.59
2026-02-15T12:21:59.264857,1,94.03,73.49,192.0,4.83,30.54,74.5,55.18,235.19
2026-02-14T05:55:01.264857,1,112.58,11.14,138.41,5.03,20.03,95.04,46.89,245.83
2026-02-15T17:38:22.264857,2,63.86,81.63,13.82,6.64,33.29,80.18,39.79,183.65
2026-02-17T20:15:24.264857,1,126.33,55.51,121.32,5.24,37.19,74.69,40.13,274.05
2026-02-13T19:27:54.264857,1,62.21,19.14,110.96,8.19,26.04,41.42,17.92,184.72
2026-02-27T01:47:14.264857,3,87.85,22.45,188.92,4.55,30.85,57.75,28.85,91.15
2026-03-04T09:53:52.264857,2,30.73,89.11,95.72,7.88,26.01,89.02,52.04,237.81
2026-02-21T01:06:26.264857,1,117.58,126.6,67.38,5.18,34.88,69.55,38.71,134.65
2026-02-17T04:29:17.264857,1,54.89,100.86,103.68,4.56,30.59,81.15,10.61,105.07
2026-03-08T03:20:27.264857,2,38.48,17.09,85.24,6.87,37.69,96.69,22.38,215.77
2026-02-19T10:25:19.264857,3,35.31,49.76,82.25,4.91,15.47,97.7,11.95,74.59
2026-02-21T20:48:25.264857,2,119.3,28.98,120.42,4.82,33.9,46.99,23.27,263.09
2026-03-08T22:42:15.264857,2,47.48,114.13,101.0,6.24,26.9,55.27,51.02,77.67
2026-02-20T20:30:04.264857,2,39.97,24.4,41.9,4.74,23.41,70.92,11.54,178.58
2026-02-17T12:38:20.264857,3,47.65,25.63,25.26,8.16,20.92,91.45,27.82,244.19
2026-03-05T07:14:11.264857,2,122.59,75.83,164.25,5.94,34.61,67.89,22.59,148.18
2026-03-11T06:42:18.264857,3,75.0,96.31,107.98,6.01,39.95,36.25,39.8,34.55
2026-03-01T22:03:12.264857,2,127.19,22.22,198.33,6.31,15.33,42.9,28.19,213.35
2026-02-26T11:22:04.264857,3,122.96,108.8,112.0,8.33,33.16,58.02,31.95,231.51
2026-03-13T11:43:07.264857,3,75.52,31.11,199.54,5.61,17.69,87.39,36.17,164.37
2026-03-11T07:49:36.264857,2,21.59,57.69,12.34,6.97,31.01,90.8,17.31,117.03
2026-02-24T23:44:39.264857,1,126.67,121.84,45.97,8.29,29.96,99.51,32.35,104.61
2026-02-25T15:35:57.264857,3,37.83,136.57,61.46,6.4,26.62,53.33,47.34,83.67
2026-03-01T16:09:11.264857,3,121.31,102.45,122.55,5.45,15.06,65.45,47.05,212.41
2026-02-17T06:10:10.264857,1,59.91,97.17,20.22,5.48,16.71,46.48,49.16,228.83
2026-03-10T17:12:07.264857,1,61.3,65.9,7.08,5.53,26.83,35.08,31.97,124.54
2026-02-27T06:47:54.264857,1,96.31,80.82,58.52,5.45,25.55,60.65,12.94,220.01
2026-02-21T05:04:27.264857,2,69.43,73.81,50.71,8.31,28.09,54.44,14.41,90.26
2026-03-07T14:07:33.264857,3,100.57,143.52,141.33,8.38,31.04,41.83,37.79,36.62
2026-03-06T13:51:33.264857,1,70.04,112.11,73.52,5.23,38.16,84.82,15.67,93.87
2026-02-25T05:02:42.264857,2,128.94,74.8,43.29,5.25,15.5,45.98,49.16,91.27
2026-03-14T17:23:56.264857,2,62.69,92.65,152.43,8.49,28.87,71.89,19.79,74.04
2026-02-20T20:09:42.264857,2,26.91,49.57,160.64,5.67,19.71,61.93,23.86,26.01
2026-03-06T08:26:11.264857,3,103.18,44.71,60.43,6.63,36.38,60.29,18.08,113.11
2026-02-25T00:06:06.264857,2,51.87,34.89,115.11,4.77,25.7,41.27,22.04,292.3
2026-02-18T11:19:14.264857,1,34.3,120.48,116.2,7.73,25.3,36.64,19.42,277.54
2026-02-22T07:28:35.264857,1,72.62,48.69,14.67,6.88,22.95,63.79,44.09,132.12
2026-02-24T18:30:40.264857,2,93.58,121.35,170.24,5.12,23.97,33.44,17.73,102.33
2026-02-20T17:57:15.264857,1,127.02,111.71,194.61,8.28,19.14,55.5,39.0,262.23
2026-02-15T06:27:04.264857,2,20.25,95.1,192.94,6.14,25.41,73.86,33.08,111.2
2026-03-09T12:30:38.264857,3,85.63,109.67,21.76,5.51,32.38,54.0,25.16,64.09
2026-02-20T01:35:46.264857,2,65.6,80.08,78.44,8.05,27.53,57.1,10.89,7.54
2026-02-15T19:42:36.264857,2,122.61,61.92,153.97,7.75,33.28,95.74,58.1,192.53
2026-02-23T22:52:54.264857,3,110.45,126.59,12.6,5.77,33.15,85.24,39.03,290.29
2026-02-16T23:03:19.264857,1,93.61,43.6,148.38,7.74,38.71,61.55,23.14,163.42
2026-02-23T16:16:59.264857,3,26.62,131.22,42.53,4.7,15.33,64.13,14.28,55.05
2026-02-17T03:37:51.264857,2,89.47,133.41,172.15,6.31,18.61,61.73,38.96,5.63
2026-03-09T23:35:29.264857,2,80.76,27.74,164.58,6.33,18.48,69.01,49.71,90.03
2026-02-17T14:31:27.264857,2,134.68,34.49,204.03,5.6,32.13,81.06,50.41,58.28
2026-02-19T11:54:33.264857,1,87.15,121.31,63.43,6.52,17.26,55.27,25.83,5.67
2026-02-25T01:27:55.264857,1,79.63,126.18,120.6,6.55,35.06,41.1,46.92,131.5
2026-03-13T08:57:04.264857,2,48.14,133.93,88.8,5.73,17.59,30.08,16.46,201.71
2026-02-13T14:02:18.264857,1,34.29,74.86,180.22,5.41,22.75,89.34,34.9,101.5
2026-02-14T04:27:26.264857,2,34.3,39.65,96.21,4.71,22.04,83.78,22.49,57.53
2026-02-13T21:54:38.264857,1,97.92,92.29,105.21,6.96,21.82,55.7,33.47,271.39
2026-02-22T20:21:07.264857,3,116.73,64.99,158.24,7.53,30.75,94.96,24.67,154.53
2026-02-27T05:14:49.264857,2,113.25,103.51,172.12,6.95,31.73,70.08,56.8,25.02
2026-02-16T16:49:49.264857,2,83.05,71.0,78.02,4.81,20.13,42.11,37.11,82.32
2026-03-07T18:48:29.264857,1,34.18,93.01,190.49,5.06,27.79,93.17,33.25,172.05
2026-02-24T11:43:35.264857,2,124.45,65.07,149.95,5.27,38.94,57.31,59.22,260.95
2026-02-18T03:19:22.264857,2,56.69,138.19,176.68,7.56,15.16,55.77,26.55,149.96
2026-03-04T09:55:17.264857,2,134.21,9.17,74.7,7.13,32.26,82.24,14.47,91.12
2026-03-09T15:54:57.264857,3,71.88,40.24,72.73,4.95,28.6,60.33,25.92,231.74
2026-02-18T11:10:39.264857,3,67.96,8.91,91.71,6.61,17.36,84.81,43.61,50.58
2026-02-16T05:42:24.264857,2,94.08,120.18,83.16,4.83,25.92,86.45,23.57,276.63
2026-02-16T00:57:55.264857,3,46.07,118.23,97.16,7.02,23.69,73.95,10.37,4.41
2026-02-20T03:19:29.264857,3,69.7,127.5,24.54,5.02,20.71,61.0,40.61,197.82
2026-03-02T16:35:06.264857,1,61.26,58.66,18.22,7.79,23.06,42.33,51.01,250.7
2026-02-15T01:34:44.264857,2,80.22,108.23,57.36,7.61,17.38,57.72,39.35,252.91
2026-03-11T14:58:15.264857,2,119.35,75.62,64.84,6.93,33.73,78.58,48.42,211.54
2026-02-18T11:26:06.264857,2,137.07,79.99,78.39,7.2,34.44,50.69,29.43,80.55
2026-02-25T13:25:30.264857,3,72.01,24.91,36.65,5.86,18.8,50.21,10.72,118.15
2026-03-06T14:20:51.264857,2,21.18,129.45,75.74,7.11,23.02,37.95,57.26,181.78
2026-03-02T10:01:21.264857,3,40.9,65.96,109.73,5.34,30.45,56.36,31.91,40.44
2026-02-21T22:36:00.264857,1,75.56,86.93,72.9,8.04,25.09,61.67,35.54,198.99
2026-02-28T05:35:48.264857,2,68.99,140.19,132.36,6.5,23.81,96.63,39.84,73.71
2026-02-28T01:08:58.264857,1,56.07,142.31,86.42,8.01,38.05,47.22,30.77,190.59
2026-02-21T14:54:07.264857,2,11.94,51.35,191.34,5.93,20.36,79.29,55.99,42.04
2026-02-19T13:12:57.264857,2,45.08,75.46,65.02,8.48,24.23,71.59,31.3,99.24
2026-02-13T17:01:32.264857,1,91.17,83.31,108.76,6.18,22.03,43.65,26.7,167.83
2026-03-12T15:26:44.264857,2,127.07,16.17,30.62,4.76,31.03,80.77,41.3,82.08
2026-03-05T15:01:26.264857,2,100.55,91.15,160.86,7.29,25.31,49.61,29.74,285.95
2026-02-19T17:26:59.264857,2,113.36,13.92,18.64,6.59,32.62,65.13,37.49,124.38
2026-03-04T09:04:44.264857,3,102.14,96.42,53.71,6.52,17.49,65.91,21.88,146.27
2026-03-10T12:51:04.264857,1,81.91,40.91,137.36,6.42,20.85,87.47,21.96,2.02
2026-02-22T11:02:02.264857,3,19.87,84.0,170.89,6.85,26.49,37.87,25.52,170.87
2026-03-12T20:20:17.264857,1,12.68,23.93,156.28,4.65,22.07,79.11,47.36,201.81
2026-03-06T11:47:59.264857,2,111.73,51.86,182.4,7.43,25.5,54.09,48.68,288.97
2026-03-10T18:30:26.264857,2,93.31,8.76,62.81,5.89,27.63,84.33,22.45,28.59
2026-03-11T20:01:45.264857,1,139.99,91.52,28.01,6.66,18.53,82.55,26.93,150.47
2026-03-03T10:24:42.264857,3,137.01,53.73,71.55,7.62,29.38,48.5,29.14,121.71
2026-03-13T10:58:08.264857,1,27.91,75.7,115.88,4.52,21.96,82.47,26.06,149.51
2026-02-13T08:32:28.264857,2,12.17,142.97,75.66,8.45,24.88,33.76,30.45,211.64
2026-02-13T02:54:37.264857,2,11.86,10.3,200.53,6.11,36.9,59.96,59.79,186.91
2026-02-23T14:38:39.264857,2,29.58,113.36,138.4,7.07,26.85,34.44,56.43,234.79
2026-02-24T18:13:46.264857,3,44.09,87.67,97.01,5.76,30.33,84.78,17.24,216.38
2026-02-22T18:25:10.264857,2,128.99,114.24,36.69,6.11,15.41,76.5,49.42,116.85
2026-02-27T05:31:09.264857,3,106.45,27.66,125.26,5.45,29.47,74.29,38.68,175.57
2026-02-20T16:28:40.264857,1,15.39,105.37,179.38,5.4,25.49,78.78,16.03,143.57
2026-02-22T20:39:31.264857,1,117.69,131.13,16.08,6.74,27.08,55.82,59.05,45.28
2026-02-24T00:12:02.264857,2,136.97,100.23,27.73,5.89,33.14,42.17,37.58,244.41
2026-03-13T23:09:34.264857,1,36.21,140.61,9.02,6.43,38.41,68.32,13.79,97.48
2026-02-13T18:05:50.264857,1,87.25,123.83,85.54,5.26,22.69,70.93,29.55,295.92
2026-03-09T17:39:31.264857,2,137.09,63.66,151.01,7.22,33.98,72.03,57.05,212.64
2026-03-10T20:24:36.264857,3,58.45,128.57,78.27,6.83,33.49,91.28,38.46,43.87
2026-02-22T12:52:12.264857,1,106.87,98.91,54.49,8.17,20.47,52.95,17.75,221.8
2026-02-22T06:04:36.264857,2,98.41,78.96,184.94,6.55,33.47,71.37,30.51,230.43
2026-02-26T21:09:33.264857,1,38.32,120.6,201.74,6.1,33.82,47.22,35.62,258.06
2026-02-22T06:20:22.264857,2,85.63,60.41,19.15,8.05,19.17,39.68,37.07,139.15
2026-02-16T18:58:36.264857,2,39.56,78.77,17.29,5.89,27.35,59.46,13.15,134.63
2026-03-08T20:37:58.264857,2,60.83,114.18,132.88,5.31,20.79,37.77,49.81,105.94
2026-02-27T04:50:01.264857,1,130.05,109.46,40.64,6.63,20.84,60.38,57.08,113.66
2026-02-19T01:17:39.264857,2,72.19,101.62,154.18,6.67,36.93,90.04,46.23,119.98
2026-03-10T10:15:53.264857,2,77.46,28.45,192.24,7.49,16.16,63.4,21.06,172.54
2026-03-06T20:46:06.264857,2,34.82,17.04,157.71,6.78,17.74,50.17,29.89,33.01
2026-03-04T22:27:22.264857,1,132.39,62.71,102.61,6.33,37.28,77.38,55.28,219.24
2026-02-14T14:20:22.264857,2,111.47,96.9,109.1,4.65,19.85,56.14,18.19,229.67
2026-02-21T06:43:55.264857,2,57.81,72.74,64.39,4.84,32.39,32.51,20.58,274.97
2026-02-25T00:25:28.264857,2,125.71,131.7,43.0,5.65,38.83,32.35,44.56,235.02
2026-02-26T06:45:43.264857,2,11.81,104.59,23.5,7.14,24.23,31.26,19.37,23.33
2026-02-15T21:45:36.264857,3,33.23,20.3,53.35,8.21,31.39,33.39,22.38,15.35
2026-03-14T05:22:51.264857,1,14.62,46.91,15.67,7.58,35.13,94.66,24.67,34.17
2026-03-02T10:52:26.264857,2,86.42,55.97,30.6,6.73,36.25,62.11,58.55,220.59
2026-02-20T02:01:21.264857,2,51.31,64.22,133.48,6.61,19.98,41.55,32.53,113.78
2026-02-21T15:01:02.264857,3,49.44,44.73,92.89,6.55,32.51,95.81,43.65,139.34
2026-02-16T06:43:16.264857,2,139.15,87.49,72.16,8.47,23.8,72.11,26.06,142.04
2026-02-21T03:21:08.264857,2,124.87,48.97,161.01,7.85,22.4,44.88,45.54,68.01
2026-03-07T14:07:45.264857,2,40.11,15.53,31.78,4.94,30.19,87.15,48.18,228.32
2026-03-14T14:30:48.264857,3,59.27,24.72,141.48,6.66,20.74,51.54,25.21,23.06
2026-03-08T15:59:58.264857,2,138.28,109.74,134.0,6.15,37.3,73.26,46.68,27.93
2026-02-20T12:51:49.264857,1,121.23,140.84,187.16,5.2,32.32,53.0,41.59,116.17
2026-02-15T04:50:24.264857,1,43.76,9.17,146.02,7.16,15.3,46.69,13.45,80.0
2026-03-02T22:21:47.264857,2,68.03,51.37,45.42,6.46,15.1,61.59,46.28,148.23
2026-03-04T17:23:46.264857,2,51.9,123.3,29.26,6.16,31.64,48.42,34.39,243.07
2026-03-12T21:13:42.264857,1,80.84,14.23,20.47,5.31,22.49,46.33,17.92,264.48
2026-03-03T06:10:39.264857,2,70.5,26.7,183.36,5.71,25.9,92.73,26.7,238.68
2026-02-25T03:42:50.264857,2,23.22,130.42,165.38,5.27,34.12,86.87,37.18,192.54
2026-02-15T06:29:54.264857,2,62.88,130.31,156.74,6.76,36.88,68.92,33.39,171.93
2026-03-10T13:07:07.264857,3,99.97,102.6,106.54,5.37,33.34,49.21,10.05,126.15
2026-02-15T05:25:23.264857,3,37.6,113.49,202.72,5.06,32.6,76.46,39.25,266.63
2026-02-13T04:05:52.264857,2,20.41,68.63,9.96,7.28,20.93,64.81,52.78,70.76
2026-02-21T18:03:36.264857,3,43.93,58.94,80.73,7.68,25.17,70.39,16.83,173.21
2026-03-02T05:57:15.264857,1,97.36,135.0,71.05,6.46,20.71,89.08,29.81,51.43
2026-03-02T15:42:44.264857,2,42.93,33.78,145.5,6.54,20.55,77.42,25.01,236.4
2026-02-26T03:56:35.264857,2,89.82,35.02,177.57,8.34,39.92,30.98,50.25,227.9
2026-02-15T21:42:59.264857,1,90.56,98.85,178.93,7.1,22.27,94.65,54.06,95.18
2026-02-21T10:28:11.264857,3,108.44,69.49,118.57,6.2,29.2,50.09,29.32,217.42
2026-02-22T14:00:24.264857,2,77.15,125.99,181.35,5.11,38.47,97.98,50.01,195.92
2026-03-10T12:55:37.264857,3,139.16,104.85,64.31,7.92,26.59,81.67,33.62,104.89
2026-03-04T04:20:56.264857,1,63.23,119.79,170.51,6.84,23.64,65.0,36.97,221.87
2026-03-13T11:45:59.264857,1,13.52,124.64,204.66,6.0,22.07,83.75,55.99,127.2
2026-03-13T22:21:31.264857,3,12.4,35.25,23.32,8.0,30.84,59.29,10.73,61.84
2026-03-13T08:21:13.264857,1,40.08,103.15,167.35,5.77,27.72,95.97,23.33,275.71
2026-03-05T03:28:18.264857,3,38.04,120.83,66.15,7.47,37.41,57.33,31.12,133.54
2026-02-23T20:08:15.264857,3,35.75,86.68,191.15,4.86,26.58,36.98,14.42,299.76
2026-02-24T03:57:37.264857,2,105.74,58.35,101.99,7.5,15.68,46.86,30.48,214.92
2026-02-20T12:00:50.264857,2,68.25,68.45,159.77,5.02,31.71,95.26,39.54,11.07
2026-02-13T10:19:15.264857,2,73.22,9.53,77.83,6.11,38.48,81.41,43.5,293.79
2026-02-22T20:12:47.264857,1,132.12,109.38,132.68,4.97,37.62,48.13,58.65,246.45
2026-03-10T21:03:32.264857,3,114.69,43.05,142.36,6.53,19.4,96.32,11.42,214.85
2026-03-04T13:54:55.264857,1,37.59,120.92,83.5,6.39,36.96,42.45,32.1,209.17
2026-02-25T14:35:30.264857,2,120.6,42.42,119.6,7.8,27.54,87.61,47.95,45.28
2026-03-11T11:34:37.264857,2,46.51,135.61,69.32,7.44,22.85,33.1,52.02,135.16
2026-02-18T14:45:29.264857,3,127.73,55.24,78.95,7.19,28.8,95.41,22.86,50.13
2026-03-01T15:01:31.264857,1,52.16,83.44,88.11,6.08,39.51,95.6,21.93,268.87
2026-03-05T15:33:59.264857,2,134.62,111.61,56.65,7.81,39.06,56.76,31.2,195.53
2026-02-25T21:24:38.264857,2,101.63,60.62,169.7,5.51,25.71,47.31,57.16,71.54
2026-02-27T02:18:28.264857,3,15.7,138.12,35.9,8.02,27.55,69.87,39.3,83.92
2026-03-13T08:59:58.264857,2,43.57,82.53,132.57,7.83,28.26,47.41,59.8,281.51
2026-03-02T20:13:56.264857,1,121.12,71.36,112.28,8.46,37.61,47.38,25.73,0.08
2026-03-04T11:40:26.264857,3,67.59,18.5,11.1,5.49,24.65,73.51,47.7,210.08
2026-03-05T18:09:00.264857,2,44.02,86.02,157.9,6.56,39.95,52.64,26.96,6.74
2026-02-22T00:31:45.264857,2,120.57,97.88,172.81,6.02,30.99,39.86,23.26,126.03
2026-03-12T14:35:15.264857,2,131.62,12.76,90.86,5.01,33.8,92.38,39.44,217.75
2026-02-13T20:24:55.264857,1,64.44,15.14,79.31,6.86,39.36,55.0,45.05,282.92
2026-02-20T17:42:50.264857,2,123.17,54.29,123.71,4.83,15.84,46.51,56.3,147.48
2026-02-17T08:52:37.264857,1,72.96,140.65,78.16,7.86,26.12,60.72,23.15,185.05
2026-03-01T20:37:15.264857,2,100.24,111.11,132.99,7.83,19.85,66.06,54.36,148.35
2026-03-13T21:13:02.264857,3,50.31,124.63,165.17,5.09,27.27,68.99,53.37,272.94
2026-02-22T10:49:54.264857,2,94.01,23.71,177.47,5.81,38.42,54.52,10.12,269.76
2026-02-23T00:01:16.264857,1,116.41,108.93,97.02,4.84,17.61,75.07,34.56,6.75
2026-03-04T20:17:17.264857,2,124.09,102.24,122.83,5.84,24.64,61.16,54.21,170.13
2026-02-20T18:18:57.264857,2,42.37,128.51,80.39,8.13,29.42,84.19,53.37,228.48
2026-02-28T17:20:13.264857,3,89.75,88.51,85.12,5.47,18.27,36.37,28.71,232.13
2026-02-16T13:18:20.264857,3,83.46,97.03,90.04,8.36,28.27,67.92,43.6,29.55
2026-02-19T15:02:41.264857,1,94.85,121.91,161.48,7.66,17.64,51.76,23.88,83.95
2026-02-24T01:19:14.264857,2,55.25,51.45,71.02,7.83,20.09,45.44,58.44,26.49
2026-02-26T13:57:28.264857,3,86.34,95.91,115.15,5.96,25.85,88.93,46.76,72.55
2026-03-13T07:54:48.264857,3,35.01,23.58,20.73,7.22,30.75,58.55,14.78,247.53
2026-02-23T23:50:48.264857,3,36.11,28.91,176.14,5.52,17.09,45.0,24.34,216.16
2026-02-13T06:43:45.264857,3,31.79,131.14,135.75,5.81,22.83,45.61,41.44,204.45
2026-03-14T12:51:48.264857,3,67.85,86.97,145.29,6.9,32.87,52.05,43.0,73.44
2026-02-26T12:04:06.264857,2,103.85,78.47,144.93,4.61,18.77,57.01,25.65,198.19
2026-03-07T01:21:42.264857,1,14.36,17.27,53.87,7.24,21.71,48.73,11.59,167.66
2026-02-19T05:14:46.264857,2,110.06,64.97,7.62,5.39,19.24,91.46,28.46,71.24
2026-03-11T10:42:03.264857,2,109.72,35.09,132.77,4.55,19.58,98.32,27.77,165.45
2026-02-14T14:45:48.264857,1,102.64,93.21,27.1,5.04,24.43,67.32,44.69,298.95
2026-02-22T11:48:32.264857,1,130.16,139.11,200.48,6.7,15.95,87.01,20.7,252.86
2026-03-09T13:39:01.264857,3,109.0,64.91,141.03,8.02,31.35,81.29,22.43,269.78
2026-02-19T19:49:41.264857,1,27.04,7.31,127.35,4.67,18.26,32.74,44.35,198.08
2026-03-01T08:08:19.264857,2,59.07,128.61,172.65,6.85,28.0,58.74,42.99,163.97
2026-02-18T22:47:50.264857,2,121.72,110.82,164.59,8.38,31.44,96.44,27.46,257.51
2026-02-17T21:35:41.264857,3,28.65,72.46,92.18,4.6,20.66,35.2,18.88,213.26
2026-02-13T22:42:32.264857,3,92.16,131.82,24.35,7.58,26.85,30.18,12.98,102.57
2026-03-05T13:10:57.264857,3,104.56,26.54,72.86,6.84,29.99,41.04,30.27,31.69
2026-03-02T09:18:09.264857,3,19.69,82.14,204.47,7.43,32.96,42.46,44.56,188.46
2026-02-25T11:52:42.264857,3,133.16,62.81,122.4,6.71,35.21,74.24,32.78,214.32
2026-03-06T03:21:10.264857,2,69.41,106.92,95.89,7.0,37.05,56.24,32.52,48.75
2026-03-14T04:22:20.264857,3,62.18,40.18,122.17,7.88,22.37,70.76,26.53,74.59
2026-02-20T01:10:17.264857,2,77.4,105.82,59.57,5.2,25.44,68.35,30.18,22.72
2026-02-27T05:10:01.264857,1,31.23,119.54,104.25,8.43,30.65,75.07,11.71,88.52
2026-02-24T22:39:05.264857,3,111.15,96.3,122.71,8.01,32.66,82.55,37.3,94.77
2026-03-01T01:45:04.264857,2,118.82,21.65,185.79,5.16,20.0,85.52,47.06,153.27
2026-03-14T08:41:14.264857,3,44.39,127.5,186.94,7.09,31.21,57.67,27.64,11.97
2026-02-20T06:08:30.264857,3,132.25,56.89,200.72,5.69,16.92,86.11,57.8,119.48
2026-02-14T00:58:52.264857,3,57.32,16.24,180.96,7.89,34.29,66.54,30.01,257.78
2026-02-21T23:23:03.264857,2,48.5,47.76,47.54,6.34,22.65,85.29,29.8,258.44
2026-03-04T07:26:57.264857,1,112.49,28.98,85.31,6.17,26.04,53.95,49.12,87.78
2026-02-23T06:10:38.264857,2,81.02,134.65,60.2,7.08,29.88,93.72,52.46,21.72
2026-02-22T06:54:16.264857,3,25.74,43.41,10.32,7.78,18.68,36.41,22.23,168.99
2026-02-24T18:09:05.264857,2,21.19,108.21,143.64,4.9,24.19,34.88,15.43,235.25
2026-03-04T04:53:07.264857,2,51.31,13.3,76.28,5.05,28.45,58.99,59.43,147.87
2026-02-19T20:45:13.264857,3,46.26,62.87,119.59,4.85,25.21,32.03,14.54,215.67
2026-02-21T13:24:52.264857,3,12.31,13.02,182.38,5.68,33.65,71.36,53.86,168.1
2026-02-24T09:52:01.264857,1,76.27,73.95,136.56,6.06,15.04,62.93,51.26,19.55
2026-03-06T05:16:37.264857,1,119.22,57.15,65.05,4.63,21.24,71.58,36.38,111.1
2026-03-04T14:54:28.264857,1,48.34,39.15,175.92,7.84,33.68,67.01,47.79,96.75
2026-03-08T04:18:26.264857,3,27.09,118.18,8.18,5.98,33.54,33.58,18.9,25.98
2026-02-21T13:30:44.264857,2,138.06,132.68,26.12,5.28,23.49,78.3,52.12,269.43
2026-02-27T08:55:04.264857,2,40.04,62.42,204.74,4.61,29.34,52.69,14.12,166.84
2026-02-26T00:16:28.264857,2,125.0,125.66,75.38,5.73,29.3,82.45,17.25,31.28
2026-03-04T15:32:51.264857,3,64.02,122.58,195.67,5.2,31.38,31.79,32.64,210.23
2026-02-21T21:29:16.264857,3,37.89,27.45,65.8,7.24,17.82,57.0,16.83,18.3
2026-03-14T03:52:42.264857,3,55.54,86.14,95.14,6.52,29.43,90.74,16.34,153.81
2026-02-25T16:15:17.264857,1,46.08,20.03,56.78,4.53,21.34,48.03,25.85,27.9
2026-02-13T11:57:06.264857,3,57.91,31.84,9.73,7.23,19.61,42.58,20.95,238.97
2026-02-15T10:15:55.264857,1,49.58,15.35,47.93,5.69,17.17,39.7,10.77,221.19
2026-03-02T06:51:49.264857,2,102.44,122.81,155.45,5.31,25.49,30.54,17.78,187.86
2026-03-12T06:30:26.264857,3,32.15,38.79,175.84,6.66,36.75,58.1,40.66,119.01
2026-02-25T16:42:09.264857,2,95.87,110.46,117.06,5.05,29.35,51.9,15.3,28.03
2026-03-05T01:28:46.264857,2,13.64,40.82,129.81,7.72,36.33,67.83,16.31,233.93
2026-03-07T19:52:42.264857,1,18.37,52.21,204.77,6.01,20.43,63.3,29.23,210.21
2026-03-06T15:29:48.264857,1,92.8,132.35,57.99,5.17,22.43,67.23,53.61,63.69
2026-02-24T00:15:16.264857,2,72.15,12.01,191.7,5.93,19.63,30.78,54.88,27.09
2026-02-26T15:22:10.264857,1,38.98,99.86,6.61,4.97,17.7,60.73,35.13,270.11
2026-03-02T22:56:10.264857,1,20.84,14.66,177.44,7.67,37.37,78.78,41.42,163.3
2026-03-06T23:51:27.264857,2,78.4,22.88,192.02,5.2,36.15,80.59,13.58,124.29
2026-03-04T07:27:13.264857,1,123.1,49.63,173.82,5.93,15.84,57.31,14.97,132.49
2026-02-23T11:55:25.264857,2,98.56,42.5,160.48,8.41,19.97,42.52,20.53,133.95
2026-03-12T09:42:46.264857,3,21.0,20.83,18.04,5.41,26.25,99.85,51.96,57.35
2026-02-23T12:48:45.264857,2,20.83,86.52,31.09,7.93,15.84,80.18,50.45,87.22
2026-02-28T00:50:08.264857,1,31.85,137.91,12.94,5.6,15.36,63.31,48.75,135.81
2026-03-13T16:10:46.264857,1,133.49,24.3,66.52,5.9,29.57,97.72,27.71,181.66
2026-03-01T04:29:58.264857,3,84.55,134.55,16.9,4.54,35.52,34.11,43.46,260.93
2026-02-15T15:15:39.264857,3,48.75,106.32,113.6,5.73,20.41,63.0,26.18,283.33
2026-02-14T20:20:50.264857,2,126.1,10.74,73.05,7.36,20.86,76.83,17.21,29.15
2026-03-12T18:36:26.264857,1,111.04,14.92,27.08,6.77,33.24,68.02,13.9,41.4
2026-02-24T20:07:31.264857,2,94.93,43.23,28.11,5.5,21.48,54.27,59.62,51.83
2026-02-21T17:22:23.264857,1,30.47,133.5,102.51,7.45,16.59,66.3,32.67,137.76
2026-03-03T21:56:58.264857,2,19.73,100.29,170.03,8.2,16.35,91.89,51.38,215.81
2026-02-25T13:54:42.264857,1,12.62,15.88,122.61,7.37,30.49,72.85,16.18,41.92
2026-02-15T22:34:44.264857,2,62.57,144.06,30.58,7.84,29.09,36.48,16.54,121.75
2026-03-04T18:41:12.264857,2,119.82,121.64,166.35,4.98,32.21,38.91,16.59,24.76
2026-03-12T09:04:03.264857,2,45.41,28.57,196.81,8.34,17.93,94.56,31.72,109.79
2026-02-20T19:51:49.264857,3,44.05,24.85,120.58,4.61,23.46,91.61,14.42,266.34
2026-02-20T05:43:54.264857,2,64.23,22.55,44.21,5.85,23.79,60.31,14.4,181.03
2026-02-18T23:59:14.264857,3,116.56,65.29,135.38,7.88,35.45,31.07,43.31,33.11
2026-03-03T18:36:37.264857,3,66.52,38.06,61.91,7.16,27.0,64.12,35.17,74.43
2026-03-13T09:17:49.264857,2,29.64,118.97,199.54,6.47,33.13,43.51,33.11,74.28
2026-03-07T14:55:21.264857,1,94.46,61.03,71.4,6.86,28.91,46.46,32.34,32.35
2026-03-02T11:55:09.264857,2,54.87,98.19,198.67,5.07,31.4,71.9,44.87,15.86
2026-03-06T12:52:19.264857,1,39.14,109.32,11.66,6.91,20.85,36.42,56.77,287.5
2026-03-14T02:40:02.264857,2,137.78,61.77,114.02,6.77,37.24,85.45,49.16,95.75
2026-02-13T05:31:14.264857,2,105.61,50.67,20.62,5.06,37.69,68.24,30.2,98.78
2026-03-08T16:23:06.264857,1,134.64,110.97,49.66,8.08,35.04,47.37,55.3,167.58
2026-02-24T23:58:41.264857,2,111.68,78.64,77.07,7.73,34.93,83.59,15.71,88.39
2026-03-06T05:01:46.264857,1,106.61,24.67,168.71,6.77,22.97,71.47,10.83,240.52
2026-03-05T02:59:49.264857,3,47.07,28.04,129.98,6.87,31.69,43.28,51.11,77.4
2026-02-17T11:05:03.264857,2,112.01,48.71,106.47,4.64,32.54,59.34,29.29,198.31
2026-03-12T14:51:42.264857,2,30.23,87.43,19.59,7.54,34.83,92.97,12.56,226.49
2026-02-24T00:07:47.264857,2,108.9,30.48,42.85,5.78,23.21,72.52,32.57,57.87
2026-02-14T20:10:30.264857,3,111.68,121.66,106.96,4.86,37.61,71.97,19.66,126.06
2026-02-13T19:31:23.264857,2,19.43,36.06,200.55,6.61,36.74,48.55,15.31,259.18
2026-03-01T00:00:03.264857,2,117.99,140.78,21.95,5.33,26.13,93.34,15.18,191.87
2026-02-21T07:02:25.264857,1,104.07,33.72,11.64,7.5,17.68,85.17,11.58,217.25
2026-03-07T19:03:05.264857,3,12.85,133.84,187.92,8.04,39.02,66.07,58.61,270.27
2026-03-08T03:23:49.264857,2,23.54,47.29,55.11,4.62,35.1,61.67,38.96,114.43
2026-03-02T23:35:31.264857,2,94.69,37.02,106.17,5.78,23.47,95.11,22.66,285.14
2026-03-09T19:31:27.264857,2,61.59,72.26,110.13,5.14,27.77,38.75,58.03,277.59
2026-02-23T13:53:08.264857,1,40.36,27.69,74.89,5.06,15.2,49.18,40.95,64.25
2026-02-16T21:05:33.264857,2,130.82,21.96,34.59,6.66,36.08,48.6,14.48,53.46
2026-03-01T11:28:02.264857,3,72.76,87.41,149.55,8.34,33.65,71.06,28.68,233.72
2026-02-15T19:15:51.264857,2,115.83,87.11,85.01,4.91,34.24,57.67,46.08,51.65
2026-03-03T14:16:21.264857,3,54.76,86.3,122.76,8.09,24.4,67.96,42.34,58.15
2026-02-23T18:30:11.264857,1,32.54,120.02,200.02,7.27,19.56,35.41,26.87,127.78
2026-02-13T07:43:29.264857,1,61.72,49.16,101.54,7.63,29.94,44.11,21.03,167.45
2026-02-14T13:14:33.264857,2,53.09,117.23,202.65,5.02,33.13,63.1,28.66,77.41
2026-02-14T13:20:00.264857,2,44.21,118.89,164.4,5.51,17.91,97.52,13.0,40.65
2026-02-21T03:40:50.264857,3,50.73,97.37,204.68,6.95,37.66,69.07,58.44,35.42
2026-03-09T09:44:53.264857,3,126.11,133.54,127.43,5.43,22.6,53.89,56.69,70.85
2026-02-21T15:09:27.264857,3,26.05,138.23,35.5,7.34,18.63,91.64,27.7,136.56
2026-02-20T23:00:33.264857,1,24.86,16.9,61.07,7.57,26.7,94.63,34.54,190.19
2026-03-09T23:17:15.264857,2,67.17,58.09,74.66,8.26,31.87,79.19,33.43,228.2
2026-02-23T00:15:28.264857,3,96.08,47.56,132.32,6.28,26.6,95.29,56.83,21.78
2026-03-01T05:10:13.264857,2,67.3,54.3,32.71,5.62,38.77,65.34,43.94,250.98
2026-02-28T11:57:04.264857,2,75.84,12.62,145.81,6.58,15.2,83.84,18.6,233.77
2026-02-22T02:04:56.264857,3,129.3,69.28,204.05,7.4,34.83,80.67,55.47,29.37
2026-02-27T12:42:03.264857,2,95.13,13.92,113.87,5.5,27.57,33.89,42.05,172.6
2026-03-01T17:10:58.264857,3,89.85,107.22,170.24,6.4,21.18,37.96,12.0,215.08
2026-02-13T13:42:02.264857,2,104.68,42.3,54.36,5.42,36.94,98.08,32.51,78.55
2026-03-05T17:45:27.264857,1,89.77,22.39,193.49,7.35,33.47,31.12,11.8,43.41
2026-02-17T11:28:45.264857,3,25.56,5.2,172.43,7.6,31.98,88.07,35.1,58.56
2026-03-14T15:05:08.264857,1,12.1,91.11,30.8,6.14,39.03,91.32,25.62,251.22
2026-03-03T16:35:42.264857,1,90.6,21.98,142.04,8.37,22.22,76.03,51.5,136.93
2026-03-13T15:43:52.264857,3,76.64,53.48,117.77,5.53,34.77,54.26,14.19,249.29
2026-03-01T14:05:03.264857,3,119.27,81.59,165.96,6.87,20.01,60.87,19.5,183.22
2026-03-02T10:29:57.264857,1,33.43,90.02,128.39,7.0,27.09,91.91,33.11,162.18
2026-03-09T19:31:32.264857,1,21.18,134.59,202.8,6.25,28.01,79.72,12.49,109.71
2026-03-14T09:27:12.264857,1,51.85,57.5,162.97,8.34,22.44,39.52,51.27,52.64
2026-03-08T04:32:10.264857,2,127.7,69.09,105.27,6.86,39.88,58.14,23.09,175.98
2026-03-04T03:33:45.264857,3,124.27,53.35,99.23,5.1,18.12,58.55,37.17,294.87
2026-02-14T19:50:39.264857,1,33.53,126.25,22.03,8.47,27.36,33.28,14.87,23.38
2026-02-20T01:11:03.264857,2,65.0,84.82,43.05,7.14,30.8,39.64,53.36,274.93
2026-03-13T23:15:16.264857,1,123.92,124.04,186.95,6.47,30.32,41.2,20.39,257.83
2026-03-07T17:45:03.264857,3,52.94,127.92,133.95,8.23,35.46,93.7,43.64,172.17
2026-02-27T20:49:41.264857,1,65.4,69.2,54.21,7.51,39.99,71.07,40.08,275.87
2026-02-13T14:22:53.264857,2,77.9,62.14,143.64,4.84,15.54,62.94,16.93,107.33
2026-03-07T22:31:44.264857,1,83.1,132.33,82.13,7.77,33.31,44.68,39.0,161.68
2026-03-03T03:07:38.264857,3,131.37,115.27,32.41,5.81,16.82,52.68,31.72,28.83
2026-02-25T17:42:57.264857,3,95.56,94.64,35.81,6.18,20.78,34.3,23.27,126.84
2026-02-16T15:07:14.264857,2,135.65,80.12,91.99,7.97,31.84,60.01,24.91,4.81
2026-03-14T05:21:59.264857,3,78.16,47.28,53.61,4.6,19.46,50.74,46.17,222.04
2026-02-24T10:30:43.264857,3,13.65,109.08,194.94,5.97,18.6,73.71,21.83,298.56
2026-03-14T01:32:06.264857,3,85.28,13.5,19.63,5.75,23.11,30.27,19.43,224.56
2026-02-21T21:35:06.264857,2,112.54,12.93,145.77,4.54,38.97,77.58,46.58,73.35
2026-03-04T19:45:33.264857,2,100.33,39.91,110.42,5.19,26.59,57.17,44.79,237.7
2026-03-05T19:01:34.264857,3,137.98,93.83,142.96,8.44,30.29,76.54,10.54,173.6
2026-02-18T00:47:56.264857,3,58.34,123.06,16.73,4.96,23.29,71.3,22.89,25.83
2026-02-25T11:01:44.264857,1,96.98,102.29,99.1,4.52,30.06,84.8,11.43,224.85
2026-02-20T03:54:03.264857,3,120.26,61.56,156.03,8.17,18.36,35.9,15.59,134.54
2026-02-12T22:37:17.264857,3,11.14,144.18,160.77,4.88,22.75,75.78,50.22,94.29
2026-03-10T19:35:25.264857,1,65.86,69.7,148.54,7.36,36.45,70.81,36.15,30.27
2026-02-25T12:52:17.264857,2,94.29,108.54,53.62,5.12,16.77,51.04,59.39,62.22
2026-03-11T15:17:04.264857,2,46.79,95.53,191.63,6.01,23.58,79.89,25.75,33.67
2026-02-25T15:57:55.264857,3,56.6,14.11,38.19,6.02,26.79,32.67,18.3,166.53
2026-02-17T05:50:34.264857,1,39.68,117.9,172.86,6.73,39.71,43.0,30.19,162.91
2026-02-25T07:13:30.264857,3,133.56,96.42,164.54,7.02,20.22,71.86,49.82,86.08
2026-02-19T23:06:58.264857,1,16.95,71.9,84.89,6.7,25.22,76.02,34.98,259.89
2026-03-07T00:49:40.264857,1,129.4,128.18,156.31,5.53,23.75,82.88,39.37,157.33
2026-02-15T15:03:54.264857,3,34.73,143.32,196.19,8.12,20.34,88.4,56.99,232.42
2026-03-02T08:16:25.264857,3,47.11,75.92,147.67,7.19,22.26,53.29,42.24,121.61
2026-02-24T18:31:38.264857,2,67.24,75.53,136.81,7.7,19.41,59.0,21.61,115.8
2026-02-26T14:58:56.264857,1,95.39,135.28,132.47,7.06,18.35,40.37,58.66,44.17
2026-03-10T06:06:26.264857,2,58.64,28.05,81.17,6.38,29.35,93.23,19.92,45.51
2026-02-17T03:17:05.264857,2,83.34,5.14,51.5,8.17,28.1,78.3,19.82,250.01
2026-03-01T18:30:00.264857,3,50.27,48.43,23.08,6.11,22.56,55.81,13.64,200.94
2026-03-08T10:01:25.264857,3,119.69,61.23,130.65,5.79,19.04,49.04,53.39,288.74
2026-03-07T21:43:54.264857,3,61.46,95.49,143.55,7.32,20.35,91.39,36.8,139.69
2026-02-21T22:51:51.264857,2,13.35,88.54,137.67,7.08,27.27,33.86,49.3,245.01
2026-03-06T13:50:36.264857,3,17.72,70.85,179.89,8.47,17.8,94.51,28.18,125.33
2026-02-25T00:12:58.264857,1,30.38,27.69,144.83,6.37,19.82,79.05,38.03,4.46
2026-02-21T21:35:54.264857,2,28.1,71.87,161.42,5.91,15.92,98.18,34.3,4.45
2026-03-04T22:19:23.264857,2,132.68,59.13,128.49,5.29,18.82,54.99,34.46,99.24
2026-03-11T04:09:21.264857,1,66.07,137.67,119.34,4.83,15.44,82.51,35.84,60.06
2026-02-19T15:37:30.264857,3,116.28,76.56,121.11,8.22,31.17,66.8,23.57,10.23
2026-03-08T02:17:35.264857,3,23.96,65.86,22.14,6.03,25.32,30.51,22.39,4.42
2026-02-20T15:29:19.264857,1,65.39,113.15,90.3,5.84,27.32,93.6,13.16,233.94
2026-03-04T06:33:16.264857,2,134.29,114.29,62.46,4.65,19.02,99.41,42.28,56.1
2026-02-13T17:41:01.264857,1,19.86,19.39,104.88,4.57,26.01,66.34,35.62,78.31
2026-02-19T21:29:13.264857,1,36.34,127.13,169.41,8.08,26.86,95.42,52.16,252.75
2026-02-13T16:19:54.264857,1,94.39,108.98,191.36,7.46,17.98,52.72,18.31,43.3
2026-03-02T17:35:45.264857,2,37.35,14.96,59.27,6.67,29.82,62.05,42.98,212.62
2026-02-25T19:13:39.264857,2,118.09,133.36,201.17,7.7,18.76,97.17,16.26,282.13
2026-03-03T18:22:05.264857,3,131.87,106.49,30.7,7.11,19.59,38.87,24.26,289.51
2026-03-02T02:37:44.264857,3,51.56,93.43,38.79,5.75,22.26,45.04,44.43,240.83
2026-02-28T09:40:52.264857,2,18.18,69.95,94.16,8.29,30.83,95.28,15.44,138.78
2026-02-28T15:38:26.264857,1,97.47,71.06,87.11,7.34,32.82,90.76,24.15,7.37
2026-02-22T14:05:13.264857,1,20.22,121.24,171.29,6.66,19.85,52.85,47.56,9.21
2026-02-27T18:39:12.264857,2,55.49,23.99,138.64,5.41,25.01,33.56,34.71,171.79
2026-02-28T00:01:14.264857,2,97.98,76.81,194.49,4.81,20.16,73.0,33.82,197.23
2026-02-19T18:48:38.264857,1,51.36,29.99,74.88,5.4,21.23,40.98,21.69,288.28
2026-02-19T06:50:25.264857,2,14.29,57.93,197.85,8.18,35.38,86.47,26.85,31.0
2026-03-14T18:39:52.264857,1,123.41,13.45,75.59,6.42,23.98,48.0,19.84,113.28
2026-02-26T15:52:51.264857,2,12.87,28.44,6.17,6.4,29.95,35.26,20.04,185.28
2026-03-07T23:04:23.264857,3,29.38,59.35,19.52,8.18,28.1,56.81,42.06,184.58
2026-03-14T18:38:00.264857,2,128.77,41.44,136.1,7.39,27.87,59.69,45.85,240.4
2026-03-01T03:38:18.264857,3,121.05,45.88,74.8,7.88,31.48,87.9,11.89,80.12
2026-03-10T06:30:43.264857,3,100.78,76.87,42.07,8.17,27.19,39.25,24.46,219.74
2026-03-08T21:33:51.264857,3,72.82,68.11,83.18,4.85,37.87,54.83,21.32,70.38
2026-03-09T06:57:56.264857,3,125.73,132.91,45.73,5.06,36.09,31.77,16.68,195.12
2026-02-24T05:55:16.264857,2,69.06,130.02,19.96,8.42,17.47,69.51,48.79,276.32
2026-03-02T15:17:27.264857,3,11.44,86.97,74.77,5.15,19.41,73.48,17.27,291.71
2026-02-26T11:33:25.264857,3,53.41,19.12,14.37,5.36,39.54,54.87,22.25,11.73
2026-03-14T18:39:36.264857,3,124.91,35.4,166.76,6.15,21.56,91.78,20.04,185.0
2026-03-02T18:14:40.264857,2,94.64,129.34,105.56,6.73,30.59,68.38,54.78,186.74
2026-03-05T00:00:05.264857,1,80.83,72.26,147.64,4.87,38.08,86.82,30.38,78.26
2026-03-01T04:39:43.264857,1,69.68,127.75,18.78,7.26,16.15,42.36,38.83,124.38
2026-03-11T11:06:14.264857,3,42.42,76.1,142.86,6.02,24.76,41.45,38.85,46.68
2026-02-25T15:08:43.264857,1,45.96,11.32,160.14,4.98,26.42,73.71,30.0,150.54
2026-02-14T00:09:14.264857,1,110.88,58.82,29.74,5.51,28.06,55.22,26.04,64.41
2026-03-02T12:21:13.264857,3,35.52,140.6,184.71,5.42,17.6,73.05,35.23,143.13
2026-03-05T13:32:58.264857,3,100.52,22.8,105.5,5.21,32.35,67.29,20.35,42.7
2026-03-02T03:26:40.264857,3,74.73,34.93,103.63,4.86,20.29,96.01,35.52,197.84
2026-02-24T11:02:41.264857,2,79.18,116.73,176.65,7.41,15.0,61.39,59.89,38.83
2026-02-20T05:28:06.264857,3,106.78,26.23,172.58,5.49,20.12,53.16,54.95,123.72
2026-02-26T21:54:41.264857,3,72.4,49.64,107.13,5.04,24.34,86.42,20.51,139.57
2026-02-20T06:42:12.264857,3,100.13,141.09,199.84,5.61,34.51,97.64,53.07,34.59
2026-02-28T01:14:34.264857,2,116.1,38.94,75.5,4.84,25.26,43.06,14.24,60.01
2026-03-08T16:04:57.264857,2,36.48,76.18,107.72,7.03,26.64,47.78,56.91,154.05
2026-02-17T23:45:50.264857,2,93.17,15.69,116.6,5.68,32.34,57.07,43.05,184.32
2026-03-03T09:24:58.264857,1,106.47,15.45,30.91,5.66,29.29,84.21,43.43,163.74
2026-03-11T03:37:26.264857,3,131.84,134.33,84.27,7.63,31.56,59.08,14.77,67.5
2026-02-20T03:43:46.264857,2,136.2,122.67,159.27,5.04,25.47,60.27,38.08,167.01
2026-02-16T13:44:59.264857,1,81.35,143.9,152.01,7.13,31.92,33.59,28.79,202.16
2026-03-11T10:35:35.264857,3,41.29,72.83,57.27,4.57,25.83,92.35,27.09,14.9
2026-02-18T19:15:39.264857,1,125.24,110.72,43.98,7.5,37.44,52.2,44.36,251.62
2026-02-18T03:05:03.264857,3,91.4,124.36,197.89,5.62,37.43,30.15,51.31,248.55
2026-02-22T23:53:09.264857,1,22.96,21.89,73.46,6.28,19.57,57.48,45.58,281.03
2026-02-21T21:45:29.264857,1,64.17,144.08,113.02,5.28,15.95,76.99,13.77,53.7
2026-02-23T09:10:44.264857,2,45.16,13.32,85.46,4.55,33.38,63.63,51.28,179.23
2026-02-21T03:04:12.264857,1,17.39,61.28,96.75,4.56,23.0,36.86,35.62,204.2
2026-02-16T21:15:03.264857,1,74.77,52.46,118.98,7.41,19.5,72.42,15.62,169.52
2026-03-02T16:53:36.264857,1,89.44,84.89,54.82,6.46,16.24,43.61,56.43,11.02
2026-03-11T14:35:38.264857,1,14.72,101.29,188.09,5.75,30.15,77.36,29.9,248.2
2026-02-18T21:02:04.264857,1,75.75,124.56,158.56,5.74,18.89,40.47,45.88,243.37
2026-02-27T06:30:51.264857,3,88.03,104.43,26.97,7.73,39.27,75.8,26.32,105.03
2026-02-19T23:32:11.264857,3,84.75,61.96,60.14,8.41,19.31,66.95,37.09,182.08
2026-02-28T22:40:16.264857,3,27.19,74.54,146.76,7.13,38.3,59.91,47.16,241.93
2026-03-08T18:07:13.264857,2,113.0,6.08,11.86,6.3,22.53,44.79,49.67,228.45
2026-03-10T13:53:37.264857,3,106.98,132.68,156.35,4.99,29.63,48.07,23.91,6.42
2026-02-14T09:20:52.264857,1,105.13,107.2,137.79,4.76,33.3,30.34,23.58,78.97
2026-02-26T05:07:38.264857,3,106.28,105.88,149.17,5.92,23.85,54.89,56.49,231.49
2026-02-25T04:27:23.264857,1,17.72,131.8,51.38,6.2,33.06,68.53,16.01,2.67
2026-02-14T22:19:20.264857,3,107.59,50.38,85.42,4.93,16.18,82.56,22.69,273.06
2026-02-19T02:51:39.264857,3,44.07,142.48,51.29,6.77,21.82,73.19,15.96,86.09
2026-03-10T10:06:21.264857,1,113.64,105.2,165.59,5.81,37.14,34.87,59.66,151.5
2026-02-27T10:43:19.264857,3,55.08,22.36,40.17,5.02,19.06,97.81,31.64,93.19
2026-02-15T23:05:01.264857,2,81.24,38.43,106.46,6.22,35.25,87.77,57.26,166.55
2026-03-09T07:04:57.264857,1,127.17,40.52,136.29,5.14,26.63,57.8,53.91,73.44
2026-02-20T19:47:48.264857,1,11.47,69.32,137.97,7.5,18.02,73.69,46.9,142.28
2026-02-28T13:28:24.264857,2,52.72,67.12,93.14,6.07,15.94,58.96,30.22,239.78
2026-02-27T16:29:01.264857,2,32.2,117.11,190.87,5.07,35.75,71.49,53.44,103.81
2026-02-17T15:00:14.264857,2,118.33,141.37,181.17,5.49,21.67,70.39,12.8,12.42
2026-03-10T21:42:54.264857,3,132.64,9.12,72.18,6.06,19.5,46.69,29.34,55.88
2026-02-13T17:10:30.264857,2,76.52,118.17,178.71,4.89,31.0,51.9,55.41,87.89
2026-03-11T01:20:54.264857,2,48.85,132.71,192.49,8.27,33.6,65.14,59.19,216.24
2026-03-12T13:29:20.264857,3,87.06,56.55,36.66,8.48,16.58,65.69,57.88,213.81
2026-03-08T02:01:46.264857,1,22.11,103.35,136.82,6.75,39.95,68.65,28.1,251.68
2026-02-19T10:49:02.264857,1,22.7,126.75,103.4,5.24,28.97,55.9,21.87,40.3
2026-03-08T20:57:47.264857,1,133.39,86.48,117.82,8.23,23.06,44.07,14.79,98.15
2026-02-23T17:34:09.264857,2,14.64,132.79,169.61,5.61,23.3,82.32,43.06,251.74
2026-03-10T16:51:47.264857,3,121.48,85.66,198.05,8.08,18.82,41.79,12.61,204.06
2026-03-06T20:29:12.264857,1,92.45,13.61,52.92,6.96,39.0,80.02,45.06,180.87
2026-03-12T16:58:02.264857,1,25.37,124.98,66.88,7.35,35.75,39.0,46.53,60.51
2026-03-05T10:13:36.264857,1,16.89,47.18,99.84,6.89,27.64,99.49,28.31,269.65
2026-03-07T10:27:34.264857,3,115.83,97.25,156.51,5.28,36.1,60.61,36.88,126.35
2026-02-21T02:18:41.264857,1,73.92,18.93,89.34,5.54,28.79,54.57,29.93,136.91
2026-03-06T07:19:12.264857,1,73.44,23.85,124.68,6.69,22.7,57.92,39.65,267.62
2026-03-14T12:07:07.264857,3,69.93,66.89,62.33,7.17,23.78,86.2,32.19,177.71
2026-03-02T13:41:56.264857,2,130.69,35.76,100.7,6.31,37.99,89.88,31.9,149.69
2026-02-18T08:57:03.264857,1,100.8,22.54,74.54,7.67,26.67,93.61,35.98,108.6
2026-03-14T04:27:40.264857,2,100.12,85.68,173.98,7.11,19.48,46.07,26.2,226.37
2026-03-07T23:46:02.264857,3,82.48,75.25,194.39,8.4,16.51,71.58,57.12,148.81
2026-03-09T23:41:02.264857,3,125.96,136.84,185.2,8.08,15.95,52.31,58.57,5.13
2026-02-21T21:15:44.264857,2,64.29,76.3,55.66,7.85,17.65,47.04,41.29,161.26
2026-02-23T07:31:43.264857,3,15.85,19.13,122.93,5.71,36.1,91.36,51.89,295.12
2026-03-13T23:15:40.264857,3,97.14,57.31,100.4,8.46,26.22,32.39,35.78,28.09
2026-02-25T23:11:35.264857,1,107.62,86.73,105.95,8.47,33.74,37.0,18.76,31.74
2026-02-25T20:27:27.264857,1,15.91,39.83,127.75,5.45,29.62,76.2,11.06,243.98
2026-02-20T09:42:28.264857,3,17.55,53.48,129.39,5.63,23.84,67.42,55.25,171.31
2026-02-25T04:33:51.264857,3,39.91,141.48,129.95,7.64,36.28,79.41,19.78,239.69
2026-02-13T22:58:12.264857,3,119.5,96.6,39.08,8.17,25.42,45.58,53.67,39.02
2026-02-15T23:28:16.264857,3,87.53,120.31,37.13,6.56,36.82,91.81,40.6,74.46
2026-03-03T21:46:13.264857,3,100.29,38.56,135.34,7.98,34.77,33.49,31.48,48.46
2026-03-12T15:31:15.264857,1,68.54,55.21,132.07,6.53,31.17,96.68,46.5,234.14
2026-02-23T03:17:06.264857,1,80.69,6.77,64.47,4.66,20.15,97.92,40.42,284.42
2026-03-03T12:00:34.264857,3,51.59,85.89,34.5,6.18,37.37,39.15,13.91,163.11
2026-03-06T23:29:32.264857,3,25.36,62.87,109.47,5.61,16.71,47.09,15.9,30.19
2026-03-09T16:06:26.264857,2,11.86,81.23,125.04,7.06,19.44,36.37,37.68,147.53
2026-03-08T05:02:06.264857,1,43.74,6.58,118.2,7.92,38.1,65.85,40.24,161.19
2026-02-18T07:51:34.264857,2,49.75,137.32,45.9,7.92,34.81,77.87,32.53,152.69
2026-02-17T07:42:15.264857,1,90.55,59.19,32.71,8.46,18.56,62.68,41.46,89.09
2026-02-18T11:12:37.264857,2,25.34,39.67,14.58,5.87,39.44,86.92,38.5,234.67
2026-02-23T13:18:13.264857,3,19.38,45.64,40.6,8.44,38.18,59.27,58.82,51.37
2026-02-20T07:02:13.264857,2,131.0,144.93,118.7,7.16,17.02,94.61,39.66,206.25
2026-02-27T08:32:27.264857,1,61.05,51.04,70.69,5.33,38.67,79.1,22.47,163.86
2026-03-12T09:26:50.264857,3,111.81,6.5,115.18,7.87,28.74,31.16,53.27,97.27
2026-03-09T14:44:19.264857,2,80.78,50.66,197.21,7.03,27.91,39.81,57.35,146.32
2026-02-27T22:05:09.264857,3,125.79,43.86,196.31,7.93,24.53,88.92,49.98,96.95
2026-02-13T03:20:01.264857,1,137.51,19.47,126.83,7.25,29.17,69.52,48.94,299.25
2026-03-10T02:59:24.264857,3,58.57,85.14,115.47,8.44,28.5,53.54,30.13,130.56
2026-03-01T09:44:34.264857,3,51.35,31.1,25.81,8.28,34.08,71.39,10.2,272.19
2026-03-07T09:52:24.264857,2,10.34,93.55,165.49,7.26,32.92,90.55,42.1,269.96
2026-02-19T09:59:27.264857,2,58.08,97.69,127.25,5.18,35.65,81.58,42.11,34.89
2026-02-26T02:44:00.264857,3,33.87,93.81,113.73,8.41,15.12,68.35,31.03,286.81
2026-03-03T01:02:26.264857,3,95.13,125.79,104.05,6.11,19.57,72.25,56.28,292.5
2026-02-20T19:48:21.264857,1,137.14,136.92,97.56,7.5,22.45,68.39,36.7,156.9
2026-03-14T05:41:43.264857,3,63.78,13.29,127.61,8.18,23.96,72.17,25.35,240.38
2026-02-19T23:43:25.264857,2,121.19,80.08,183.49,5.56,15.42,48.08,15.41,221.86
2026-02-17T02:11:07.264857,2,83.83,54.15,79.75,7.81,32.92,87.07,51.26,13.14
2026-02-16T03:04:33.264857,3,74.54,104.54,56.8,8.13,24.19,83.64,38.88,48.48
2026-02-16T01:45:15.264857,3,93.41,20.79,81.14,8.33,20.25,45.12,10.9,93.57
2026-02-28T10:01:40.264857,1,74.74,139.53,62.54,5.72,32.03,43.92,31.31,62.19
2026-03-06T23:56:33.264857,3,93.46,15.91,94.8,5.44,17.55,72.69,45.97,29.69
2026-02-22T00:52:31.264857,2,29.65,130.92,197.9,6.09,32.68,64.55,42.58,133.29
2026-02-24T18:07:06.264857,3,41.7,106.24,134.99,5.57,27.24,46.51,19.14,219.08
2026-02-20T07:44:26.264857,1,69.7,44.75,147.61,4.97,37.55,68.24,40.6,259.69
2026-03-03T04:03:30.264857,3,79.6,120.92,43.47,5.4,32.65,70.46,46.75,32.33
2026-03-10T19:38:10.264857,2,136.98,45.59,163.78,5.74,31.66,55.5,33.27,189.54
2026-02-18T04:45:26.264857,2,130.36,51.76,39.28,6.78,30.77,44.71,30.34,85.63
2026-03-03T03:30:54.264857,3,16.17,73.79,91.04,8.37,37.35,96.41,26.32,30.52
2026-03-10T22:29:58.264857,2,113.55,103.58,6.72,6.53,16.81,84.28,47.06,69.64
2026-02-17T21:08:08.264857,3,78.02,66.99,91.93,6.87,19.3,67.07,24.17,113.62
2026-02-24T13:53:19.264857,3,47.16,32.5,163.97,8.15,15.23,59.35,13.08,6.08
2026-03-01T13:20:39.264857,1,88.14,89.44,6.14,5.52,23.18,71.03,56.32,183.11
2026-02-28T13:09:45.264857,3,54.39,138.79,80.82,5.42,29.73,37.42,57.72,73.4
2026-03-12T23:18:34.264857,3,33.2,57.41,24.1,7.09,16.38,91.46,44.54,184.12
2026-02-18T08:49:19.264857,1,128.06,32.63,184.58,8.0,36.27,48.79,59.48,167.96
2026-03-06T11:06:58.264857,2,93.87,23.42,170.54,5.26,30.66,73.36,52.97,298.73
2026-02-19T04:37:34.264857,1,105.27,68.92,73.11,7.68,22.05,34.28,18.17,151.49
2026-02-20T17:55:36.264857,1,59.31,46.63,143.91,4.53,18.18,43.37,49.41,210.42
2026-03-10T12:33:07.264857,3,66.51,56.16,9.34,6.32,20.34,62.0,51.53,208.46
2026-03-06T08:09:56.264857,3,109.21,107.33,48.19,8.31,23.49,74.59,12.93,270.89
2026-02-27T08:58:43.264857,3,73.18,91.68,135.4,4.87,25.22,98.6,57.58,186.6
2026-02-13T21:32:23.264857,1,54.21,54.17,83.63,6.72,21.25,42.06,31.11,160.76
2026-02-26T17:49:20.264857,3,80.87,62.01,58.67,7.1,38.35,68.18,52.33,233.19
2026-02-16T05:20:09.264857,1,79.31,25.62,15.8,5.91,32.94,47.83,49.02,95.99
2026-03-09T22:04:52.264857,3,75.61,71.74,149.52,7.06,34.2,61.83,25.6,34.12
2026-03-02T03:13:15.264857,1,58.72,103.49,15.84,6.69,33.71,73.12,49.46,190.31
2026-03-12T12:57:41.264857,3,10.89,99.43,176.12,7.43,22.38,61.64,26.23,215.32
2026-02-27T12:26:00.264857,1,114.09,45.24,93.21,7.86,32.54,30.46,51.3,280.05
2026-02-18T16:27:26.264857,3,53.24,61.13,121.67,6.15,23.71,46.47,50.05,249.36
2026-02-21T05:52:30.264857,2,98.98,121.4,34.07,7.02,32.95,48.24,17.0,211.62
2026-02-20T14:07:26.264857,3,135.85,58.61,156.41,4.77,37.46,65.9,10.13,30.05
2026-03-09T16:07:22.264857,1,122.98,87.49,191.07,4.5,39.91,85.48,15.84,150.23
2026-03-14T13:44:24.264857,2,123.19,83.25,75.41,6.44,32.38,95.31,18.24,96.68
2026-03-03T13:35:02.264857,1,137.49,132.73,95.51,8.46,25.61,85.37,18.93,75.03
2026-03-12T16:30:33.264857,3,117.82,27.66,64.62,6.24,22.49,65.26,31.27,56.31
2026-03-08T14:52:13.264857,1,115.49,81.35,121.59,4.76,17.83,95.08,47.41,122.63
2026-02-15T05:30:27.264857,1,16.6,56.97,49.55,5.74,15.04,99.21,33.04,3.58
2026-03-01T13:41:35.264857,3,108.49,35.29,136.47,4.77,16.1,78.02,41.79,17.42
2026-02-18T05:56:32.264857,2,39.05,78.14,126.66,5.09,26.16,76.4,24.45,66.17
2026-02-21T09:09:57.264857,1,85.31,142.93,60.88,5.02,15.04,34.33,38.06,286.4
2026-02-25T09:59:37.264857,3,99.88,135.6,106.97,6.35,18.86,32.34,48.02,85.12
2026-02-14T05:02:15.264857,1,30.32,54.73,83.83,7.2,30.57,52.56,49.29,96.35
2026-02-24T02:30:35.264857,3,15.77,122.87,34.18,6.38,39.55,87.1,39.34,150.39
2026-03-02T13:26:18.264857,3,98.27,94.36,142.56,6.16,27.14,83.96,15.03,197.88
2026-02-18T20:00:27.264857,3,62.79,46.19,154.69,8.48,38.08,87.16,39.21,298.06
2026-02-15T08:01:33.264857,2,78.53,126.49,110.84,7.82,25.6,67.74,50.17,283.33
2026-03-07T09:05:25.264857,3,83.6,33.08,83.6,6.17,30.04,70.27,51.04,91.02
2026-02-19T23:36:09.264857,2,105.82,94.87,54.84,5.15,27.77,94.47,26.09,240.31
2026-03-04T15:23:12.264857,3,43.64,63.58,46.53,6.12,27.89,73.33,54.36,262.25
2026-02-27T09:15:23.264857,2,95.21,66.59,33.41,7.39,16.9,41.17,17.51,173.36
2026-03-10T04:52:35.264857,2,49.73,7.98,110.54,5.36,23.28,55.57,11.95,60.5
2026-03-09T21:08:51.264857,1,33.9,7.06,78.31,4.53,17.07,75.4,24.6,272.21
2026-03-11T00:06:16.264857,3,36.45,48.83,117.51,5.0,37.67,96.95,24.67,112.15
2026-03-13T19:42:15.264857,1,136.21,129.18,12.48,8.23,20.65,54.39,11.94,187.65
2026-02-13T22:41:39.264857,3,86.92,131.95,198.07,4.79,36.98,48.6,53.17,80.22
2026-03-08T15:52:09.264857,2,31.75,29.3,139.83,5.52,31.05,73.55,14.4,134.27
2026-03-09T00:49:14.264857,1,137.26,33.66,33.59,5.02,28.1,76.94,27.75,154.67
2026-03-06T03:30:29.264857,2,14.41,51.29,129.09,8.38,19.54,95.26,36.99,273.66
2026-02-17T01:57:38.264857,2,45.82,105.71,152.73,7.33,19.66,32.63,52.6,294.19
2026-02-24T13:18:20.264857,3,77.27,34.26,140.26,6.23,38.72,87.41,28.04,19.12
2026-03-07T23:00:30.264857,3,73.27,9.43,21.08,4.9,37.39,72.61,30.72,156.86
2026-02-24T10:23:20.264857,2,94.45,64.06,121.74,4.62,29.85,75.23,33.15,270.13
2026-02-20T23:20:02.264857,3,66.16,15.79,111.79,7.33,20.9,74.9,15.94,269.47
2026-03-04T10:45:26.264857,2,49.64,70.94,91.67,7.54,28.55,83.75,45.87,194.12
2026-03-13T20:14:48.264857,1,117.74,116.52,24.71,5.01,21.78,69.48,48.39,290.13
2026-02-28T15:34:08.264857,3,101.08,56.81,20.69,5.87,32.93,32.28,11.63,172.29
2026-03-13T00:20:34.264857,1,57.76,43.66,18.41,5.79,31.6,81.06,44.03,75.89
2026-02-22T01:45:38.264857,2,28.38,52.62,147.36,8.09,39.37,82.28,41.62,294.13
2026-03-06T03:15:07.264857,3,135.86,25.38,84.81,5.18,27.23,34.73,47.71,159.2
2026-03-02T10:45:54.264857,3,99.58,33.2,145.17,7.44,17.62,62.53,30.45,297.91
2026-03-02T23:22:34.264857,1,107.58,109.41,102.76,7.24,34.3,83.7,48.76,176.09
2026-03-02T16:59:32.264857,3,72.33,128.33,97.75,5.83,31.88,41.85,52.6,36.38
2026-03-09T09:32:45.264857,2,44.94,53.81,20.82,7.51,25.46,99.08,57.92,39.75
2026-03-05T05:09:50.264857,3,80.13,42.59,134.95,5.37,19.61,93.18,16.03,9.36
2026-03-05T13:40:25.264857,2,16.38,57.46,74.4,8.43,32.25,37.12,28.61,84.36
2026-02-16T11:04:22.264857,1,137.21,73.15,187.87,4.98,21.64,59.5,52.09,243.39
2026-03-13T10:59:48.264857,3,82.57,86.31,202.95,5.17,16.27,30.87,19.14,4.82
2026-02-13T10:57:15.264857,2,21.6,6.26,29.82,4.99,32.89,82.07,21.3,247.14
2026-03-03T05:25:02.264857,2,77.54,9.11,50.29,7.26,23.94,82.23,32.87,96.57
2026-02-28T07:09:03.264857,3,27.94,9.86,166.73,6.79,38.47,92.09,42.76,42.78
2026-03-01T10:43:27.264857,2,62.94,93.73,42.73,4.95,17.52,68.6,37.02,159.99
2026-02-26T12:51:45.264857,1,54.76,144.89,136.03,5.65,27.17,55.1,28.73,149.75
2026-02-18T18:24:51.264857,1,116.85,104.51,15.23,6.16,19.44,60.56,47.07,176.0
2026-02-24T22:21:32.264857,2,73.77,127.41,14.9,4.98,24.03,62.28,39.09,176.25
2026-02-15T22:11:10.264857,3,107.64,127.62,49.96,4.55,37.08,32.03,19.46,225.78
2026-02-26T07:29:05.264857,3,131.77,103.02,196.19,7.93,23.87,42.67,56.65,208.18
2026-03-11T12:02:38.264857,3,15.23,67.71,139.98,7.1,24.81,66.96,12.63,232.11
2026-02-19T01:07:40.264857,1,46.72,63.58,148.25,6.27,17.64,30.24,23.9,154.66
2026-03-13T11:52:11.264857,2,65.75,31.4,100.44,6.01,26.25,37.49,36.12,190.29
2026-02-17T05:07:08.264857,3,88.85,68.78,44.45,6.73,23.34,80.9,20.54,206.23
2026-03-05T00:03:54.264857,2,72.05,48.25,47.02,8.23,19.58,52.29,14.13,105.51
2026-03-13T06:31:39.264857,3,69.84,18.58,189.97,7.36,19.25,30.77,41.82,180.05
2026-03-07T12:29:24.264857,1,53.36,52.98,68.09,6.65,36.21,86.03,30.19,40.61
2026-02-18T11:07:59.264857,1,88.75,23.81,76.2,5.88,35.09,88.29,42.09,174.14
2026-02-15T20:32:19.264857,1,48.7,42.51,10.64,7.25,28.44,60.42,57.81,255.5
2026-03-04T22:53:00.264857,3,85.16,22.93,39.89,4.88,15.71,34.03,46.74,204.41
2026-02-13T12:21:40.264857,3,95.07,49.34,19.05,7.12,32.83,80.48,58.1,86.36
2026-03-09T06:16:11.264857,3,133.43,53.18,150.64,5.07,23.52,49.63,55.45,274.43
2026-02-17T04:40:34.264857,3,130.59,90.74,16.01,5.34,35.73,36.76,57.46,117.58
2026-02-21T05:43:29.264857,3,38.77,104.13,170.08,6.86,38.24,71.65,18.84,105.61
2026-03-01T22:59:22.264857,3,43.01,129.57,165.65,6.6,20.09,41.13,41.64,194.91
2026-02-14T22:47:16.264857,2,35.14,122.6,204.44,5.6,16.23,88.69,44.74,78.01
2026-02-26T08:05:48.264857,1,127.96,119.75,18.15,8.07,28.83,59.41,25.6,146.43
2026-02-19T01:00:32.264857,2,107.97,103.48,5.18,6.77,16.69,67.72,47.42,176.73
2026-02-12T20:34:23.264857,1,21.66,70.49,28.47,6.29,17.35,60.37,47.22,127.19
2026-03-08T16:21:27.264857,1,68.87,127.37,137.77,4.94,21.56,35.1,48.14,220.24
2026-02-13T03:29:58.264857,1,43.97,96.68,143.21,7.48,16.18,45.0,25.49,144.82
2026-02-22T12:04:47.264857,3,45.69,80.85,125.33,5.15,27.23,58.84,48.14,45.54
2026-03-04T21:13:16.264857,2,29.48,70.01,63.62,7.86,24.53,43.55,17.76,20.82
2026-03-07T08:27:50.264857,2,80.93,123.66,90.6,5.98,15.15,83.12,18.28,221.61
2026-03-04T14:05:11.264857,1,63.17,129.24,139.52,5.31,33.81,83.94,51.17,228.43
2026-02-20T01:24:33.264857,1,139.65,29.49,100.09,8.1,31.56,94.36,34.07,82.05
2026-02-22T04:59:46.264857,2,42.84,123.24,69.63,5.63,23.79,95.82,17.55,89.92
2026-02-26T22:59:30.264857,1,50.09,85.71,116.34,8.15,15.02,35.58,35.7,277.54
2026-03-01T22:52:40.264857,3,81.69,88.71,30.6,4.85,15.2,91.23,40.92,40.81
2026-03-05T18:54:00.264857,1,41.01,57.38,66.04,5.62,22.66,44.78,30.63,188.57
2026-03-04T16:57:50.264857,3,138.48,94.71,104.94,6.75,35.11,70.6,33.53,88.86
2026-03-04T04:25:14.264857,2,48.14,24.68,72.39,6.87,31.69,84.69,32.87,195.03
2026-03-10T18:37:57.264857,3,93.62,144.78,105.93,6.53,25.09,71.78,50.23,94.85
2026-02-17T17:44:27.264857,2,12.4,46.64,151.88,7.42,38.75,98.26,13.34,105.48
2026-02-28T11:39:25.264857,1,64.62,97.39,85.96,7.39,29.75,62.53,27.05,155.0
2026-02-25T23:26:06.264857,2,19.58,135.87,153.55,6.03,31.49,35.53,58.41,27.41
2026-02-13T04:04:07.264857,2,111.3,76.29,96.22,7.51,20.92,34.48,45.65,74.07
2026-03-01T12:01:18.264857,1,96.72,83.05,190.46,7.63,25.0,81.82,25.39,166.7
2026-02-14T15:40:06.264857,1,50.07,51.27,198.82,7.22,30.75,95.47,34.0,119.61
2026-02-27T20:05:22.264857,1,121.34,84.97,20.09,5.42,31.34,54.8,22.69,121.72
2026-02-26T15:14:33.264857,3,109.65,133.59,112.98,5.99,26.0,75.21,50.85,151.9
2026-03-05T09:25:18.264857,2,72.33,64.48,198.9,5.41,36.3,43.68,31.83,160.24
2026-02-25T19:00:07.264857,1,73.64,30.76,131.42,6.13,20.94,86.53,52.46,260.13
2026-03-02T17:02:27.264857,3,66.5,31.44,97.02,7.91,17.35,79.21,44.64,6.11
2026-02-25T04:22:53.264857,1,119.21,143.93,132.41,5.62,28.68,87.92,17.14,97.86
2026-02-13T09:03:10.264857,1,12.21,20.72,21.92,7.24,38.71,73.42,28.63,276.57
2026-02-16T17:45:13.264857,3,127.82,38.24,171.26,6.41,17.1,71.07,23.36,156.31
2026-03-03T04:08:15.264857,3,30.99,23.33,49.47,7.27,23.32,72.57,29.93,240.78
2026-03-05T22:55:49.264857,1,31.25,86.21,34.26,5.64,20.7,79.85,53.24,171.45
2026-02-24T21:23:52.264857,3,16.39,116.02,202.4,7.39,35.25,38.93,17.67,75.19
2026-03-03T17:02:55.264857,3,97.41,25.55,135.99,6.23,30.89,56.77,58.66,104.7
2026-03-05T02:23:45.264857,3,45.52,124.06,10.19,7.53,18.89,58.03,59.84,58.9
2026-02-22T03:10:23.264857,2,113.45,103.32,116.24,7.52,16.82,53.8,59.95,159.3
2026-02-14T11:06:16.264857,2,67.81,85.0,188.27,4.88,24.87,72.2,30.93,9.11
2026-02-16T00:11:00.264857,3,139.24,56.6,21.34,4.88,39.84,33.39,19.73,177.02
2026-02-15T21:48:41.264857,3,82.81,61.95,40.19,6.21,28.52,64.55,30.53,172.84
2026-03-01T19:28:41.264857,1,46.58,15.73,79.35,7.64,31.18,84.44,23.85,47.64
2026-02-17T18:56:41.264857,1,75.75,53.2,49.11,7.89,27.2,51.0,24.41,198.35
2026-03-05T15:52:40.264857,1,42.49,124.76,118.38,8.01,20.04,69.31,48.77,197.97
2026-02-18T12:38:48.264857,2,55.1,5.9,148.3,5.19,24.74,76.13,41.48,260.74
2026-03-14T13:09:24.264857,2,105.54,106.34,196.57,7.72,22.26,87.59,30.11,151.1
2026-03-01T15:56:59.264857,1,23.47,25.26,188.68,8.44,25.97,90.07,25.71,127.15
2026-02-16T00:27:53.264857,1,127.64,128.22,37.98,5.59,31.56,96.13,53.82,296.14
2026-03-01T21:45:08.264857,1,47.5,81.28,164.65,6.58,17.89,51.33,14.91,124.92
2026-03-03T19:12:30.264857,3,136.21,43.46,81.99,5.98,15.39,45.96,51.42,238.75
2026-02-16T12:01:54.264857,3,52.96,107.63,105.12,6.91,21.04,39.83,17.56,210.89
2026-02-20T18:55:15.264857,3,135.08,57.52,15.77,5.03,29.28,66.46,50.63,123.61
2026-02-16T13:00:51.264857,3,46.47,115.77,100.5,5.75,17.98,90.07,47.83,290.07
2026-03-10T05:20:32.264857,3,88.59,9.3,175.5,7.89,39.87,33.87,55.36,246.64
2026-02-25T02:41:54.264857,2,74.97,101.72,169.97,7.83,19.81,36.56,53.73,263.71
2026-02-17T15:16:25.264857,3,76.0,33.33,146.5,6.2,33.02,87.31,18.5,251.47
2026-03-12T06:30:37.264857,2,33.11,43.64,88.69,4.82,18.52,54.61,10.35,196.43
2026-03-02T21:26:41.264857,1,85.79,135.06,86.05,7.0,28.22,51.4,59.57,70.18
2026-02-23T08:50:57.264857,3,106.19,109.83,110.69,8.32,29.97,35.99,34.66,286.82
2026-02-18T16:59:19.264857,2,35.03,110.74,47.03,7.37,37.61,39.83,54.0,194.05
2026-03-05T04:14:17.264857,3,55.23,36.29,167.54,8.29,22.78,73.93,33.46,269.88
2026-03-14T12:00:50.264857,3,103.24,142.6,43.93,4.78,26.81,30.97,43.34,65.58
2026-02-25T18:45:26.264857,3,83.99,93.95,68.49,4.81,20.9,32.08,36.15,138.19
2026-03-05T23:08:25.264857,3,94.57,43.43,161.94,5.91,28.31,46.63,44.98,274.43
2026-02-28T12:35:09.264857,2,28.29,64.77,85.67,8.21,24.58,42.37,34.08,217.39
2026-02-15T05:45:05.264857,1,76.43,81.95,168.26,8.12,30.08,49.11,48.51,18.74
2026-02-18T18:13:20.264857,2,91.77,78.01,7.22,7.25,22.4,48.72,55.38,235.88
2026-02-19T10:05:13.264857,1,78.78,116.63,71.61,5.42,32.56,93.55,38.58,259.95
2026-03-13T03:55:26.264857,2,99.24,29.98,42.36,7.42,24.86,73.35,27.56,86.93
2026-03-06T13:33:44.264857,1,127.23,55.17,10.31,4.83,32.47,86.53,59.21,124.65
2026-02-18T14:17:16.264857,1,81.41,26.56,54.06,7.59,26.35,65.43,48.05,70.86
2026-03-01T08:37:57.264857,1,120.6,89.85,10.57,7.32,32.81,53.08,52.65,291.8
2026-02-12T20:26:24.264857,3,13.54,137.01,50.9,4.88,20.84,71.05,33.21,142.04
2026-02-14T23:50:12.264857,2,54.82,72.93,8.99,8.17,19.49,42.49,27.28,37.22
2026-02-12T19:08:25.264857,2,48.68,138.81,113.28,4.86,38.74,63.41,46.88,55.19
2026-02-12T19:25:29.264857,3,125.05,126.44,159.79,5.97,35.57,96.94,54.89,273.31
2026-03-07T18:22:27.264857,1,80.2,20.18,23.98,8.2,24.15,78.89,59.27,264.44
2026-03-05T00:14:08.264857,2,70.07,107.58,109.3,8.45,30.49,91.14,12.11,208.49
2026-03-02T00:34:34.264857,3,42.8,134.5,128.23,5.48,16.84,65.84,33.47,190.09
2026-02-16T06:36:40.264857,3,133.65,74.16,173.02,4.51,29.41,43.29,35.52,85.6
2026-03-04T22:29:47.264857,2,26.17,12.97,101.25,6.61,38.26,62.96,19.18,11.31
2026-02-22T12:27:44.264857,3,64.42,143.31,32.53,8.18,17.88,93.94,34.0,117.06
2026-02-25T23:39:29.264857,3,73.29,134.2,63.97,7.57,28.0,94.52,59.32,242.93
2026-02-19T02:19:29.264857,3,12.03,80.85,27.15,5.25,36.33,91.82,21.98,182.99
2026-02-22T20:57:13.264857,1,128.25,118.18,178.15,5.31,33.89,44.96,33.75,154.38
2026-02-23T13:07:39.264857,3,115.19,56.82,126.24,7.6,32.12,86.72,52.44,230.38
2026-03-10T14:04:09.264857,2,105.46,60.47,189.0,6.6,38.63,77.84,27.27,192.27
2026-02-20T10:17:10.264857,2,106.55,100.27,11.33,8.15,33.4,98.6,40.18,9.63
2026-02-21T04:16:03.264857,1,115.18,105.11,33.78,8.22,35.05,55.4,23.25,234.56
2026-03-13T09:43:27.264857,1,109.01,132.63,144.63,6.92,27.71,68.68,40.54,181.87
2026-02-21T11:28:44.264857,3,60.68,58.84,159.58,7.14,32.93,94.58,59.58,226.5
2026-03-10T02:46:32.264857,2,109.14,58.74,57.16,5.75,24.21,61.47,11.38,232.29
2026-03-07T06:29:04.264857,3,18.4,66.83,202.62,4.92,17.06,56.62,32.42,253.85
2026-03-05T15:31:12.264857,3,25.59,75.58,93.9,5.35,25.42,79.25,54.99,179.7
2026-02-26T09:25:30.264857,3,125.76,92.96,30.32,6.22,32.9,88.3,37.51,290.92
2026-03-01T01:09:36.264857,1,123.54,83.88,80.97,6.43,25.28,99.64,59.3,218.89
2026-03-08T07:06:41.264857,3,48.32,38.69,50.05,4.54,39.82,83.8,29.63,269.96
2026-03-11T00:51:11.264857,3,101.63,63.76,108.18,8.43,24.48,46.9,13.1,273.95
2026-03-07T18:07:45.264857,3,52.27,26.21,187.72,6.42,37.66,47.48,16.79,183.95
2026-03-08T12:18:35.264857,1,18.44,89.61,117.54,6.04,29.53,79.45,21.3,278.78
2026-03-13T17:01:00.264857,2,95.66,37.98,157.81,8.48,22.74,55.78,42.5,282.07
2026-02-27T10:23:24.264857,2,10.7,20.78,19.89,8.38,19.45,49.42,47.22,47.67
2026-02-21T00:48:49.264857,1,26.96,139.61,126.12,5.93,37.87,81.05,31.65,254.47
2026-02-15T04:00:04.264857,1,56.09,111.43,119.44,5.87,32.3,71.42,39.38,194.18
2026-02-21T10:50:55.264857,1,80.26,107.13,121.39,8.5,37.0,51.18,19.77,228.75
2026-02-21T18:36:30.264857,3,120.39,46.48,179.8,6.53,32.1,59.4,25.98,265.67
2026-02-24T00:37:46.264857,3,139.83,6.5,61.17,4.66,18.68,74.44,41.94,50.01
2026-03-11T20:21:45.264857,1,96.75,123.48,32.1,7.43,24.78,35.91,26.9,111.47
2026-02-13T06:26:10.264857,2,82.24,31.05,64.85,5.24,19.02,91.99,31.1,123.78
2026-02-23T13:08:10.264857,1,125.03,29.81,87.19,7.71,32.77,65.8,25.26,183.27
2026-02-21T21:19:42.264857,2,118.16,63.31,203.2,6.79,22.68,53.8,27.79,27.52
2026-02-24T04:38:37.264857,1,126.15,94.87,130.3,7.48,19.31,79.09,10.96,266.05
2026-03-03T03:29:09.264857,2,80.74,99.75,168.01,7.5,36.59,61.54,57.57,43.51
2026-03-10T00:39:59.264857,1,64.9,45.72,49.05,7.22,16.82,98.91,22.73,191.67
2026-03-06T21:39:59.264857,3,103.82,93.3,14.72,5.23,28.75,59.72,46.83,246.23
2026-02-20T21:05:27.264857,1,10.88,97.35,111.05,8.01,33.51,57.76,53.28,184.35
2026-03-09T13:48:35.264857,2,78.16,24.94,76.71,8.37,15.93,61.71,47.23,149.31
2026-03-08T10:32:23.264857,2,22.88,143.2,153.76,6.3,22.99,71.67,39.1,239.51
2026-02-20T09:40:50.264857,1,23.73,38.67,80.71,4.68,19.29,99.92,36.45,79.35
2026-02-22T05:57:26.264857,1,86.74,134.39,65.9,6.34,20.52,98.37,14.94,257.83
2026-03-03T03:04:55.264857,2,38.63,123.5,179.26,5.8,38.13,62.05,54.38,100.79
2026-03-10T14:00:48.264857,3,66.97,78.24,122.65,7.35,31.53,32.31,48.92,190.93
2026-02-20T18:08:17.264857,1,79.67,142.0,116.39,7.95,16.07,93.86,39.28,65.06
2026-02-16T12:27:51.264857,3,15.9,10.57,78.07,6.66,15.28,94.95,21.78,275.8
2026-02-20T20:22:08.264857,3,69.82,75.48,95.0,6.99,39.98,93.0,45.8,94.35
2026-02-18T14:42:23.264857,1,69.18,7.09,173.65,5.68,28.14,85.62,29.46,191.55
2026-02-25T06:36:11.264857,3,117.47,70.28,162.22,4.78,38.92,96.15,48.05,138.93
2026-02-17T13:55:25.264857,3,107.67,48.33,204.26,8.19,25.35,43.43,52.26,12.07
2026-03-10T01:44:18.264857,2,57.68,34.85,25.26,5.17,25.79,48.65,27.55,102.51
2026-03-10T19:53:26.264857,1,42.44,93.85,134.81,6.64,19.13,79.03,18.77,231.12
2026-03-12T15:21:06.264857,3,46.12,97.08,98.36,4.88,33.74,34.54,32.78,34.67
2026-03-08T23:50:59.264857,1,38.27,78.06,162.07,6.38,38.97,52.11,40.98,40.98
2026-02-18T20:32:19.264857,1,28.92,33.15,120.73,7.34,18.42,94.32,54.01,60.9
2026-03-02T14:42:04.264857,2,29.37,12.27,183.08,5.31,38.1,60.59,36.78,249.29
2026-02-25T23:18:38.264857,2,16.34,25.63,202.66,5.74,26.11,53.07,13.88,106.33
2026-03-11T21:34:42.264857,2,42.39,6.48,106.57,7.41,28.76,64.56,35.8,194.84
2026-02-19T03:04:19.264857,2,42.82,31.71,22.19,7.51,32.36,53.86,13.33,109.69
2026-02-13T17:28:33.264857,2,111.82,128.07,179.93,6.98,38.99,77.98,29.36,158.03
2026-02-21T05:35:32.264857,3,20.33,82.29,30.26,7.78,28.8,76.87,10.23,32.84
2026-02-20T04:26:18.264857,2,65.03,99.27,64.57,6.28,37.75,36.35,45.89,270.21
2026-02-21T22:50:40.264857,1,34.32,65.29,144.43,6.0,22.74,69.51,41.3,78.15
2026-02-19T22:52:48.264857,2,92.05,47.73,8.47,8.22,25.29,82.47,16.78,19.27
2026-03-06T12:41:11.264857,3,33.14,134.19,171.58,4.62,22.22,60.71,24.1,112.54
2026-02-23T10:24:35.264857,2,68.3,79.19,81.17,7.56,26.89,88.24,18.16,103.38
2026-03-13T23:46:43.264857,3,126.87,33.65,75.25,7.18,27.61,60.77,36.71,16.89
2026-03-02T13:51:51.264857,2,11.34,33.5,155.29,4.81,38.23,31.42,47.12,97.96
2026-03-10T13:16:17.264857,1,62.66,94.71,108.3,8.34,39.6,40.63,33.71,95.92
2026-03-12T20:14:42.264857,2,129.14,123.97,46.76,6.89,27.6,53.93,55.25,249.86
2026-02-16T05:52:34.264857,2,118.18,110.15,181.9,5.95,31.3,91.77,43.26,240.38
2026-02-20T18:41:13.264857,3,85.25,55.82,200.88,5.86,36.39,83.88,45.81,56.47
2026-03-03T11:21:27.264857,1,77.75,77.99,179.21,6.9,39.39,71.06,15.35,242.02
2026-02-19T21:48:58.264857,2,99.86,66.9,159.04,5.51,23.74,67.97,55.29,6.67
2026-02-27T16:47:03.264857,3,70.59,121.03,162.79,5.35,18.66,83.65,22.09,98.68
2026-03-10T10:51:23.264857,1,18.01,113.68,25.6,6.92,22.21,88.35,38.49,24.03
2026-02-17T21:39:52.264857,3,70.8,69.37,188.81,6.82,30.53,65.08,28.41,143.61
2026-02-19T21:40:12.264857,3,52.8,67.36,5.55,5.92,36.58,91.18,23.37,247.09
2026-03-09T19:32:20.264857,2,136.94,15.3,65.45,6.77,17.05,94.76,23.57,90.63
2026-02-19T16:55:12.264857,2,28.72,7.41,143.45,4.75,33.99,76.22,20.53,117.25
2026-02-27T11:26:35.264857,2,53.6,111.81,154.53,7.35,28.77,91.5,51.78,264.86
2026-02-19T11:19:48.264857,2,121.26,103.25,58.97,6.48,32.68,35.94,28.41,93.2
2026-03-09T05:17:49.264857,1,55.69,143.25,118.74,6.49,29.85,80.81,10.3,256.35
2026-03-01T08:29:37.264857,2,58.78,120.11,90.97,8.4,27.11,56.52,40.7,295.93
2026-02-16T09:04:29.264857,1,16.3,43.35,127.23,6.52,18.08,94.93,50.87,151.25
2026-02-14T06:24:37.264857,3,44.04,66.46,185.44,6.53,34.85,58.91,10.88,106.51
2026-02-13T07:49:30.264857,3,19.94,57.4,136.45,8.22,29.38,48.85,23.63,232.18
2026-03-13T11:35:51.264857,1,25.97,102.9,12.35,6.57,32.36,57.58,44.26,104.12
2026-03-11T23:15:57.264857,1,93.42,105.73,44.29,5.78,36.32,84.57,28.39,67.31
2026-02-23T01:04:47.264857,3,117.74,42.04,72.93,4.94,29.55,36.07,13.29,18.21
2026-03-08T20:54:52.264857,2,46.48,10.0,155.54,5.71,30.1,70.19,48.16,157.1
2026-02-20T19:02:23.264857,3,119.03,53.44,192.19,5.82,16.38,64.12,19.9,20.73
2026-02-28T12:36:03.264857,1,32.14,101.18,180.52,5.11,20.25,71.2,52.45,215.83
2026-02-23T19:39:23.264857,3,34.18,133.34,117.25,5.48,39.26,48.54,37.87,266.4
2026-02-25T15:49:24.264857,1,58.33,91.84,127.71,7.57,20.0,46.93,53.12,28.2
2026-03-13T01:10:25.264857,3,119.12,52.85,10.19,8.45,23.77,85.34,19.17,225.28
2026-03-14T03:50:54.264857,3,112.7,41.13,45.15,4.7,20.1,52.88,20.08,225.19
2026-02-17T13:56:49.264857,1,13.8,53.82,146.45,6.61,18.92,79.94,58.49,238.01
2026-02-24T20:49:17.264857,1,131.34,122.3,155.51,5.82,24.3,87.72,37.53,9.21
2026-03-11T14:46:31.264857,2,54.93,67.72,107.29,8.35,31.81,97.37,21.6,229.81
2026-02-19T20:06:15.264857,3,106.82,18.2,62.95,5.07,37.1,61.9,11.49,57.39
2026-03-04T15:35:43.264857,1,105.33,126.27,23.7,6.56,21.72,97.5,44.93,189.7
2026-02-21T19:32:28.264857,2,77.78,144.67,40.86,6.6,24.15,74.34,45.34,75.91
2026-03-13T22:33:25.264857,1,101.75,42.62,177.67,7.78,20.07,30.72,30.71,166.25
2026-02-12T22:47:24.264857,3,131.43,109.1,48.12,4.69,38.57,33.12,13.41,145.84
2026-03-08T03:10:59.264857,2,101.76,67.14,186.4,7.79,37.11,90.53,26.05,282.81
2026-02-23T05:29:41.264857,2,72.88,141.92,34.32,4.81,31.03,62.15,21.19,40.07
2026-03-05T11:26:59.264857,3,60.73,125.97,142.75,5.7,35.93,64.35,12.43,215.48
2026-02-23T22:57:27.264857,3,104.79,118.67,168.41,5.82,19.18,77.7,20.75,110.82
2026-02-25T01:54:38.264857,3,32.67,22.23,66.58,7.8,21.4,65.99,18.49,168.28
2026-02-17T17:44:06.264857,3,68.89,112.11,145.6,7.25,35.79,85.76,59.44,163.48
2026-03-08T14:02:35.264857,3,98.31,91.57,96.0,6.49,22.96,40.18,50.8,243.53
2026-02-24T22:12:51.264857,1,29.11,115.88,36.91,7.93,18.25,73.86,41.49,202.38
2026-03-14T04:48:00.264857,3,130.39,6.44,42.37,8.42,22.79,32.15,43.78,208.4
2026-02-26T13:06:07.264857,3,124.62,82.24,77.94,7.71,34.46,50.85,38.96,240.12
2026-02-22T22:21:54.264857,1,95.17,105.78,119.95,7.24,20.8,83.81,38.4,265.73
2026-02-21T08:09:58.264857,1,76.9,131.86,198.66,8.24,19.38,68.52,15.79,294.58
2026-03-04T01:23:57.264857,3,62.9,122.45,198.93,8.49,18.16,78.48,49.41,141.19
2026-03-04T20:29:36.264857,1,124.0,107.66,188.48,8.49,36.82,79.88,45.5,173.62
2026-03-09T19:36:55.264857,3,105.49,39.1,147.94,7.69,29.82,68.21,31.91,242.91
2026-02-19T19:05:21.264857,3,98.82,92.31,34.83,6.63,23.71,49.86,42.95,191.83
2026-02-28T00:43:54.264857,2,63.02,90.61,138.66,6.83,38.95,92.2,45.99,133.82
2026-02-16T17:03:04.264857,2,63.56,54.32,28.57,4.62,31.41,76.81,46.45,130.61
2026-02-21T00:26:28.264857,2,134.47,55.93,73.44,4.99,16.2,62.7,59.57,113.2
2026-02-26T20:53:20.264857,1,34.01,91.42,72.3,7.15,28.08,79.59,58.31,70.84
2026-03-04T04:26:38.264857,2,99.68,24.71,25.54,6.53,22.64,58.05,26.39,76.39
2026-02-27T20:07:57.264857,3,89.49,67.87,166.1,5.09,37.12,46.52,42.09,89.63
2026-02-18T01:19:57.264857,3,125.5,55.01,13.72,7.36,36.62,50.98,42.8,105.71
2026-03-06T19:32:50.264857,2,128.24,102.88,87.9,5.53,32.43,76.68,57.88,131.32
2026-03-13T18:59:21.264857,2,44.3,132.29,155.47,7.32,22.02,77.41,48.73,272.33
2026-03-09T13:16:24.264857,1,139.36,115.32,85.62,5.06,27.88,49.22,52.88,127.36
2026-02-15T13:50:29.264857,2,49.82,27.16,11.09,6.59,24.29,63.05,34.64,5.65
2026-03-09T16:59:42.264857,1,55.55,141.83,62.06,5.29,31.3,77.5,50.65,163.74
2026-02-27T12:48:11.264857,2,12.75,20.49,80.49,7.86,30.01,85.36,56.97,223.85
2026-02-25T07:45:00.264857,2,107.91,95.71,90.1,8.2,30.8,59.3,56.56,67.03
2026-02-24T22:14:56.264857,2,12.0,98.21,159.99,6.33,35.23,34.08,59.35,149.63
2026-03-08T16:50:52.264857,2,21.79,40.14,47.19,5.67,20.45,73.37,42.91,46.49
2026-03-02T04:37:11.264857,3,40.03,16.75,131.33,7.56,35.8,70.33,13.56,279.42
2026-03-13T04:54:04.264857,2,112.59,142.02,201.57,7.15,23.31,71.3,32.25,32.65
2026-02-16T20:42:40.264857,2,89.46,75.15,7.26,7.75,35.79,55.31,12.82,147.77
2026-02-23T09:54:07.264857,2,47.39,54.47,94.17,5.45,28.12,86.33,14.89,281.4
2026-03-11T13:48:28.264857,2,64.67,39.41,141.4,5.79,17.29,86.64,19.38,39.1
2026-02-14T12:30:07.264857,3,135.76,106.24,168.48,7.57,36.99,59.41,29.23,138.86
2026-03-12T12:34:31.264857,2,49.53,47.96,51.11,5.65,27.29,56.42,12.17,187.44
2026-03-12T08:47:52.264857,1,14.47,143.69,125.37,8.27,26.02,89.17,36.05,245.66
2026-03-05T18:20:41.264857,3,53.66,11.24,193.79,7.77,30.92,83.46,14.08,237.27
2026-02-28T02:41:11.264857,1,137.75,61.4,144.01,6.9,20.88,55.32,24.24,291.03
2026-02-23T19:08:20.264857,3,65.72,35.17,145.58,7.68,30.29,93.55,59.7,134.24
2026-02-21T17:39:13.264857,2,59.73,64.43,35.02,7.23,39.09,89.36,27.58,124.74
2026-02-15T20:09:36.264857,3,136.05,12.74,23.11,4.54,15.21,34.86,19.08,204.18
2026-03-11T18:57:08.264857,3,14.29,24.41,83.41,7.1,22.83,40.02,22.56,251.48
2026-02-24T01:39:48.264857,3,135.25,14.56,154.07,5.37,35.23,97.9,58.92,56.96
2026-03-07T06:26:03.264857,2,72.56,35.62,36.69,6.39,33.74,69.94,31.56,206.96
2026-02-23T18:56:35.264857,1,19.05,27.16,25.55,7.15,39.18,51.25,15.85,66.1
2026-02-23T08:27:55.264857,3,96.95,44.6,176.99,6.72,39.71,54.22,41.76,212.65
2026-02-24T12:17:58.264857,2,131.13,103.56,63.64,6.17,15.23,63.09,31.74,278.67
2026-03-01T20:03:57.264857,2,100.22,139.4,21.15,4.63,26.26,48.77,51.95,293.75
2026-03-04T17:48:24.264857,1,22.62,65.79,167.71,7.56,23.25,57.13,37.78,295.98
2026-03-08T10:19:10.264857,1,83.6,136.11,93.66,6.05,35.47,49.2,31.71,238.94
2026-02-14T04:17:36.264857,2,39.47,30.58,123.05,5.61,22.3,80.34,48.64,241.65
2026-03-11T23:08:45.264857,1,64.48,107.01,51.54,7.05,16.61,51.16,59.57,216.4
2026-03-10T16:40:43.264857,1,95.8,128.53,8.8,7.95,25.17,60.97,39.63,199.65
2026-03-06T05:23:39.264857,1,139.13,21.76,89.26,7.07,28.96,46.85,57.52,238.84
2026-03-10T13:58:30.264857,2,94.5,134.5,179.45,7.25,19.86,34.25,13.08,294.34
2026-03-12T05:35:44.264857,1,88.53,97.11,163.29,6.61,39.21,93.03,53.58,223.54
2026-02-14T22:58:14.264857,1,82.77,30.99,128.89,7.17,38.54,66.9,35.49,57.25
2026-03-10T05:39:47.264857,1,135.68,138.32,128.01,7.32,17.03,96.05,44.73,40.87
2026-02-26T13:48:51.264857,1,14.19,15.95,41.38,8.19,18.95,69.82,11.3,266.27
2026-02-21T10:31:59.264857,2,47.34,26.06,60.62,8.35,28.35,88.45,48.28,64.99
2026-03-07T10:35:06.264857,3,87.88,122.59,81.4,5.73,27.57,76.49,33.32,203.41
2026-03-13T03:22:16.264857,1,88.55,41.33,75.48,6.9,22.34,31.24,48.12,178.72
2026-03-09T08:14:28.264857,2,69.38,19.14,167.55,4.67,33.73,83.4,22.25,39.04
2026-02-15T18:09:50.264857,2,23.53,87.07,138.66,6.94,21.04,74.29,44.6,238.98
2026-02-27T08:31:37.264857,3,103.77,125.02,184.61,8.35,19.28,49.28,52.9,139.68
2026-02-24T02:50:47.264857,3,97.61,28.07,141.74,7.83,19.23,61.59,52.37,226.7
2026-02-16T13:45:29.264857,2,30.08,142.24,158.56,4.82,19.86,92.06,25.88,230.84
2026-02-21T12:43:32.264857,3,27.23,100.92,42.79,5.0,31.19,51.27,48.43,277.3
2026-03-03T10:23:24.264857,3,13.57,62.99,155.52,7.78,32.44,30.22,43.18,137.4
2026-03-04T08:35:45.264857,3,49.71,144.11,25.56,5.77,18.71,42.61,42.24,256.36
2026-02-20T01:05:35.264857,3,85.5,46.41,173.75,5.68,34.46,96.62,15.0,128.56
2026-02-17T09:43:42.264857,1,126.1,90.56,151.1,6.87,37.17,46.88,20.06,9.07
2026-03-09T12:06:05.264857,3,46.13,142.13,163.67,5.68,28.36,44.57,49.73,102.94
2026-02-28T15:18:49.264857,3,83.18,135.65,17.34,5.01,37.43,38.41,20.71,161.58
2026-02-12T21:54:56.264857,2,90.42,70.72,75.91,5.97,17.67,77.07,15.53,128.95
2026-02-16T22:54:10.264857,1,107.69,24.52,109.91,6.0,27.54,84.6,27.32,204.78
2026-02-24T12:21:29.264857,3,83.87,111.66,121.84,8.31,18.38,92.69,38.12,293.42
2026-03-07T01:43:49.264857,1,129.34,104.8,97.81,4.51,28.53,43.4,59.84,169.56
2026-02-15T09:20:59.264857,2,60.61,82.08,34.26,6.79,33.2,73.83,47.62,21.78
2026-03-11T15:45:42.264857,1,29.55,133.52,194.83,7.97,22.13,46.64,39.04,115.9
2026-03-06T10:42:36.264857,3,135.12,33.07,70.22,4.81,16.72,58.64,10.88,190.79
2026-02-24T01:57:51.264857,1,77.55,89.27,192.94,8.07,26.82,63.55,27.86,77.76
2026-03-01T11:16:01.264857,2,76.86,25.38,18.83,8.39,33.0,34.17,15.91,23.31
2026-02-17T20:54:05.264857,1,45.33,14.48,107.35,7.64,34.73,31.72,12.04,200.4
2026-02-23T17:05:38.264857,1,78.75,142.86,66.51,5.07,30.24,75.19,40.87,287.06
2026-02-26T07:59:21.264857,3,19.02,104.22,60.48,8.25,29.84,93.34,42.68,237.1
2026-03-14T06:40:16.264857,1,99.14,116.18,186.86,8.4,26.46,83.17,41.73,151.69
2026-02-26T00:25:11.264857,2,45.44,84.22,25.35,8.26,19.68,99.43,47.99,96.24
2026-03-08T06:48:19.264857,2,38.73,115.17,33.48,6.85,15.31,65.7,43.26,222.22
2026-02-22T04:40:42.264857,1,111.66,7.13,63.0,7.79,32.14,38.23,37.92,179.51
2026-03-10T21:58:38.264857,3,85.83,33.73,9.16,5.22,33.37,98.04,37.38,142.29
2026-02-16T17:15:46.264857,1,77.37,56.3,174.52,4.57,31.04,69.45,36.91,60.68
2026-02-18T14:46:45.264857,1,139.29,96.7,78.25,6.6,21.11,47.44,34.17,290.53
2026-02-25T15:38:27.264857,1,105.37,100.65,177.53,6.11,17.92,42.0,55.66,94.23
2026-03-03T21:01:16.264857,2,126.62,112.66,130.36,6.57,35.36,43.24,42.69,43.95
2026-02-20T12:53:24.264857,1,88.71,81.75,193.11,4.83,36.28,73.6,41.84,292.23
2026-02-25T14:32:04.264857,1,51.85,65.61,88.72,7.05,20.64,31.19,42.26,277.07
2026-02-27T15:02:03.264857,1,37.22,123.78,64.96,6.42,21.34,33.64,25.48,91.98
2026-02-28T17:24:52.264857,3,95.01,77.61,83.64,8.01,18.43,60.27,32.79,171.83
2026-03-06T03:18:41.264857,3,136.31,14.55,28.51,4.84,39.5,70.18,32.52,72.73
2026-02-21T15:48:52.264857,2,27.66,51.97,98.52,7.77,26.66,32.73,39.71,115.67
2026-02-17T20:29:36.264857,1,32.29,30.7,10.41,8.22,28.0,65.54,44.42,201.03
2026-03-06T11:43:54.264857,3,124.98,64.05,29.81,6.07,36.98,69.9,41.1,265.47
2026-02-23T05:43:21.264857,1,50.46,51.5,64.36,8.47,22.64,73.12,56.27,153.09
2026-02-13T15:10:57.264857,2,79.46,71.2,90.84,4.9,22.67,65.8,40.87,214.23
2026-02-28T13:12:32.264857,3,79.63,106.83,119.68,5.16,35.2,81.5,45.75,68.56
2026-02-26T22:34:42.264857,3,58.52,138.64,53.81,7.97,38.59,85.63,29.13,85.57
2026-02-24T23:26:11.264857,2,25.25,71.52,65.45,5.3,35.55,93.63,37.09,169.55
2026-02-22T22:53:07.264857,3,59.81,56.0,76.91,7.85,29.8,32.71,54.48,161.99
2026-02-25T08:10:24.264857,3,129.57,112.37,151.14,6.67,34.2,96.64,50.99,17.35
2026-03-09T09:46:45.264857,2,113.16,111.64,114.64,5.37,25.69,38.97,51.42,161.73
2026-03-14T03:12:43.264857,1,66.57,27.1,45.65,7.06,17.15,81.08,14.01,33.97
2026-02-23T04:05:13.264857,3,107.02,38.55,53.19,6.23,19.8,43.69,43.07,125.56
2026-02-27T06:36:16.264857,1,135.71,23.55,23.11,8.35,19.04,37.92,49.67,264.71
2026-02-28T11:20:26.264857,1,100.74,34.86,101.14,7.45,39.39,37.36,35.13,241.2
2026-02-15T18:51:51.264857,3,120.69,64.4,57.41,6.38,34.82,42.02,20.48,151.46
2026-03-05T04:32:23.264857,3,67.3,133.39,203.94,4.85,22.05,78.81,20.3,22.86
2026-02-20T19:54:24.264857,3,40.49,127.08,92.82,7.43,36.73,42.34,28.02,78.98
2026-02-20T16:45:59.264857,3,125.17,123.35,14.77,7.9,33.54,67.73,42.63,234.1
2026-03-04T03:42:36.264857,2,78.7,130.48,201.3,8.02,39.09,66.93,29.94,15.39
2026-03-10T20:35:45.264857,1,77.67,109.65,114.63,6.49,20.57,56.05,44.49,152.4
2026-02-28T02:30:42.264857,3,71.17,94.64,158.43,5.58,18.98,44.67,51.0,137.21
2026-03-06T08:35:31.264857,1,68.58,62.66,73.28,4.65,23.64,77.92,46.73,16.84
2026-03-12T02:21:02.264857,2,129.76,94.98,9.49,7.38,30.41,45.57,44.29,49.03
2026-02-17T23:14:23.264857,2,48.13,143.04,111.74,4.95,39.94,68.31,34.53,66.11
2026-03-04T17:06:47.264857,3,106.89,59.6,97.66,7.91,27.1,89.61,14.26,96.8
2026-02-27T22:46:22.264857,3,134.79,116.12,43.49,5.43,20.26,92.39,59.29,51.61
2026-03-03T16:08:35.264857,2,60.06,89.87,83.5,4.74,18.39,35.57,33.81,168.2
2026-03-05T16:32:54.264857,3,20.91,75.05,63.9,6.05,36.03,92.86,36.85,176.08
2026-03-09T01:23:32.264857,3,55.97,66.2,106.76,5.62,18.38,90.77,13.98,14.11
2026-03-10T09:27:08.264857,1,104.7,78.42,89.48,7.42,28.17,81.22,40.71,5.52
2026-02-16T20:26:55.264857,1,33.24,24.11,96.04,6.66,25.06,32.33,53.35,72.91
2026-02-20T12:34:47.264857,1,61.44,74.31,77.16,6.62,30.23,60.62,23.57,198.98
2026-02-14T06:10:07.264857,1,10.7,12.45,145.57,5.53,39.21,69.96,37.43,167.88
2026-03-07T09:13:19.264857,2,89.3,128.96,204.91,6.49,34.43,68.2,28.95,90.63
2026-02-14T19:06:13.264857,3,132.52,68.33,201.31,7.81,18.73,60.79,29.18,69.99
2026-03-01T16:11:09.264857,2,103.82,55.35,201.98,6.4,34.42,51.4,38.64,69.61
2026-02-15T06:19:43.264857,2,48.51,55.48,86.87,5.35,25.07,64.27,29.45,49.15
2026-02-15T10:10:21.264857,1,124.45,29.32,149.11,8.44,36.99,77.21,39.04,35.18
2026-02-19T13:18:55.264857,1,67.77,144.01,191.3,6.21,15.64,49.85,19.39,132.79
2026-02-13T00:31:19.264857,2,56.72,31.84,175.23,5.3,25.35,30.38,54.28,126.02
2026-02-12T22:53:05.264857,1,136.94,13.81,39.62,8.49,29.6,37.6,49.45,108.44
2026-02-20T05:55:36.264857,1,74.37,16.67,64.05,4.75,36.99,58.02,49.31,30.02
2026-02-18T05:17:40.264857,1,46.8,79.66,133.3,6.38,35.59,44.13,59.78,82.06
2026-02-13T19:05:08.264857,2,119.89,33.78,28.35,5.74,31.04,59.98,15.95,264.86
2026-02-26T22:09:16.264857,1,35.03,63.64,170.43,6.16,36.17,78.67,35.6,8.6
