timestamp,farm_id,N,P,K,pH,temperature_C,humidity_percent,soil_moisture_percent,rainfall_mm
2026-01-31T01:13:29.183693,3,26.46,76.69,118.93,7.14,18.43,70.62,55.86,40.19
2026-01-22T01:31:29.183693,3,82.48,58.23,118.28,5.18,20.95,55.53,34.81,177.29
2026-01-28T17:31:46.183693,1,37.35,124.53,88.16,7.22,37.13,33.9,18.9,139.01
2026-02-05T09:46:27.183693,2,72.92,116.18,134.25,7.38,17.03,81.69,55.94,278.16
2026-01-27T20:13:32.183693,3,30.82,27.83,124.84,4.64,36.76,52.39,49.93,198.21
2026-02-08T05:51:07.183693,1,88.27,20.48,118.38,7.95,27.2,40.35,42.05,269.44
2026-02-17T16:50:26.183693,2,114.83,79.43,124.61,6.31,16.64,80.7,45.51,190.08
2026-02-09T19:35:02.183693,2,18.32,53.2,89.7,7.39,37.22,95.48,56.5,243.91
2026-01-27T13:05:17.183693,3,26.95,22.67,82.55,7.82,20.6,62.74,53.36,101.81
2026-02-03T10:54:22.183693,3,62.59,53.78,164.39,6.23,39.18,89.58,16.47,171.03
2026-01-25T04:21:33.183693,1,80.59,135.07,15.46,7.24,17.99,55.19,35.04,90.62
2026-02-12T17:20:20.183693,1,65.97,20.36,143.06,8.35,20.54,55.32,44.48,43.15
2026-02-14T12:53:32.183693,3,15.72,52.23,118.16,7.39,26.55,47.28,55.49,216.58
2026-02-10T05:22:45.183693,2,134.49,113.29,138.51,7.61,21.75,83.87,56.55,100.07
2026-02-13T04:05:34.183693,2,126.95,70.08,97.57,5.24,34.83,35.69,17.3,208.61
2026-01-23T01:36:22.183693,1,17.87,102.97,31.86,6.34,32.05,64.28,13.23,132.95
2026-01-28T15:42:57.183693,2,11.34,132.31,189.65,5.07,19.26,99.44,49.0,202.38
2026-02-01T09:14:49.183693,2,15.37,92.75,103.38,7.8,18.09,67.81,24.47,110.52
2026-01-22T08:07:02.183693,2,116.95,21.08,55.77,5.33,26.36,72.81,19.3,150.07
2026-02-03T23:51:54.183693,3,56.94,56.45,81.46,5.32,36.31,62.79,40.96,61.78
2026-02-12T06:34:40.183693,3,86.16,35.29,168.68,7.22,35.66,30.76,54.3,28.14
2026-01-26T18:42:49.183693,3,35.32,27.96,33.97,5.91,31.54,34.43,23.75,156.68
2026-01-26T09:49:34.183693,1,38.64,136.19,111.86,8.1,18.92,64.69,39.39,242.18
2026-02-02T01:01:39.183693,1,73.91,47.82,89.57,8.12,27.99,78.43,36.35,15.2
2026-02-12T14:53:34.183693,1,132.34,10.42,161.41,8.33,36.64,82.24,27.19,12.24
2026-02-02T13:07:19.183693,3,16.52,15.79,117.48,4.71,36.2,97.75,11.49,295.59
2026-01-23T09:36:42.183693,2,99.55,69.57,49.68,7.66,39.16,51.11,46.7,54.93
2026-02-14T11:10:33.183693,3,54.93,116.86,177.13,5.69,37.34,91.49,58.09,35.05
2026-01-25T08:10:35.183693,1,137.14,7.24,140.27,6.29,19.09,76.3,34.32,211.35
2026-02-16T22:14:34.183693,3,62.76,127.43,10.1,6.65,23.73,76.21,26.16,231.86
2026-01-28T09:16:15.183693,3,137.7,100.26,61.07,8.39,19.79,95.09,15.03,208.08
2026-02-02T21:16:55.183693,2,98.71,64.58,57.56,8.15,23.13,90.4,17.99,218.73
2026-02-19T22:43:28.183693,3,107.54,117.26,175.02,5.33,27.35,98.48,29.68,217.81
2026-02-19T17:56:37.183693,1,94.97,79.95,73.73,8.38,28.62,88.52,18.11,38.18
2026-01-31T10:25:58.183693,1,69.26,15.95,53.17,4.54,38.36,60.51,57.15,186.38
2026-02-02T07:33:49.183693,3,52.22,34.64,157.25,5.75,29.39,95.69,20.3,272.92
2026-02-06T22:05:07.183693,1,27.75,55.36,17.85,7.22,33.97,64.42,43.37,172.17
2026-02-01T11:14:16.183693,3,53.13,111.69,100.35,5.86,23.72,97.32,13.75,67.16
2026-02-03T14:41:23.183693,2,129.58,128.88,143.96,6.05,21.34,71.54,41.55,222.78
2026-02-17T04:11:40.183693,2,81.02,45.68,191.53,8.46,23.64,83.82,42.02,23.45
2026-02-16T01:06:18.183693,2,31.26,144.97,130.54,5.26,35.72,45.76,47.27,248.99
2026-01-28T19:19:38.183693,2,111.37,18.81,45.84,6.08,28.19,65.31,31.11,89.65
2026-01-24T04:17:54.183693,2,124.05,67.13,9.94,5.14,38.81,77.22,36.41,136.86
2026-02-02T08:14:19.183693,1,91.71,104.08,196.27,5.54,27.51,49.32,19.38,221.48
2026-01-24T11:16:39.183693,1,62.05,35.63,79.01,6.03,37.85,93.33,47.53,119.0
2026-02-18T12:38:57.183693,2,54.32,8.88,110.7,6.0,22.83,80.43,11.05,217.97
2026-02-02T16:12:45.183693,3,34.54,26.85,131.65,6.01,21.8,57.5,34.17,79.56
2026-02-18T18:58:18.183693,3,110.13,126.8,134.72,5.22,15.81,74.48,12.32,66.53
2026-02-18T09:16:53.183693,2,51.75,140.57,9.19,8.32,16.79,67.3,12.95,103.32
2026-02-10T19:10:36.183693,3,50.59,63.54,39.86,5.47,17.95,66.42,56.68,24.83
2026-02-09T21:19:30.183693,1,101.94,134.88,146.12,7.5,19.62,39.0,12.36,255.33
2026-01-28T06:06:06.183693,3,82.14,16.64,168.89,6.31,19.11,62.39,18.28,131.27
2026-02-12T03:30:06.183693,1,38.84,83.43,163.47,7.57,24.18,59.49,56.43,110.58
2026-02-14T18:48:38.183693,2,94.42,28.55,14.75,7.61,31.09,72.11,31.44,3.22
2026-02-02T10:43:33.183693,3,54.82,93.87,115.82,6.35,19.42,37.32,10.91,256.51
2026-02-07T14:50:03.183693,3,89.91,34.84,101.0,7.28,22.91,44.98,44.75,3.41
2026-01-23T16:45:30.183693,3,65.18,48.42,77.07,8.15,16.84,47.72,18.91,146.93
2026-02-08T01:53:48.183693,3,19.1,138.17,177.97,5.65,33.76,36.46,58.51,245.14
2026-01-24T16:07:17.183693,2,125.9,118.02,45.21,8.27,31.0,41.63,59.17,299.35
2026-01-26T17:26:09.183693,3,70.52,68.8,158.41,5.34,31.56,78.35,37.83,100.1
2026-02-14T13:27:26.183693,3,63.02,57.19,114.55,6.68,35.27,97.39,13.01,229.43
2026-02-08T06:16:03.183693,3,99.0,77.73,7.62,5.58,20.6,91.82,24.92,281.5
2026-02-03T15:21:26.183693,1,55.49,77.49,72.51,5.29,34.38,99.54,23.83,294.82
2026-01-31T15:28:18.183693,1,24.83,25.64,50.86,5.51,37.97,65.08,15.09,174.6
2026-02-18T07:55:56.183693,3,109.52,63.86,197.82,5.29,31.68,61.37,23.53,254.11
2026-01-29T06:41:26.183693,2,114.27,109.69,31.01,8.46,21.26,85.07,11.3,216.4
2026-02-02T18:36:42.183693,1,74.0,31.09,184.44,4.96,32.05,36.49,19.98,33.1
2026-02-09T19:08:03.183693,2,11.86,84.81,93.56,5.29,22.87,54.11,44.43,164.93
2026-02-02T06:12:31.183693,2,22.22,112.14,50.57,4.84,24.53,75.27,33.25,196.56
2026-02-07T12:08:15.183693,3,118.19,5.82,65.0,5.29,29.01,48.89,50.25,99.3
2026-01-30T14:23:04.183693,3,70.57,138.74,99.02,5.21,15.25,86.19,33.76,48.42
2026-02-18T16:13:18.183693,1,93.47,118.8,195.45,5.72,29.46,65.94,53.92,107.66
2026-02-04T01:26:33.183693,1,56.72,65.07,32.02,6.86,39.42,93.94,29.02,296.53
2026-01-23T19:05:34.183693,3,107.25,105.8,151.35,7.08,36.22,92.19,31.89,75.73
2026-02-02T19:13:42.183693,1,132.29,109.24,64.32,6.73,20.71,82.34,57.36,90.57
2026-02-15T15:25:07.183693,2,68.75,111.43,105.67,5.58,22.72,43.18,16.25,60.66
2026-02-05T12:02:37.183693,2,139.35,80.73,109.17,4.66,20.87,49.37,19.9,231.26
2026-02-11T00:30:36.183693,3,122.37,46.78,155.1,7.18,16.75,52.3,35.63,298.37
2026-02-10T07:33:31.183693,1,28.21,12.75,132.3,8.48,30.15,83.56,24.91,275.79
2026-02-07T15:43:56.183693,3,44.72,17.21,150.94,7.65,34.51,31.92,55.78,298.53
2026-01-31T17:57:03.183693,1,138.99,46.46,14.48,7.17,34.39,67.58,12.67,247.97
2026-02-15T03:12:32.183693,2,10.29,98.76,14.93,6.14,16.78,76.68,48.14,159.12
2026-02-18T00:01:00.183693,1,119.72,105.24,199.78,7.9,26.52,90.41,14.62,165.44
2026-02-20T09:04:46.183693,3,70.17,18.36,135.81,4.67,15.95,52.48,50.94,175.37
2026-01-30T12:56:27.183693,1,130.31,118.07,192.17,8.1,33.88,37.48,57.35,155.76
2026-01-26T22:56:22.183693,1,31.31,113.45,154.7,8.32,17.24,47.22,48.03,3.05
2026-02-10T23:44:39.183693,1,66.93,61.34,51.88,7.6,21.07,95.71,37.8,242.76
2026-02-07T00:12:02.183693,2,109.46,14.08,33.48,7.7,18.47,53.82,39.11,222.18
2026-02-18T06:06:48.183693,2,127.49,120.54,157.67,4.67,39.55,53.95,29.19,251.82
2026-02-15T17:09:22.183693,1,51.81,59.83,37.27,6.16,18.75,82.81,22.14,79.82
2026-01-29T21:52:34.183693,1,70.58,104.09,8.15,4.8,16.94,49.37,32.71,174.5
2026-02-17T21:36:12.183693,3,72.71,134.68,112.38,6.85,25.59,40.63,45.09,7.7
2026-02-12T10:50:25.183693,3,56.52,106.82,200.93,7.6,39.93,33.35,42.11,182.21
2026-02-07T17:12:06.183693,3,41.2,93.44,190.53,7.94,24.05,59.09,21.48,130.72
2026-01-26T01:38:13.183693,3,57.52,19.7,139.59,4.81,35.85,78.06,10.28,155.09
2026-02-03T09:28:09.183693,1,139.16,139.56,133.55,6.82,28.45,67.74,26.22,82.15
2026-01-27T08:04:22.183693,2,134.08,93.64,127.87,8.3,22.31,77.97,23.42,24.02
2026-02-18T21:37:07.183693,3,70.81,16.17,147.14,6.6,28.5,44.0,21.5,163.42
2026-02-03T21:02:26.183693,2,108.57,44.06,74.35,4.99,34.24,42.58,54.73,142.22
2026-02-15T19:37:33.183693,3,52.11,65.87,29.05,5.54,36.8,93.71,36.84,163.82
2026-01-27T21:09:33.183693,3,118.75,120.07,105.35,5.74,18.72,32.52,25.56,125.24
2026-02-19T14:15:42.183693,3,59.39,94.46,149.03,7.44,18.6,62.09,46.22,270.59
2026-01-25T03:14:32.183693,1,135.44,51.09,164.77,7.03,20.99,68.46,59.38,153.54
2026-02-10T19:57:09.183693,3,48.24,133.06,139.51,5.77,39.27,89.19,48.72,5.1
2026-02-01T12:06:13.183693,3,87.84,12.21,161.65,4.99,35.81,98.98,51.97,193.78
2026-01-25T02:36:01.183693,3,72.72,123.12,140.66,8.38,16.27,50.44,35.99,49.43
2026-02-01T22:22:35.183693,2,137.3,63.74,22.16,5.69,30.04,69.12,47.66,139.37
2026-02-04T08:31:49.183693,1,32.46,62.35,179.37,8.04,37.39,32.48,13.87,37.4
2026-01-23T23:22:52.183693,2,23.42,91.48,196.51,6.15,38.93,99.02,14.62,145.78
2026-02-13T11:21:39.183693,3,105.3,23.09,75.61,5.04,26.94,98.99,31.11,225.51
2026-01-27T20:24:17.183693,2,75.46,66.16,77.33,7.75,21.82,75.08,29.73,65.82
2026-02-15T11:11:24.183693,3,59.7,12.03,200.89,5.07,34.01,60.72,28.19,265.21
2026-02-13T04:31:41.183693,1,136.73,113.51,110.78,8.45,32.46,88.28,25.44,179.41
2026-02-08T07:55:34.183693,1,80.84,8.0,175.76,5.67,19.09,44.93,43.24,173.36
2026-02-06T05:48:39.183693,3,55.99,16.77,94.97,5.54,37.32,48.84,40.96,22.17
2026-02-08T22:20:11.183693,1,133.26,133.78,55.52,6.96,17.83,47.55,24.59,213.76
2026-02-02T16:14:20.183693,3,88.42,67.14,40.36,8.13,23.97,60.46,52.3,1.97
2026-01-29T17:43:16.183693,2,67.84,91.61,140.77,6.66,25.83,73.35,59.66,114.13
2026-01-27T12:58:58.183693,3,14.17,36.49,114.78,7.24,27.31,86.78,26.25,228.45
2026-02-17T05:15:47.183693,1,25.13,61.18,51.47,5.23,31.52,43.68,32.53,258.62
2026-02-07T01:09:55.183693,1,124.19,98.54,138.41,8.47,23.18,31.57,48.89,26.2
2026-02-10T23:31:33.183693,3,111.49,111.62,86.93,5.3,34.61,71.83,22.93,132.16
2026-01-21T10:53:50.183693,1,89.07,100.32,45.84,5.42,21.88,64.3,56.4,168.08
2026-01-24T15:03:08.183693,3,120.67,50.64,69.14,6.63,26.2,58.37,29.9,95.64
2026-02-04T06:07:19.183693,3,113.27,132.47,162.91,8.45,35.13,44.72,15.47,55.78
2026-01-23T03:17:40.183693,1,56.49,96.82,45.85,7.53,21.52,33.92,10.2,278.0
2026-02-12T03:43:01.183693,2,45.4,30.77,145.52,4.66,37.81,44.81,46.83,293.8
2026-02-05T15:09:12.183693,3,56.77,56.05,168.64,7.18,20.23,76.22,48.83,88.39
2026-02-11T14:29:47.183693,1,43.73,39.33,43.27,4.77,37.67,72.74,10.32,101.73
2026-02-04T11:43:23.183693,2,60.39,135.96,51.03,5.3,30.25,30.5,17.06,8.23
2026-02-03T18:02:40.183693,1,131.19,28.14,174.8,7.07,25.08,73.68,27.86,228.72
2026-02-02T08:04:23.183693,2,101.43,7.11,11.72,7.45,17.29,31.7,17.56,62.79
2026-02-02T05:38:39.183693,3,98.81,82.88,22.35,7.37,18.99,86.97,10.67,205.38
2026-02-14T08:02:30.183693,2,25.35,141.34,184.2,6.9,30.34,38.46,37.56,188.31
2026-01-26T02:59:29.183693,3,98.41,144.37,56.65,6.73,39.52,61.5,33.76,214.64
2026-01-26T00:25:26.183693,1,62.94,74.83,79.89,6.37,38.48,31.43,43.75,164.99
2026-01-26T03:44:51.183693,3,22.37,40.2,129.78,4.88,35.37,98.88,50.88,158.26
2026-01-31T02:26:17.183693,2,67.17,6.94,57.28,5.87,22.54,41.45,10.41,276.63
2026-02-02T10:20:50.183693,2,24.2,67.4,161.79,5.72,29.68,60.11,25.83,83.75
2026-02-04T04:00:54.183693,3,123.43,30.21,129.32,7.02,26.59,34.63,39.38,280.97
2026-01-30T00:04:17.183693,3,115.22,34.01,94.3,5.27,16.07,49.04,12.44,124.23
2026-01-23T05:32:59.183693,3,49.68,130.83,131.13,6.03,26.78,82.18,38.95,62.55
2026-01-24T20:24:45.183693,1,32.29,11.86,5.81,4.65,27.44,93.35,33.26,148.6
2026-01-26T15:50:32.183693,3,24.24,112.58,162.25,5.69,36.14,90.31,12.94,57.26
2026-02-10T03:52:15.183693,3,51.3,138.27,112.23,7.35,25.2,40.61,17.43,215.66
2026-02-16T21:17:26.183693,1,90.37,70.34,45.25,5.01,19.21,99.23,22.69,284.89
2026-02-02T13:42:27.183693,3,32.62,74.84,96.54,5.44,22.6,64.89,23.35,101.3
2026-02-16T17:48:00.183693,1,92.61,120.88,76.16,5.04,25.28,97.49,42.15,26.66
2026-01-30T17:10:20.183693,3,134.24,47.98,57.13,4.81,34.85,77.2,59.33,4.19
2026-02-14T14:59:43.183693,1,18.88,104.72,148.26,5.39,20.9,35.21,25.25,153.5
2026-01-25T01:49:23.183693,3,130.41,6.72,114.9,6.81,32.17,86.06,58.95,80.32
2026-02-14T07:05:20.183693,3,117.81,139.65,134.69,6.17,27.96,92.14,56.53,185.05
2026-02-04T13:43:22.183693,1,120.06,49.95,141.42,5.62,36.23,49.8,48.66,147.76
2026-01-27T19:06:54.183693,3,55.77,44.96,6.03,6.78,19.01,69.7,18.57,163.44
2026-01-26T09:33:48.183693,1,50.04,101.81,189.59,4.57,30.93,84.46,59.11,299.17
2026-01-23T14:27:37.183693,3,134.9,116.24,32.84,7.76,22.02,94.71,28.71,33.4
2026-02-03T10:53:10.183693,2,91.77,61.35,200.47,6.27,24.75,63.23,50.34,187.68
2026-02-04T08:36:34.183693,2,50.33,66.28,94.73,6.22,15.96,42.99,33.49,135.64
2026-02-13T09:21:21.183693,1,115.05,107.95,143.59,8.22,34.28,89.23,55.44,263.72
2026-02-05T23:08:05.183693,2,107.39,62.5,65.2,7.18,28.21,79.59,25.59,189.51
2026-02-05T10:06:40.183693,1,131.48,64.63,154.41,7.93,28.42,98.38,26.35,257.11
2026-01-21T09:44:41.183693,3,112.98,49.81,96.69,5.62,29.3,91.86,15.37,46.2
2026-02-07T22:17:40.183693,1,106.92,25.3,88.68,7.86,15.14,64.61,48.77,296.78
2026-02-19T17:37:20.183693,1,23.43,102.23,102.13,7.47,34.19,70.36,19.6,105.54
2026-02-09T22:45:49.183693,1,107.17,138.31,150.07,4.82,15.35,76.25,43.24,120.94
2026-01-26T05:49:41.183693,1,47.83,59.59,37.63,8.43,26.77,82.51,46.15,211.93
2026-02-02T05:53:48.183693,3,57.7,51.57,136.35,8.34,36.21,77.15,28.7,220.6
2026-02-05T13:40:59.183693,1,101.95,120.89,122.22,5.81,28.69,84.43,40.29,181.75
2026-02-04T19:24:40.183693,1,84.62,27.38,99.93,5.16,30.44,67.82,29.33,63.33
2026-01-30T13:25:21.183693,3,93.59,28.41,33.0,7.06,21.55,58.6,48.49,278.99
2026-01-28T06:02:08.183693,3,36.43,114.14,67.75,4.75,27.12,43.15,39.31,268.23
2026-02-08T03:16:26.183693,3,92.62,78.17,179.49,5.78,24.53,71.59,58.9,58.46
2026-02-17T21:52:55.183693,1,109.22,131.8,157.22,5.81,26.32,76.54,55.41,27.47
2026-02-15T11:02:42.183693,1,91.11,91.96,7.92,6.68,16.12,54.13,12.44,88.66
2026-02-06T10:25:47.183693,3,88.89,136.22,48.1,5.84,27.82,74.11,35.36,80.64
2026-01-22T12:26:30.183693,3,112.73,111.86,175.65,5.95,17.03,33.81,56.11,264.76
2026-02-13T03:47:41.183693,1,103.66,91.9,18.95,4.89,27.03,71.77,39.19,182.32
2026-01-31T20:41:41.183693,3,91.1,74.73,147.17,7.65,15.44,43.36,27.01,49.55
2026-02-20T02:07:00.183693,1,31.98,90.57,18.16,7.58,21.02,59.39,42.04,195.83
2026-02-01T05:27:48.183693,1,22.52,64.88,200.9,5.5,23.22,92.23,54.66,46.13
2026-02-01T19:11:38.183693,3,87.35,100.57,34.96,5.69,23.1,44.76,29.97,175.46
2026-02-13T16:20:46.183693,2,72.07,139.46,162.44,5.53,15.61,69.67,44.12,104.16
2026-02-08T21:50:38.183693,1,139.16,11.7,195.62,7.53,20.28,63.08,28.35,185.08
2026-02-05T08:15:02.183693,3,23.51,131.49,174.33,7.12,25.26,94.56,11.78,174.81
2026-01-23T00:21:30.183693,1,54.58,55.61,140.25,5.53,18.44,88.4,39.1,99.59
2026-02-04T21:22:34.183693,1,28.4,93.26,40.25,4.87,29.39,75.84,26.87,58.13
2026-02-09T19:34:20.183693,3,70.64,67.16,66.05,6.68,29.98,86.94,41.16,297.97
2026-02-04T00:46:32.183693,2,18.67,43.1,13.78,5.08,38.07,43.36,11.95,71.7
2026-02-04T19:58:04.183693,3,90.27,109.6,139.35,6.53,27.52,31.88,51.75,263.81
2026-02-19T12:20:08.183693,2,80.63,47.85,79.32,7.2,34.78,84.86,42.02,257.1
2026-01-24T18:39:15.183693,1,11.41,50.16,101.76,5.02,34.78,68.96,48.49,253.03
2026-02-07T01:30:33.183693,3,94.99,8.89,141.31,6.61,23.43,95.2,51.03,118.76
2026-01-23T18:52:58.183693,1,138.34,106.87,34.79,6.98,19.01,79.19,59.54,212.2
2026-01-27T10:21:13.183693,3,57.51,94.11,72.86,7.66,19.82,37.52,12.93,10.73
2026-02-13T18:04:23.183693,2,61.49,85.35,138.61,4.94,34.95,51.78,12.43,162.42
2026-02-17T05:17:28.183693,1,100.33,133.44,183.5,6.44,31.63,80.13,18.69,113.82
2026-02-12T14:36:07.183693,1,57.45,72.72,136.17,7.24,33.36,57.51,29.5,48.68
2026-02-10T22:16:23.183693,2,70.06,126.39,199.01,5.48,16.49,49.69,12.05,69.9
2026-02-08T04:31:33.183693,2,111.29,83.48,145.83,7.34,21.05,47.85,18.34,273.85
2026-02-10T14:20:50.183693,2,22.4,118.56,56.26,7.25,16.84,80.9,38.25,74.74
2026-01-24T14:14:05.183693,3,68.62,91.91,132.72,8.03,20.22,77.16,35.86,140.25
2026-01-26T01:24:04.183693,1,39.91,50.55,26.06,4.84,26.68,49.39,58.71,73.37
2026-02-09T09:06:50.183693,2,16.09,103.99,56.54,7.63,22.7,47.02,37.31,46.83
2026-01-23T14:27:15.183693,2,96.87,17.09,115.98,7.92,29.25,86.12,34.14,201.7
2026-01-27T00:06:26.183693,3,15.69,122.52,96.75,5.53,15.52,80.7,40.98,168.14
2026-01-24T12:29:44.183693,2,100.26,88.8,37.61,7.05,15.94,90.86,34.28,119.54
2026-02-06T01:47:49.183693,2,60.03,34.72,171.63,6.39,19.17,36.63,26.32,167.79
2026-02-16T23:21:00.183693,1,11.33,92.83,81.94,6.66,30.83,84.39,57.3,182.57
2026-02-13T05:42:53.183693,3,62.75,108.51,10.86,6.09,16.94,57.58,29.25,84.81
2026-02-19T04:27:33.183693,1,53.76,5.06,175.0,5.75,27.73,96.46,33.5,191.14
2026-02-10T18:21:59.183693,3,85.62,136.23,166.79,6.8,24.18,55.85,10.17,293.61
2026-02-19T06:05:43.183693,1,52.61,70.73,56.21,5.89,21.56,80.49,42.82,79.7
2026-02-05T04:18:57.183693,1,102.81,95.61,46.07,6.41,36.26,54.65,13.64,242.49
2026-01-29T06:36:03.183693,3,50.01,135.11,40.49,6.54,28.81,89.16,57.99,230.27
2026-02-19T00:52:37.183693,2,39.38,13.51,82.53,5.71,36.89,63.56,35.53,239.61
2026-02-01T23:30:21.183693,3,67.43,67.24,76.08,7.28,34.62,79.24,38.5,107.76
2026-01-23T21:52:49.183693,2,31.7,134.52,30.43,7.75,16.83,68.12,33.84,24.05
2026-01-28T00:14:51.183693,2,75.42,12.73,28.98,6.53,34.82,66.44,19.68,120.1
2026-02-10T07:38:00.183693,2,27.31,10.12,193.21,5.63,36.66,97.73,28.18,292.44
2026-01-23T19:21:58.183693,1,12.86,78.67,77.41,5.09,15.93,82.43,54.03,191.5
2026-01-24T19:55:41.183693,3,61.12,61.11,80.95,6.97,37.52,61.83,32.2,106.07
2026-02-16T18:37:50.183693,2,49.21,40.01,100.2,7.58,32.97,86.81,36.9,176.81
2026-01-29T10:50:49.183693,1,108.17,94.85,169.52,7.17,32.95,99.65,17.68,214.96
2026-02-01T23:55:26.183693,1,27.89,68.91,178.84,5.55,23.06,83.18,27.25,146.48
2026-02-02T01:25:29.183693,1,128.46,71.01,165.26,4.8,17.42,83.29,44.83,209.91
2026-02-09T20:02:34.183693,1,103.16,123.81,21.39,5.67,32.12,73.94,16.77,234.17
2026-02-07T19:31:14.183693,3,31.22,120.41,86.35,6.94,15.82,96.03,39.84,226.13
2026-02-12T16:01:30.183693,1,66.3,85.82,88.68,5.54,33.7,50.38,32.53,76.05
2026-02-14T14:43:58.183693,3,46.14,131.04,188.27,5.34,21.83,82.79,22.18,198.38
2026-01-31T21:56:33.183693,3,12.74,140.45,7.79,6.49,32.09,88.43,48.51,151.05
2026-01-29T16:08:44.183693,3,51.97,112.01,127.94,8.23,25.76,64.62,23.53,116.54
2026-02-12T16:54:08.183693,1,131.43,83.75,123.83,7.37,30.27,79.42,43.43,59.16
2026-02-16T15:18:59.183693,1,110.56,125.76,142.28,7.27,24.4,83.48,43.09,141.16
2026-02-11T05:11:04.183693,3,85.09,17.47,148.12,4.69,22.29,84.05,35.63,10.13
2026-02-11T16:26:55.183693,3,87.22,103.83,160.24,7.28,34.22,60.18,56.07,288.68
2026-02-09T16:07:32.183693,2,92.51,79.72,114.07,6.09,15.46,38.46,24.58,288.42
2026-02-19T21:58:36.183693,3,40.89,45.57,144.18,4.74,29.11,87.44,46.17,10.85
2026-01-31T21:02:21.183693,2,40.97,133.19,6.19,4.84,16.15,94.82,47.14,65.51
2026-02-12T16:40:40.183693,1,20.52,115.51,40.7,4.56,28.96,90.47,38.11,250.18
2026-02-16T23:02:45.183693,1,35.38,90.98,184.99,5.07,21.45,93.36,19.29,13.71
2026-02-03T23:12:27.183693,1,34.77,46.13,118.82,7.95,39.14,34.43,55.11,227.04
2026-02-07T16:19:26.183693,1,40.63,143.09,92.55,5.81,26.82,74.78,13.73,25.93
2026-02-05T16:45:42.183693,3,48.79,103.82,79.32,7.04,34.45,77.86,22.3,221.29
2026-01-29T15:56:58.183693,1,77.63,72.67,111.38,4.65,25.25,77.82,47.37,40.01
2026-02-16T04:20:29.183693,2,80.57,130.66,80.13,6.04,17.72,88.09,36.91,157.58
2026-02-08T08:04:38.183693,3,106.09,124.48,48.25,5.17,38.76,77.95,31.41,196.83
2026-02-05T15:16:45.183693,2,87.21,73.34,31.98,5.37,31.28,73.1,57.81,219.12
2026-01-23T16:20:13.183693,1,42.74,60.17,124.42,6.75,35.94,76.35,58.96,70.08
2026-02-01T21:46:51.183693,3,118.31,74.44,192.45,5.59,29.04,60.49,43.99,35.92
2026-02-05T17:40:13.183693,2,67.05,42.08,55.36,4.71,20.84,68.41,20.17,18.52
2026-01-22T14:25:35.183693,2,125.9,114.04,60.08,5.62,25.53,72.4,35.33,150.89
2026-02-08T23:44:25.183693,1,24.7,76.8,27.32,5.34,25.51,51.64,14.99,34.17
2026-02-19T13:58:58.183693,1,13.75,35.09,88.32,4.97,38.55,53.93,42.77,14.48
2026-02-12T14:51:18.183693,2,61.23,115.89,204.76,7.57,18.16,73.9,44.6,214.9
2026-02-03T19:21:36.183693,1,105.02,82.77,146.35,7.38,35.89,46.69,55.96,155.42
2026-01-21T20:58:13.183693,3,50.73,59.7,57.72,6.78,18.15,85.01,33.13,16.45
2026-02-14T18:50:28.183693,1,100.8,96.62,92.38,6.49,38.87,49.32,37.13,58.8
2026-02-16T13:13:34.183693,2,88.82,5.42,116.34,7.03,24.92,71.52,30.17,100.85
2026-02-12T07:57:00.183693,3,25.87,77.04,77.82,4.98,17.29,68.29,31.05,149.98
2026-02-12T23:03:13.183693,3,59.31,114.28,55.53,4.61,20.7,64.79,47.95,59.42
2026-02-10T13:51:32.183693,3,50.85,6.38,99.06,7.39,30.77,93.58,20.91,251.57
2026-01-28T17:12:30.183693,2,59.33,81.32,162.75,5.23,27.62,73.5,11.75,251.16
2026-02-14T16:39:19.183693,2,35.88,93.35,177.0,4.9,33.78,34.76,51.03,135.74
2026-02-11T22:36:14.183693,1,135.0,121.1,158.29,7.43,30.87,73.2,21.17,276.87
2026-02-08T14:46:22.183693,2,40.36,134.83,50.67,7.06,17.45,67.49,52.9,297.59
2026-02-10T10:01:30.183693,2,87.54,86.75,62.04,4.68,36.32,83.66,46.44,77.16
2026-01-24T04:45:53.183693,1,37.02,51.22,173.54,8.23,31.28,87.41,16.1,237.0
2026-02-06T14:18:01.183693,2,45.99,23.72,129.31,5.58,31.1,95.47,56.58,4.67
2026-01-21T09:13:31.183693,3,128.34,23.76,129.49,8.14,31.36,71.31,23.85,221.82
2026-01-31T23:43:29.183693,3,30.16,98.44,169.36,4.84,38.37,33.57,14.48,181.43
2026-01-27T02:57:34.183693,1,73.81,42.51,99.83,5.58,29.9,82.49,52.99,240.17
2026-02-01T14:22:32.183693,3,98.37,27.81,167.24,6.97,30.75,91.12,34.58,130.39
2026-02-17T01:38:30.183693,3,67.61,103.77,155.95,5.31,36.45,64.51,47.45,217.14
2026-02-07T13:53:02.183693,1,74.46,86.01,161.39,7.27,37.85,45.1,42.55,216.96
2026-01-23T21:27:22.183693,2,60.46,79.72,135.95,8.33,27.51,63.31,56.98,61.0
2026-02-08T19:15:14.183693,2,85.4,57.78,97.5,6.95,19.79,51.28,56.17,78.61
2026-02-08T05:11:25.183693,2,51.64,108.3,43.39,6.92,17.99,75.16,52.77,269.55
2026-02-08T07:09:43.183693,1,125.41,134.11,21.79,7.72,20.01,51.99,55.14,151.43
2026-02-08T17:58:52.183693,3,112.27,109.53,90.36,6.84,18.38,38.21,36.7,289.38
2026-02-17T02:24:35.183693,1,26.68,25.83,196.63,6.26,39.16,63.17,25.65,45.47
2026-02-01T22:11:06.183693,3,65.01,141.61,167.09,7.25,33.68,82.74,58.71,237.86
2026-01-22T06:01:42.183693,1,12.1,26.53,46.48,6.94,35.36,36.94,31.75,165.75
2026-02-03T07:49:58.183693,2,71.04,89.47,137.04,6.93,28.76,50.76,36.25,222.22
2026-02-05T06:25:36.183693,3,24.28,44.96,16.33,5.46,35.45,92.58,57.88,52.47
2026-02-01T05:52:02.183693,2,125.4,72.56,167.46,7.96,25.28,84.35,22.35,205.98
2026-02-19T12:40:03.183693,3,39.64,9.02,51.31,5.72,15.18,94.16,38.26,207.62
2026-02-10T20:09:02.183693,1,81.2,34.01,22.43,6.33,37.12,66.28,39.12,55.45
2026-02-14T17:35:13.183693,2,74.32,120.24,192.69,5.0,27.72,62.82,41.38,267.27
2026-02-16T21:06:57.183693,1,133.69,46.58,114.4,8.23,27.98,50.59,45.29,111.23
2026-01-31T02:58:22.183693,3,97.97,133.68,113.57,8.17,23.39,56.92,44.71,90.06
2026-01-31T03:42:40.183693,3,16.95,79.93,107.49,7.97,39.79,80.32,11.4,10.46
2026-02-01T04:10:29.183693,1,12.48,30.49,141.94,7.63,39.58,78.29,30.87,170.6
2026-02-06T13:56:00.183693,3,90.22,22.4,83.45,5.47,16.43,82.65,17.55,145.82
2026-02-16T12:10:10.183693,2,39.41,99.56,192.13,6.71,24.31,40.83,21.32,136.46
2026-02-12T11:01:22.183693,1,26.76,88.53,45.29,7.07,36.11,82.08,23.03,58.46
2026-01-24T19:31:06.183693,1,23.78,58.22,203.94,7.95,27.61,56.68,18.25,215.44
2026-02-01T12:02:40.183693,3,11.92,43.4,19.89,6.38,32.69,32.55,32.62,2.0
2026-02-18T12:57:52.183693,3,13.79,108.86,160.68,4.74,28.21,47.76,52.11,18.83
2026-02-06T10:59:35.183693,1,124.92,55.56,105.4,4.9,27.43,45.03,31.07,50.75
2026-02-01T08:48:56.183693,3,44.43,139.05,188.9,6.08,31.4,86.67,16.58,47.99
2026-02-07T22:23:19.183693,3,47.78,8.84,196.0,8.44,22.49,72.43,38.99,129.07
2026-02-18T20:47:13.183693,1,32.08,135.79,97.7,4.84,17.72,55.35,57.92,152.82
2026-01-23T04:21:38.183693,1,50.81,119.93,163.33,7.57,25.42,31.32,38.68,38.17
2026-01-30T20:03:45.183693,2,90.17,57.51,20.14,7.66,39.48,60.67,11.69,186.28
2026-01-21T17:14:58.183693,3,128.51,126.15,49.45,6.31,36.27,80.38,45.31,20.05
2026-02-16T04:03:53.183693,1,41.59,36.08,87.91,7.88,23.31,64.27,31.95,208.18
2026-01-28T06:41:02.183693,1,98.06,69.24,57.22,4.68,30.02,56.97,17.82,65.89
2026-02-03T14:34:10.183693,3,89.18,58.94,198.22,4.72,36.67,49.76,45.93,268.0
2026-02-10T06:10:00.183693,2,109.32,46.08,192.82,6.47,25.67,64.06,57.94,40.69
2026-01-22T13:16:30.183693,2,43.07,40.41,24.12,6.77,36.12,73.19,33.08,244.15
2026-02-13T22:36:57.183693,2,100.56,112.71,48.48,8.0,16.33,68.35,54.67,63.17
2026-02-19T07:20:34.183693,2,135.93,23.52,57.24,5.86,19.84,81.51,50.39,249.35
2026-01-30T23:14:48.183693,1,110.59,61.69,34.58,8.47,18.05,67.34,30.17,257.83
2026-01-22T21:19:45.183693,1,59.77,105.81,150.39,7.95,32.01,48.22,52.98,222.28
2026-02-04T04:02:09.183693,3,77.97,42.66,170.41,5.8,29.43,77.68,52.59,201.6
2026-01-23T21:25:41.183693,1,93.82,56.7,52.28,7.36,23.93,54.27,17.75,194.84
2026-02-06T22:53:39.183693,3,115.59,137.3,41.6,8.46,16.67,84.26,55.14,257.82
2026-02-08T01:58:03.183693,2,22.17,123.96,32.27,7.05,19.46,58.62,57.14,30.32
2026-02-16T22:17:55.183693,1,58.89,43.94,65.73,7.26,24.82,50.53,39.14,255.61
2026-02-15T12:24:09.183693,1,99.17,131.64,126.49,6.15,36.5,78.02,19.36,239.01
2026-01-25T03:47:52.183693,3,15.5,97.16,120.52,5.17,34.51,72.88,16.79,278.77
2026-02-17T08:39:41.183693,2,112.43,103.82,145.93,5.35,16.76,68.27,13.04,235.08
2026-02-09T03:44:13.183693,1,55.6,70.65,115.32,6.34,28.49,98.63,50.6,279.3
2026-02-15T13:00:46.183693,2,37.28,137.26,14.23,4.65,16.57,58.17,16.21,296.62
2026-01-25T10:03:03.183693,1,112.24,53.43,113.36,6.4,15.16,55.76,31.75,270.61
2026-02-01T11:02:37.183693,1,21.78,47.85,133.65,8.2,28.74,85.35,32.11,281.24
2026-02-09T04:22:15.183693,2,111.68,71.52,134.45,7.73,28.51,35.91,18.37,168.51
2026-02-02T07:44:03.183693,1,119.0,10.33,130.51,4.61,15.43,75.04,27.73,249.24
2026-01-26T07:53:22.183693,3,124.07,37.98,165.28,8.32,25.04,33.52,31.02,62.62
2026-02-10T10:07:30.183693,2,35.23,39.38,155.73,8.42,31.1,59.19,29.3,280.33
2026-02-19T01:38:12.183693,2,89.32,131.51,172.73,8.39,36.94,59.04,48.58,240.74
2026-02-04T21:15:54.183693,1,43.91,116.38,188.19,5.86,39.98,30.26,21.44,167.95
2026-02-16T21:25:28.183693,1,139.21,44.08,162.44,6.72,28.18,70.35,27.73,295.0
2026-02-05T16:57:04.183693,3,124.55,144.61,68.24,6.42,24.45,31.36,20.56,186.25
2026-01-24T08:34:11.183693,1,78.71,138.37,111.46,7.06,28.13,86.91,10.58,39.49
2026-02-13T07:36:36.183693,3,126.67,90.77,62.98,6.38,30.57,80.87,56.39,225.21
2026-02-12T01:16:06.183693,2,65.6,115.87,184.33,4.63,27.22,44.76,32.65,259.74
2026-02-17T04:11:07.183693,1,74.88,126.64,40.5,4.83,32.67,93.32,25.75,283.43
2026-01-26T04:48:01.183693,1,83.38,58.01,199.45,7.22,33.12,65.15,35.26,274.7
2026-02-05T19:47:44.183693,1,108.68,66.59,181.96,5.92,34.06,50.63,10.73,137.07
2026-02-18T13:34:09.183693,1,17.25,28.81,28.26,7.79,29.63,97.43,49.71,256.18
2026-02-05T21:53:10.183693,2,27.72,116.51,155.89,6.14,32.86,43.9,27.57,176.39
2026-02-01T10:35:59.183693,1,110.55,116.58,63.92,6.45,24.42,62.31,20.2,96.07
2026-02-09T09:35:21.183693,2,13.99,117.81,105.09,7.69,32.55,38.96,15.97,170.15
2026-02-10T21:34:04.183693,2,92.48,38.05,110.74,6.39,18.01,81.64,51.06,125.97
2026-01-29T00:34:58.183693,3,115.92,137.47,161.27,8.26,29.69,79.97,11.16,113.91
2026-02-05T09:26:20.183693,1,131.02,121.88,81.0,6.19,15.43,91.38,32.88,115.77
2026-01-22T17:02:09.183693,2,21.64,20.38,168.15,4.51,28.62,63.32,35.08,173.48
2026-02-19T16:36:53.183693,3,111.96,36.69,96.72,5.46,32.79,41.43,57.28,42.12
2026-02-19T06:45:25.183693,3,31.96,36.14,75.51,6.02,29.27,87.31,26.77,149.8
2026-01-21T17:30:17.183693,3,81.47,33.84,20.78,4.94,23.16,42.81,39.85,153.87
2026-02-04T18:15:07.183693,1,44.21,56.92,146.6,5.84,38.0,59.36,54.08,174.43
2026-01-31T20:30:15.183693,2,125.13,23.66,36.17,6.02,19.93,85.47,19.2,222.69
2026-01-31T04:40:08.183693,1,97.95,70.44,123.82,8.43,19.78,38.09,56.31,136.02
2026-02-15T17:01:36.183693,2,119.49,99.84,180.47,7.48,31.64,74.43,58.27,284.09
2026-01-25T14:31:55.183693,1,24.29,91.72,113.63,7.84,15.25,47.38,19.52,157.87
2026-01-22T14:35:32.183693,3,56.36,34.15,126.92,8.07,27.6,57.53,16.71,130.78
2026-02-05T07:53:59.183693,3,50.06,119.23,183.06,8.11,34.23,31.09,41.1,180.81
2026-01-22T19:53:05.183693,3,46.55,48.15,71.97,4.71,34.97,37.77,23.43,53.61
2026-02-03T01:41:15.183693,1,74.57,36.69,69.82,5.01,18.12,47.84,15.78,160.7
2026-02-02T16:26:47.183693,1,29.66,87.17,48.29,6.47,32.83,96.58,21.56,59.99
2026-02-10T18:32:14.183693,1,80.94,49.65,134.05,5.33,35.21,35.49,11.7,292.54
2026-02-04T18:51:42.183693,1,100.64,122.96,10.04,8.29,29.16,72.68,58.76,20.81
2026-02-15T16:59:42.183693,1,87.93,33.4,143.4,7.76,30.49,82.54,30.28,76.15
2026-01-22T19:05:10.183693,3,131.34,56.56,94.72,4.71,20.07,32.55,41.7,139.78
2026-01-30T18:34:31.183693,3,28.13,25.31,164.2,7.9,20.15,52.12,12.59,70.02
2026-02-17T21:29:36.183693,3,21.1,14.37,159.36,8.32,26.86,71.37,22.46,107.95
2026-01-26T04:12:56.183693,1,69.82,75.55,176.44,6.99,23.62,45.78,17.19,276.75
2026-01-22T04:42:12.183693,1,39.8,113.44,16.56,5.16,34.98,83.24,46.05,154.11
2026-02-15T23:02:40.183693,2,95.14,134.65,74.82,6.4,26.83,93.23,33.12,121.49
2026-02-02T17:35:12.183693,1,38.56,66.04,106.94,7.76,36.95,30.2,42.68,99.6
2026-01-31T08:42:28.183693,2,125.82,62.71,15.25,7.22,18.31,32.33,50.4,217.72
2026-02-18T02:31:32.183693,3,79.56,130.12,133.8,6.32,39.25,34.7,47.24,193.95
2026-02-19T20:03:18.183693,1,65.16,92.28,110.86,5.56,34.86,79.67,26.68,184.17
2026-01-30T11:49:00.183693,3,77.72,137.37,185.03,7.23,19.63,94.52,28.41,269.51
2026-01-25T14:15:58.183693,1,127.08,108.14,93.17,7.75,16.32,70.88,12.28,192.08
2026-02-15T23:39:20.183693,1,78.02,6.11,183.24,8.01,20.5,44.56,32.91,12.73
2026-02-02T04:24:53.183693,1,135.74,48.01,87.81,5.36,18.56,39.83,25.93,109.57
2026-02-16T12:05:20.183693,2,26.97,126.49,174.45,7.19,27.19,93.78,23.66,49.58
2026-01-26T15:26:45.183693,3,136.54,15.8,81.91,5.99,26.9,62.02,33.38,203.46
2026-01-29T10:37:41.183693,1,58.65,113.14,189.06,5.16,36.96,80.31,25.65,163.29
2026-02-07T20:12:44.183693,1,59.53,120.29,9.58,6.75,21.37,90.64,41.33,8.31
2026-01-26T05:00:26.183693,3,84.99,138.6,34.29,5.69,21.86,46.84,56.49,291.25
2026-02-17T11:22:03.183693,3,54.94,116.65,172.56,7.92,30.77,38.6,21.68,192.49
2026-02-14T03:28:14.183693,3,28.14,89.84,107.01,7.24,23.69,36.52,21.95,89.01
2026-01-27T17:33:22.183693,3,24.77,22.88,187.13,7.38,21.17,84.15,58.22,56.2
2026-02-08T12:02:40.183693,2,45.3,94.76,80.44,4.85,31.94,77.58,38.31,173.26
2026-02-16T19:51:16.183693,2,113.24,24.57,13.26,7.48,39.78,67.56,30.3,135.07
2026-01-26T13:55:24.183693,1,109.75,120.44,84.41,5.09,19.34,58.94,59.83,117.73
2026-01-27T03:35:00.183693,2,66.19,75.18,19.0,6.57,30.22,88.11,57.69,117.54
2026-02-08T15:27:49.183693,1,100.55,67.06,173.47,8.24,23.57,42.42,34.37,7.34
2026-01-27T00:28:52.183693,1,98.66,13.83,114.15,6.72,39.49,36.46,46.8,11.66
2026-02-04T15:12:09.183693,3,124.74,15.1,176.6,7.29,37.18,65.96,38.71,161.61
2026-02-09T20:55:23.183693,2,115.54,24.43,114.8,4.97,32.29,84.48,32.0,166.73
2026-02-14T20:38:21.183693,1,33.05,19.04,15.13,7.5,24.11,98.85,53.05,244.16
2026-02-19T11:03:42.183693,1,47.01,94.02,107.99,6.97,18.51,62.68,37.25,65.18
2026-01-28T22:35:27.183693,1,34.52,49.14,75.26,4.94,38.96,93.84,22.37,285.15
2026-01-31T17:09:53.183693,3,63.75,73.7,72.75,6.06,35.99,49.88,46.92,280.67
2026-02-17T11:56:26.183693,2,89.5,16.77,6.48,5.53,37.2,71.22,51.74,146.82
2026-01-24T14:58:20.183693,2,24.56,88.73,152.64,6.46,34.96,47.68,21.16,245.88
2026-01-21T14:19:58.183693,2,88.55,86.29,192.61,8.3,32.14,72.14,32.47,141.34
2026-01-27T01:57:07.183693,3,122.96,143.62,87.83,5.85,15.55,36.41,52.37,246.96
2026-02-17T04:27:45.183693,3,27.4,123.2,148.76,8.45,25.13,85.42,48.42,11.87
2026-02-19T11:13:48.183693,3,102.49,63.38,183.79,6.75,36.04,49.42,48.25,236.54
2026-02-17T15:06:09.183693,3,58.58,51.84,183.74,5.09,19.16,61.25,35.27,63.33
2026-02-15T15:18:55.183693,1,23.37,7.88,21.24,4.95,18.53,98.03,42.42,26.23
2026-02-07T16:14:32.183693,3,109.12,35.85,44.88,7.58,19.52,46.34,29.36,197.58
2026-02-12T02:59:13.183693,1,124.27,117.03,49.95,5.19,34.83,78.32,16.44,262.88
2026-01-29T06:24:11.183693,3,96.3,80.02,92.32,7.28,32.28,32.36,54.97,281.68
2026-02-02T10:19:51.183693,1,105.96,54.77,80.95,7.02,30.89,32.63,34.67,290.37
2026-01-26T04:38:48.183693,3,136.65,124.54,203.73,6.59,23.04,36.46,58.06,103.0
2026-02-03T04:08:30.183693,2,70.72,90.61,9.49,8.41,28.71,73.24,59.79,280.94
2026-02-17T20:43:34.183693,1,132.1,42.9,76.02,7.07,15.18,39.41,55.35,128.33
2026-02-03T19:07:43.183693,2,107.51,14.05,133.49,5.68,22.97,63.11,47.57,185.7
2026-02-05T20:30:23.183693,3,82.45,72.46,33.69,7.56,22.8,80.61,19.41,130.8
2026-01-21T20:01:52.183693,3,112.67,93.15,13.22,5.86,34.9,89.0,22.88,122.22
2026-02-16T22:14:06.183693,1,34.44,21.67,190.98,6.04,39.29,67.41,28.11,243.29
2026-01-27T01:22:57.183693,3,24.7,99.14,129.8,7.86,18.8,87.83,57.01,201.67
2026-01-21T11:36:04.183693,1,64.46,54.83,59.19,7.55,39.6,78.24,24.29,262.97
2026-02-08T11:57:39.183693,2,52.05,137.19,40.59,7.75,16.88,74.02,59.65,9.08
2026-02-19T14:15:18.183693,1,62.11,111.23,168.69,4.88,30.93,68.04,34.61,256.69
2026-01-25T20:28:27.183693,2,94.66,88.23,32.91,4.51,39.59,97.72,42.63,121.72
2026-01-28T07:47:21.183693,2,41.71,74.7,84.85,6.31,35.48,57.78,59.8,271.47
2026-01-28T05:59:53.183693,3,63.09,46.53,154.23,6.49,27.72,93.94,11.05,220.5
2026-01-25T15:58:42.183693,1,22.97,73.51,32.92,6.03,27.14,88.53,57.97,297.69
2026-01-31T04:57:36.183693,1,99.18,109.13,179.61,5.64,34.95,64.38,47.46,200.4
2026-01-27T11:47:06.183693,3,16.67,44.11,145.84,7.22,24.52,97.26,40.55,9.78
2026-01-25T01:41:33.183693,1,12.36,132.66,93.24,5.67,30.35,37.17,36.11,142.18
2026-01-26T05:43:01.183693,2,46.22,33.1,99.5,6.26,38.18,99.62,47.31,104.31
2026-02-11T13:15:55.183693,3,128.85,8.83,119.84,5.61,19.03,94.33,32.51,209.09
2026-02-10T13:44:09.183693,3,87.44,82.36,46.18,6.25,39.6,76.62,46.47,204.97
2026-01-22T23:36:02.183693,1,73.69,108.11,9.86,7.12,19.75,51.41,47.69,38.38
2026-02-18T10:42:23.183693,3,87.29,140.36,118.33,8.03,36.77,34.85,40.47,114.2
2026-01-28T02:24:11.183693,1,103.85,97.21,183.93,7.48,34.27,44.82,40.71,231.39
2026-01-26T10:07:32.183693,1,108.34,32.49,79.66,6.64,30.56,40.32,32.52,194.19
2026-02-03T19:00:07.183693,2,113.84,123.03,9.61,8.16,34.33,63.9,12.91,22.79
2026-02-12T22:36:12.183693,1,114.36,106.6,108.8,4.57,27.1,80.91,51.95,255.02
2026-02-16T13:39:58.183693,1,74.49,17.48,61.87,5.51,16.24,31.47,41.81,270.34
2026-02-07T12:43:38.183693,2,70.64,95.67,15.47,6.11,26.75,95.67,23.74,39.84
2026-01-24T09:26:33.183693,3,48.33,30.18,179.34,5.48,28.86,63.11,49.85,220.06
2026-02-08T09:04:52.183693,1,65.95,109.42,84.76,5.65,27.18,92.69,54.84,136.19
2026-02-11T10:16:21.183693,2,108.63,85.8,46.99,7.61,25.95,80.29,12.41,136.53
2026-02-12T12:43:03.183693,1,31.73,137.78,34.33,7.08,33.46,68.63,55.37,260.86
2026-02-02T15:36:45.183693,3,98.4,40.2,165.28,7.67,27.28,58.93,54.88,229.58
2026-02-01T20:39:16.183693,3,86.9,83.55,168.78,5.35,18.55,81.03,19.45,103.23
2026-02-03T00:53:14.183693,1,56.67,90.9,157.26,8.48,21.65,37.76,53.89,258.36
2026-02-13T22:50:46.183693,3,53.27,112.39,96.51,5.2,26.47,63.08,11.91,24.56
2026-02-12T00:20:22.183693,2,84.48,64.28,153.67,8.26,31.72,98.54,50.77,77.4
2026-01-31T03:26:43.183693,1,106.25,118.48,193.74,5.3,36.02,51.53,59.82,260.23
2026-01-27T19:50:28.183693,3,83.41,129.72,63.99,5.08,27.61,56.05,30.08,43.92
2026-02-19T02:37:32.183693,3,62.39,131.7,84.66,4.98,24.58,83.29,46.83,91.32
2026-02-13T20:01:34.183693,2,86.22,64.3,91.39,7.67,38.89,63.55,29.74,168.73
2026-01-31T16:20:15.183693,1,117.88,83.26,191.44,7.14,28.79,75.64,41.28,265.05
2026-01-28T17:08:44.183693,2,83.02,88.1,133.77,7.02,34.04,87.74,37.69,59.85
2026-02-04T04:17:37.183693,3,10.93,81.77,184.54,5.47,38.24,57.72,14.95,173.3
2026-01-24T01:25:01.183693,1,20.65,96.73,66.65,8.15,25.84,80.01,29.69,198.16
2026-02-12T08:57:46.183693,2,39.57,117.9,38.29,7.49,15.86,46.35,48.85,249.5
2026-01-23T20:29:35.183693,1,137.31,35.67,72.72,6.44,22.37,61.69,50.09,117.17
2026-02-09T05:11:59.183693,1,24.79,48.53,98.42,7.64,39.15,96.84,11.52,280.1
2026-02-01T03:28:17.183693,3,31.27,6.73,6.91,7.96,32.33,67.45,15.64,248.93
2026-01-26T02:55:10.183693,2,61.79,5.08,189.72,7.09,16.61,66.17,13.94,34.69
2026-02-11T12:02:13.183693,2,50.96,60.78,72.17,4.68,35.0,70.12,52.41,194.63
2026-01-25T13:35:20.183693,1,127.46,26.73,131.53,6.67,23.92,93.92,24.67,81.02
2026-02-18T02:13:51.183693,1,62.05,6.51,59.28,5.64,18.29,60.82,43.14,296.24
2026-01-31T18:23:10.183693,2,33.9,78.3,172.09,7.59,16.54,89.22,13.71,53.47
2026-02-17T06:51:17.183693,2,111.58,114.28,139.86,7.08,29.51,56.72,55.42,173.51
2026-01-24T16:07:13.183693,2,119.24,114.32,176.42,5.56,31.39,92.13,56.11,122.45
2026-01-25T00:28:10.183693,2,82.34,40.05,203.71,8.18,20.51,60.71,30.88,5.4
2026-02-06T03:11:24.183693,3,66.68,127.58,134.98,8.09,39.01,42.32,33.54,147.64
2026-02-17T00:23:49.183693,2,19.69,125.19,181.0,6.6,29.61,98.96,25.45,246.66
2026-02-05T04:16:16.183693,3,133.64,16.37,138.88,6.78,34.84,58.19,21.33,215.45
2026-02-09T07:46:14.183693,1,102.44,107.2,49.66,5.87,31.03,86.96,42.23,245.01
2026-02-04T01:19:10.183693,3,37.53,114.55,101.26,5.46,34.44,83.14,10.91,146.67
2026-02-01T05:09:36.183693,2,99.29,58.33,14.06,6.0,39.7,81.69,44.82,208.91
2026-02-09T01:07:40.183693,1,126.99,20.91,198.06,6.48,29.59,35.68,45.71,73.65
2026-02-18T02:21:39.183693,3,139.86,87.05,118.38,5.71,19.4,65.61,51.46,223.84
2026-01-22T13:31:27.183693,2,127.62,75.32,161.7,8.49,36.76,78.23,21.88,267.88
2026-01-29T04:26:51.183693,1,60.74,109.92,179.02,5.9,20.82,86.55,28.73,260.41
2026-01-30T00:03:43.183693,1,52.05,131.25,16.43,7.55,28.87,61.59,21.32,154.01
2026-01-22T02:43:17.183693,1,31.61,8.03,149.2,7.87,17.58,36.93,52.7,83.87
2026-01-22T19:04:53.183693,3,96.54,125.86,199.45,5.97,33.96,66.51,47.16,65.58
2026-01-26T18:39:05.183693,1,123.12,128.88,41.83,6.59,26.99,36.79,56.57,73.14
2026-02-07T04:21:18.183693,1,137.64,62.92,192.69,7.9,29.46,97.42,39.78,264.46
2026-02-17T22:05:11.183693,2,21.18,54.97,71.3,8.5,18.39,65.01,11.1,160.92
2026-02-12T15:33:12.183693,1,113.41,137.2,127.9,8.22,34.42,56.87,48.36,114.34
2026-01-31T22:19:18.183693,1,31.06,57.75,11.18,5.66,38.45,59.75,51.42,168.06
2026-02-06T03:19:48.183693,1,15.41,10.38,28.55,7.67,18.45,85.15,20.03,204.36
2026-01-29T01:02:21.183693,2,103.94,69.36,119.12,8.1,21.61,47.83,46.48,222.44
2026-01-28T04:47:24.183693,1,91.32,30.44,43.86,5.25,29.13,35.88,58.83,105.23
2026-01-27T16:30:12.183693,1,49.4,66.91,120.22,7.5,39.17,73.09,38.04,204.65
2026-02-06T06:23:11.183693,1,70.82,111.52,198.24,7.91,23.38,38.42,32.44,297.8
2026-02-10T00:05:28.183693,2,49.49,141.77,191.45,4.5,37.35,37.46,40.03,190.14
2026-01-27T18:52:55.183693,3,14.16,86.05,67.62,5.41,30.35,60.55,18.43,179.43
2026-02-07T12:46:46.183693,1,116.62,50.33,167.37,5.74,35.79,95.51,53.41,48.95
2026-02-10T02:51:41.183693,2,92.43,141.23,94.19,4.94,22.04,54.19,21.87,240.4
2026-02-12T02:39:41.183693,1,42.85,44.94,66.23,7.15,19.81,86.17,55.07,142.76
2026-01-28T06:34:20.183693,2,20.64,78.19,141.88,6.24,25.32,57.15,38.64,166.14
2026-01-26T07:23:11.183693,2,54.53,104.67,27.12,7.5,26.42,48.75,34.59,87.7
2026-01-28T23:00:24.183693,2,55.49,120.11,90.47,6.24,18.55,74.94,37.08,299.57
2026-01-25T04:28:59.183693,1,84.39,114.14,188.77,7.49,34.6,41.14,53.5,124.91
2026-02-16T08:56:09.183693,3,99.52,67.63,40.08,5.71,37.63,86.58,22.8,170.86
2026-01-29T22:56:12.183693,1,88.43,56.16,84.92,7.04,33.59,73.98,39.74,254.83
2026-02-04T12:33:56.183693,2,126.89,112.37,186.47,7.68,30.52,59.61,58.72,122.62
2026-02-12T03:04:01.183693,2,117.59,95.97,7.52,4.85,34.27,87.36,27.03,150.4
2026-01-28T15:23:40.183693,2,78.76,64.43,20.86,4.86,37.34,87.53,51.79,58.91
2026-01-27T21:12:36.183693,3,34.58,52.87,200.84,6.06,17.32,81.8,53.13,260.51
2026-02-16T12:27:39.183693,1,139.45,107.73,33.69,5.68,15.18,46.27,59.85,134.46
2026-02-03T03:51:26.183693,1,42.19,51.03,7.35,8.21,18.42,74.19,41.74,227.01
2026-01-21T09:30:37.183693,2,24.44,21.79,122.24,6.12,34.46,93.21,30.92,97.97
2026-01-26T06:20:53.183693,2,54.86,56.05,204.31,6.57,30.8,44.1,55.54,138.28
2026-02-04T12:10:13.183693,3,27.51,51.33,164.78,4.95,27.04,80.03,55.59,6.33
2026-02-09T05:35:13.183693,3,114.22,70.01,197.46,7.36,21.78,33.82,23.92,111.56
2026-01-31T05:36:31.183693,2,33.5,70.16,83.54,5.36,19.34,59.66,19.27,243.26
2026-01-25T03:58:40.183693,1,134.69,99.38,132.56,6.61,39.55,73.64,34.09,286.44
2026-01-23T06:15:14.183693,1,85.47,18.74,102.03,7.61,24.21,55.6,35.87,14.93
2026-02-02T23:43:48.183693,1,95.61,121.39,63.83,6.42,24.33,42.03,37.11,277.95
2026-02-16T20:10:45.183693,1,101.58,115.32,17.54,6.09,33.99,93.49,51.7,25.53
2026-02-13T17:31:26.183693,1,69.6,118.13,182.38,8.13,28.15,68.64,37.88,263.64
2026-02-07T05:48:49.183693,1,108.51,89.94,54.15,5.6,39.18,44.15,45.1,10.32
2026-02-15T14:16:06.183693,2,46.83,65.52,80.97,5.6,20.77,43.02,57.57,201.62
2026-02-12T05:25:06.183693,2,138.45,17.46,81.66,4.6,27.55,36.87,53.17,118.29
2026-01-23T07:57:00.183693,2,54.98,19.77,54.26,4.68,31.81,50.01,49.75,148.0
2026-02-11T03:49:51.183693,2,103.34,75.86,198.93,5.75,17.8,81.0,28.11,93.47
2026-02-18T12:54:20.183693,1,54.65,119.66,81.19,5.32,32.36,64.99,13.52,109.06
2026-02-17T06:35:52.183693,3,65.14,107.67,170.15,4.95,23.95,61.93,57.25,28.47
2026-02-10T13:04:29.183693,3,30.76,106.31,76.15,6.5,28.93,52.22,50.84,99.49
2026-02-18T17:41:38.183693,3,59.41,102.25,10.45,4.95,24.16,33.09,37.88,60.18
2026-01-30T16:33:31.183693,3,12.98,19.97,107.03,4.82,34.74,93.32,39.97,296.39
2026-02-16T09:53:14.183693,2,34.88,30.48,132.23,6.88,24.31,46.91,36.28,19.04
2026-02-14T05:00:56.183693,2,114.59,134.27,117.91,5.47,29.58,85.97,24.76,43.68
2026-02-11T15:27:35.183693,1,118.74,118.01,136.81,4.65,30.96,71.0,50.06,88.34
2026-02-06T07:32:23.183693,1,51.35,53.59,120.42,6.03,20.82,30.17,34.02,241.35
2026-02-19T22:07:43.183693,2,42.5,132.31,71.17,8.42,34.92,84.68,18.01,4.1
2026-02-13T06:13:15.183693,1,11.37,63.11,15.28,8.45,21.69,63.08,42.98,37.72
2026-02-07T05:33:42.183693,1,109.22,134.87,197.71,6.09,23.21,66.91,32.79,7.12
2026-02-11T22:11:27.183693,1,20.29,141.47,45.11,7.36,34.66,83.16,45.31,148.75
2026-02-14T15:52:31.183693,2,114.33,51.57,174.0,5.49,22.86,70.55,29.92,152.15
2026-01-29T10:39:58.183693,3,48.64,64.22,199.09,4.96,27.54,42.41,32.05,101.95
2026-02-03T23:36:32.183693,3,103.63,126.44,125.41,7.64,30.58,50.02,49.33,246.67
2026-02-16T14:22:37.183693,3,30.14,104.15,202.26,4.74,17.29,86.8,55.73,191.12
2026-02-10T09:23:08.183693,3,113.33,122.74,33.11,6.07,15.22,74.85,58.78,45.11
2026-02-03T18:51:33.183693,2,33.73,28.95,173.54,7.13,39.12,46.58,27.64,143.08
2026-01-24T08:29:24.183693,1,24.35,61.67,136.31,8.15,27.05,73.32,15.66,162.97
2026-02-19T17:55:27.183693,1,57.66,61.92,142.06,5.28,37.45,71.91,38.53,185.46
2026-01-30T13:13:13.183693,2,81.77,108.31,89.85,7.98,20.1,95.56,12.56,212.39
2026-02-01T03:39:15.183693,2,124.92,58.89,69.17,7.99,27.18,35.52,41.2,55.75
2026-02-04T03:50:11.183693,2,92.84,77.23,192.11,5.15,37.66,66.09,43.14,272.31
2026-01-29T19:17:20.183693,3,94.49,10.87,162.43,8.21,36.13,58.58,52.99,76.91
2026-02-10T06:20:13.183693,3,52.13,73.57,152.2,5.57,26.85,56.89,26.46,164.19
2026-02-06T05:30:37.183693,2,77.58,114.69,115.18,7.74,37.27,94.63,41.42,151.48
2026-02-15T12:44:50.183693,2,15.38,132.31,109.3,7.15,21.51,58.56,45.57,213.66
2026-02-17T20:03:50.183693,3,139.15,21.67,150.84,8.13,39.44,95.39,30.0,180.81
2026-01-30T22:53:53.183693,1,80.77,19.16,78.98,4.92,35.09,54.01,33.28,9.69
2026-01-24T12:47:05.183693,2,126.07,113.02,135.78,6.13,35.25,92.3,23.14,124.27
2026-02-15T03:29:15.183693,3,100.74,142.71,197.11,7.06,36.2,52.49,16.01,97.54
2026-01-21T09:52:03.183693,2,95.83,123.44,108.92,5.66,31.77,42.99,18.25,222.55
2026-01-24T12:30:24.183693,2,111.75,55.06,39.45,6.96,36.15,68.68,16.65,200.83
2026-01-22T13:17:13.183693,3,58.79,67.53,143.35,7.76,39.74,40.58,31.4,220.55
2026-01-23T01:53:58.183693,1,17.25,52.34,184.23,4.83,33.79,45.38,20.07,218.84
2026-02-02T06:00:42.183693,3,92.77,122.17,27.47,5.81,25.97,72.96,48.08,124.56
2026-01-26T03:41:13.183693,3,27.78,138.06,84.55,6.98,33.64,77.54,58.9,229.44
2026-02-12T17:20:34.183693,1,27.32,61.01,199.77,8.08,39.59,80.19,52.48,113.51
2026-02-04T10:47:33.183693,2,26.77,116.19,60.65,6.82,36.42,82.28,26.67,24.54
2026-01-26T18:42:15.183693,1,123.48,115.32,74.27,5.93,30.28,81.58,38.66,63.04
2026-01-26T18:18:08.183693,2,62.42,87.83,106.34,6.05,27.61,69.13,36.91,8.52
2026-02-19T06:20:10.183693,3,47.68,104.52,24.22,4.85,32.03,51.64,37.15,59.73
2026-02-10T19:15:15.183693,3,12.6,64.79,40.43,4.85,27.36,96.83,50.99,1.43
2026-01-25T15:18:47.183693,2,16.65,64.79,97.91,8.33,29.42,96.28,49.4,171.7
2026-01-25T15:21:10.183693,1,43.01,114.52,89.24,6.92,19.03,65.64,27.87,276.14
2026-02-09T13:16:04.183693,1,125.44,87.88,100.45,4.62,39.89,63.83,28.49,131.99
2026-02-17T19:39:33.183693,3,139.36,87.66,17.03,5.07,15.71,62.13,46.07,150.39
2026-02-03T06:49:07.183693,2,60.65,10.24,83.81,5.67,17.5,58.61,32.59,113.93
2026-02-06T14:19:21.183693,2,88.31,108.5,145.82,7.01,19.19,73.54,32.87,268.15
2026-02-05T11:09:07.183693,2,17.65,86.5,86.87,7.39,19.3,74.38,40.8,101.84
2026-01-24T14:00:23.183693,1,84.15,25.14,81.61,6.52,39.35,47.61,16.1,165.22
2026-01-24T06:35:19.183693,1,68.08,53.82,87.7,5.35,22.0,79.28,51.61,280.16
2026-02-20T09:01:12.183693,1,48.24,69.08,54.26,4.8,29.69,48.84,20.03,292.47
2026-02-16T12:49:29.183693,1,139.27,12.5,91.28,8.44,20.95,40.68,26.41,190.98
2026-02-14T13:15:58.183693,1,72.77,26.88,177.2,7.96,27.53,31.29,50.0,228.67
2026-01-28T21:51:47.183693,3,89.01,130.79,85.73,8.38,36.39,64.65,48.93,111.24
2026-02-08T09:25:34.183693,2,85.52,134.55,160.09,6.09,28.2,52.62,50.0,73.56
2026-02-18T10:14:09.183693,3,99.01,133.04,83.84,8.11,15.17,69.12,13.35,267.39
2026-01-23T22:49:33.183693,2,109.68,31.93,157.53,7.07,35.75,93.75,34.84,93.91
2026-02-18T09:34:22.183693,1,41.6,127.82,174.2,8.45,26.66,55.57,37.68,228.95
2026-01-30T09:10:41.183693,1,26.39,110.33,123.59,8.5,25.3,73.28,47.26,140.38
2026-02-18T18:59:32.183693,3,118.83,15.48,143.54,6.19,36.25,98.46,17.34,9.04
2026-01-28T02:01:23.183693,2,136.3,23.85,170.21,7.52,15.91,48.8,12.67,226.02
2026-02-13T23:26:02.183693,2,22.7,40.54,158.64,4.59,16.22,72.61,34.01,120.15
2026-02-01T08:48:14.183693,2,88.5,49.12,41.56,5.33,31.25,88.81,33.36,14.53
2026-02-08T05:47:48.183693,2,42.07,99.3,42.39,5.79,17.74,43.4,28.79,152.04
2026-02-16T01:11:13.183693,3,118.15,116.32,164.15,6.86,38.85,38.53,41.25,113.35
2026-02-17T08:10:15.183693,2,16.57,137.35,109.84,5.38,21.9,92.64,31.17,69.57
2026-02-19T10:13:30.183693,2,45.79,98.14,122.79,7.2,26.15,65.42,58.32,212.25
2026-02-14T08:29:12.183693,1,28.3,130.51,54.87,7.72,25.03,98.53,12.35,66.25
2026-01-30T09:13:57.183693,2,44.43,82.36,33.5,7.93,32.56,80.35,43.09,95.17
2026-02-15T22:50:52.183693,1,106.6,87.84,14.03,6.2,20.55,48.87,56.12,234.17
2026-01-29T20:21:43.183693,2,139.44,132.03,93.03,4.81,35.93,74.42,25.3,107.26
2026-01-25T09:07:07.183693,2,113.05,84.7,19.01,6.61,20.21,73.79,53.67,292.51
2026-01-29T22:32:06.183693,3,113.16,39.22,64.47,6.62,18.01,57.47,25.04,127.8
2026-01-25T18:54:02.183693,2,23.9,86.32,77.92,5.38,15.52,92.4,59.48,104.97
2026-02-06T02:55:38.183693,1,28.78,78.68,180.51,5.61,18.48,88.04,35.77,240.04
2026-02-16T05:49:40.183693,2,18.44,11.84,66.18,7.35,29.91,96.54,41.68,12.55
2026-02-17T01:49:12.183693,3,129.89,18.87,10.68,5.38,17.48,49.67,46.12,115.93
2026-02-09T01:44:28.183693,1,17.1,116.23,91.92,7.62,30.86,57.03,36.4,243.73
2026-01-24T22:21:03.183693,1,73.95,120.46,106.95,8.01,16.03,77.07,56.81,133.64
2026-02-03T16:00:40.183693,3,89.43,23.06,9.22,4.63,18.27,56.13,39.84,153.14
2026-02-09T22:34:05.183693,2,83.65,144.46,41.4,4.62,19.03,55.83,56.18,34.47
2026-02-13T09:16:22.183693,3,80.35,75.83,202.11,7.83,19.7,70.79,28.87,13.84
2026-02-11T23:48:02.183693,3,116.58,67.86,36.46,8.09,24.71,51.39,45.28,205.85
2026-02-09T22:27:20.183693,3,34.61,19.4,42.88,7.06,39.47,57.09,39.68,152.21
2026-02-03T19:45:00.183693,3,51.87,17.47,142.12,6.33,24.91,94.7,29.47,140.8
2026-01-27T18:43:19.183693,3,41.06,68.85,64.93,7.65,33.73,91.46,27.52,171.48
2026-02-04T04:26:58.183693,1,118.77,45.01,11.13,4.95,16.22,48.33,44.34,9.93
2026-02-03T15:38:06.183693,1,73.93,114.62,187.19,6.29,25.55,63.25,35.89,92.06
2026-02-16T04:38:13.183693,1,136.11,35.07,139.08,8.07,32.59,60.45,59.06,264.97
2026-02-08T09:41:51.183693,2,18.35,61.67,13.27,4.98,27.58,34.9,20.06,239.14
2026-02-13T01:28:21.183693,3,124.81,105.38,8.86,7.39,18.81,44.07,38.21,229.65
2026-02-08T02:34:16.183693,1,114.52,5.64,58.29,7.93,23.13,66.03,38.25,198.34
2026-02-09T12:02:56.183693,2,10.48,39.8,84.13,7.14,16.92,31.3,25.81,31.2
2026-01-29T19:46:29.183693,1,126.0,38.19,66.29,7.17,35.36,42.52,45.43,166.75
2026-01-25T15:27:35.183693,1,73.73,26.29,125.1,5.54,16.66,32.35,31.0,92.18
2026-01-31T00:06:19.183693,3,38.15,82.76,24.23,8.18,17.0,98.46,23.34,119.87
2026-01-23T23:11:08.183693,3,73.63,94.94,128.62,6.48,20.58,83.33,22.46,70.48
2026-02-11T01:19:38.183693,1,44.24,70.21,181.62,7.29,30.39,90.06,41.44,284.85
2026-02-03T07:13:00.183693,2,33.68,134.77,189.72,8.22,22.82,47.83,30.05,56.69
2026-02-12T06:29:38.183693,2,139.92,54.87,170.07,4.79,17.81,69.92,43.31,34.85
2026-01-22T18:16:03.183693,2,47.97,7.12,185.97,8.44,36.5,53.83,11.86,299.47
2026-01-30T21:26:36.183693,1,84.1,138.52,90.61,5.11,20.92,96.78,28.78,190.45
2026-02-13T11:46:58.183693,2,16.91,117.37,41.52,7.29,31.95,61.2,51.05,269.44
2026-02-03T08:43:44.183693,3,29.47,124.85,192.15,6.53,25.22,71.63,45.57,259.09
2026-01-22T13:27:09.183693,2,138.37,114.11,91.22,7.69,20.91,40.91,49.64,92.43
2026-01-26T05:29:06.183693,1,130.63,132.62,84.82,5.4,18.38,30.19,26.87,130.93
2026-02-01T00:03:32.183693,2,38.43,68.3,60.74,5.41,16.95,79.32,59.34,70.39
2026-02-02T02:44:28.183693,2,35.22,30.71,67.94,4.65,16.31,93.47,52.09,211.02
2026-01-28T10:48:45.183693,3,118.14,45.68,88.29,7.89,39.5,94.22,55.66,3.78
2026-02-18T00:47:51.183693,2,98.54,133.0,45.52,4.97,36.83,37.89,11.36,294.74
2026-02-14T22:45:33.183693,2,10.1,27.32,81.1,5.44,32.18,88.61,32.64,157.2
2026-02-11T11:43:34.183693,1,99.73,136.54,128.39,6.54,26.03,87.96,22.28,143.17
2026-01-21T16:36:09.183693,3,66.27,113.19,93.16,5.85,28.17,61.89,29.45,77.38
2026-01-25T02:30:04.183693,1,74.9,59.92,120.98,6.01,33.77,64.92,29.28,145.9
2026-02-07T17:35:24.183693,1,48.92,11.21,140.91,5.52,22.06,62.27,23.36,288.08
2026-02-16T19:57:59.183693,3,103.84,58.74,54.69,8.48,17.41,80.32,28.08,204.22
2026-02-06T14:35:36.183693,1,106.52,110.93,59.66,5.92,35.05,79.44,19.99,155.28
2026-01-24T09:03:14.183693,2,92.64,117.72,128.76,4.99,21.26,49.3,30.61,158.61
2026-01-27T14:50:33.183693,3,87.7,78.42,22.96,4.72,33.12,34.01,16.82,85.87
2026-02-12T02:15:43.183693,3,13.06,128.99,181.57,6.98,29.89,95.54,12.92,229.18
2026-02-13T14:17:27.183693,3,45.1,92.46,140.66,4.94,23.07,77.86,15.65,204.24
2026-01-25T06:03:01.183693,3,116.34,131.79,10.49,7.18,28.89,72.22,36.05,234.8
2026-02-19T11:49:00.183693,2,137.76,108.42,154.2,7.66,37.09,66.92,44.64,59.66
2026-02-08T12:29:51.183693,1,85.17,66.93,89.31,6.23,30.21,49.28,13.55,260.37
2026-02-08T17:48:09.183693,3,136.61,10.1,94.22,7.26,36.15,91.01,38.54,63.64
2026-02-10T13:27:07.183693,1,65.84,44.88,171.48,5.31,34.6,88.79,49.37,244.74
2026-02-20T02:05:56.183693,1,40.14,12.1,109.6,7.32,21.22,98.18,48.53,261.21
2026-02-09T18:32:25.183693,2,134.78,123.93,42.73,4.53,16.78,46.14,27.21,204.96
2026-01-27T19:14:07.183693,1,52.7,20.9,42.46,5.9,38.25,91.7,10.81,93.31
2026-02-18T08:06:28.183693,1,86.93,36.46,114.42,5.91,31.21,79.23,58.47,91.12
2026-01-22T19:36:36.183693,2,68.02,62.29,167.12,4.55,22.47,67.83,35.53,263.98
2026-02-09T09:45:18.183693,3,130.13,7.64,176.15,4.72,39.39,79.54,37.45,13.43
2026-02-10T06:34:21.183693,2,85.79,29.36,125.58,7.35,27.14,85.62,33.38,261.08
2026-01-22T20:30:58.183693,2,50.11,104.41,30.43,8.13,23.17,82.7,17.84,253.85
2026-01-22T05:27:51.183693,2,66.53,78.64,97.73,7.46,36.06,71.94,46.66,66.22
2026-02-17T11:37:41.183693,3,85.27,118.0,117.6,6.17,19.86,82.69,21.89,14.17
2026-01-31T22:02:37.183693,2,115.22,97.62,143.37,5.93,15.1,74.84,26.93,247.9
2026-01-26T09:21:11.183693,1,72.23,122.59,30.2,7.24,39.41,62.61,29.23,77.06
2026-02-04T01:57:26.183693,2,138.96,52.41,23.56,8.26,30.09,65.95,20.85,279.07
2026-02-10T17:22:05.183693,1,23.85,46.02,92.15,6.24,18.52,69.13,33.31,239.08
2026-01-31T06:52:39.183693,3,31.54,35.25,35.92,6.63,28.04,48.26,23.26,104.29
2026-02-14T11:17:39.183693,1,123.33,126.62,57.18,5.37,27.03,86.39,38.5,235.09
2026-02-03T13:38:15.183693,2,42.17,11.43,161.4,8.05,38.3,31.44,15.9,89.19
2026-02-05T15:27:42.183693,3,11.86,20.28,46.71,7.16,21.64,91.87,36.14,240.0
2026-01-30T13:15:39.183693,1,45.96,122.13,142.81,7.68,28.08,38.9,20.36,250.89
2026-02-06T05:55:06.183693,2,52.79,66.78,16.36,5.06,27.83,71.6,49.23,51.53
2026-02-01T17:53:35.183693,3,111.98,56.17,40.93,5.09,23.98,64.63,38.53,70.58
2026-02-19T03:05:48.183693,2,46.59,84.84,127.95,7.35,21.13,39.37,19.62,195.95
2026-02-09T12:04:47.183693,1,57.34,135.05,193.14,8.45,21.9,53.42,39.34,175.65
2026-02-18T19:02:12.183693,3,26.31,54.19,112.66,6.35,28.53,47.08,14.72,174.76
2026-02-04T21:20:49.183693,3,102.1,144.06,12.74,6.65,16.92,70.36,15.71,184.62
2026-02-06T02:20:46.183693,1,106.95,74.24,169.39,7.41,22.2,82.89,32.88,53.68
2026-02-18T04:02:12.183693,2,117.6,77.98,162.53,7.95,30.25,43.67,43.11,80.88
2026-02-03T03:43:08.183693,1,104.4,48.57,151.5,7.59,33.0,34.45,35.18,55.2
2026-02-07T06:39:11.183693,3,137.96,10.67,25.39,5.35,36.84,70.71,46.89,218.0
2026-02-11T23:29:49.183693,2,76.31,84.14,100.81,4.5,15.86,49.47,58.23,246.42
2026-02-04T17:33:35.183693,2,48.92,19.24,25.51,6.85,23.19,95.57,27.81,106.45
2026-02-15T11:27:42.183693,2,136.09,110.64,60.15,8.25,39.18,51.84,59.99,65.78
2026-02-05T02:47:52.183693,2,122.7,23.26,13.07,6.34,16.35,73.04,20.2,223.68
2026-02-19T01:59:54.183693,1,101.32,31.86,104.19,5.1,26.54,34.47,32.13,110.98
2026-01-27T04:53:42.183693,3,40.21,49.65,131.12,6.04,16.8,88.48,44.82,167.93
2026-02-03T19:51:57.183693,2,22.71,94.27,26.97,6.43,19.67,98.91,28.88,152.05
2026-02-03T21:16:24.183693,1,38.1,5.53,48.57,7.78,36.13,48.43,45.1,220.91
2026-02-02T00:31:27.183693,2,79.47,22.18,175.45,7.41,32.61,42.37,39.59,267.2
2026-02-16T22:33:05.183693,1,34.36,98.97,181.9,5.03,32.38,39.78,55.27,147.28
2026-01-25T11:04:54.183693,2,109.89,82.04,34.34,7.24,16.36,72.25,32.73,4.51
2026-02-17T06:45:58.183693,1,54.21,82.44,42.78,5.3,18.42,30.31,36.15,299.79
2026-02-15T14:57:09.183693,2,38.18,97.06,169.46,7.64,26.91,31.04,46.82,37.68
2026-02-12T20:38:02.183693,1,77.13,119.59,126.15,6.82,19.49,52.92,29.03,228.57
2026-02-09T07:26:02.183693,3,59.75,139.8,13.82,5.65,20.58,64.39,26.16,252.77
2026-02-09T02:24:58.183693,1,63.58,124.88,187.43,7.66,38.58,64.34,26.56,74.94
2026-01-30T06:17:46.183693,1,14.54,127.03,32.06,4.59,28.01,91.05,55.23,82.55
2026-02-07T07:05:27.183693,3,31.41,29.28,111.5,7.94,39.37,79.66,41.02,75.51
2026-02-02T14:03:58.183693,1,135.56,51.41,8.99,7.41,22.53,55.93,39.46,79.54
2026-02-17T00:52:25.183693,2,49.73,32.38,70.1,6.18,21.73,31.99,40.21,181.49
2026-01-26T21:47:58.183693,2,53.81,115.28,135.92,6.73,17.45,98.51,37.41,95.15
2026-02-11T13:24:56.183693,2,48.59,134.8,64.82,8.42,39.54,46.46,23.36,65.44
2026-02-13T15:15:03.183693,1,53.57,87.26,142.49,7.83,21.39,54.72,57.27,234.06
2026-01-24T01:16:16.183693,2,55.38,136.04,109.42,8.22,15.3,98.17,55.72,3.76
2026-02-14T22:43:14.183693,1,117.21,30.47,42.65,8.39,36.38,88.89,25.14,91.85
2026-02-13T08:03:27.183693,2,80.56,96.41,77.61,6.46,28.3,77.21,53.43,125.35
2026-01-30T08:37:42.183693,2,118.83,23.25,67.63,7.91,37.11,55.86,36.1,119.41
2026-01-22T07:02:55.183693,1,73.61,10.71,85.97,8.08,24.93,82.35,23.47,29.72
2026-01-31T09:41:33.183693,1,104.27,119.7,98.38,4.59,26.97,30.24,39.75,82.36
2026-01-29T02:23:23.183693,3,110.11,44.89,143.6,6.44,35.35,61.47,24.57,23.34
2026-01-28T17:04:57.183693,2,43.31,30.44,85.5,4.93,22.21,94.92,51.22,23.36
2026-02-03T19:56:20.183693,1,67.3,21.07,187.7,6.17,17.24,30.51,55.87,4.97
2026-02-06T11:58:07.183693,1,33.62,26.6,17.05,7.26,21.07,67.31,35.22,95.1
2026-02-06T16:35:42.183693,3,24.28,31.23,40.08,4.75,31.6,81.11,57.31,135.12
2026-01-29T20:02:52.183693,3,76.14,128.54,94.4,6.95,28.26,68.06,17.35,68.48
2026-02-13T15:23:55.183693,2,94.53,90.56,101.91,8.4,31.06,93.5,51.22,237.36
2026-01-31T16:22:32.183693,1,52.43,41.56,91.15,5.45,37.52,46.7,23.82,33.8
2026-02-16T10:37:43.183693,3,56.13,98.47,188.46,7.55,25.53,46.81,44.65,23.79
2026-01-23T21:56:42.183693,1,102.3,53.57,203.02,8.03,22.43,82.87,32.72,109.83
2026-02-12T05:40:46.183693,2,85.09,27.26,18.77,7.03,28.68,52.72,19.25,33.39
2026-02-01T14:24:51.183693,2,35.19,127.49,109.94,5.99,29.82,30.66,42.62,243.66
2026-02-17T12:42:06.183693,3,129.12,122.41,20.38,5.78,34.04,70.96,31.39,45.7
2026-02-13T04:18:08.183693,3,131.43,97.86,85.36,6.46,25.06,38.36,20.97,202.49
2026-02-02T12:39:36.183693,3,51.59,67.53,6.84,7.8,19.83,76.8,29.87,247.14
2026-02-18T22:49:30.183693,3,95.73,110.19,56.39,4.78,16.63,40.6,11.17,2.15
2026-02-05T11:06:41.183693,3,92.04,114.89,176.96,5.05,28.05,57.42,43.26,294.39
2026-01-29T12:15:37.183693,2,57.48,9.09,146.33,5.34,22.82,96.48,32.08,231.93
2026-01-31T20:47:04.183693,3,120.07,140.45,181.9,6.72,24.22,70.53,35.94,226.86
2026-02-18T20:11:11.183693,2,16.86,125.37,109.15,6.23,28.77,35.27,39.84,233.24
2026-02-03T17:40:50.183693,3,54.68,134.5,202.1,8.01,22.75,51.57,30.56,180.62
2026-01-25T23:05:20.183693,1,138.87,40.63,86.26,4.85,23.78,38.49,24.0,144.41
2026-02-04T17:41:23.183693,1,122.35,65.56,20.24,6.49,17.36,49.23,57.96,17.02
2026-02-19T09:52:06.183693,2,38.19,134.78,54.94,8.37,20.12,76.2,44.78,99.5
2026-02-01T01:11:20.183693,1,130.35,129.81,66.94,5.65,16.82,99.54,26.21,296.93
2026-02-16T23:25:35.183693,1,120.77,55.46,30.25,5.13,36.21,37.55,22.63,34.96
2026-02-17T21:18:01.183693,2,105.68,115.56,166.02,4.6,19.51,39.49,41.04,197.26
2026-02-19T08:33:05.183693,3,19.9,123.85,155.8,6.85,29.97,61.15,39.8,19.71
2026-02-13T23:41:26.183693,1,87.83,89.99,90.88,4.88,18.73,67.18,34.61,262.89
2026-02-18T21:10:26.183693,1,104.94,107.89,63.56,8.46,30.87,65.58,47.24,14.06
2026-02-16T21:29:25.183693,3,87.07,65.36,92.7,5.0,16.33,59.77,32.15,278.17
2026-02-01T23:59:24.183693,2,91.95,111.59,191.56,7.18,15.79,32.25,45.86,151.06
2026-02-04T05:40:03.183693,1,70.11,99.29,12.59,8.04,20.85,68.85,59.3,296.56
2026-02-12T05:22:34.183693,3,93.07,144.74,42.22,5.81,21.77,97.42,35.64,235.01
2026-02-05T04:44:46.183693,3,100.02,81.03,84.38,8.19,30.91,91.37,17.06,115.23
2026-02-11T19:11:35.183693,1,123.96,14.75,15.57,4.8,36.94,68.47,39.95,61.63
2026-01-29T05:39:10.183693,3,30.49,114.56,38.67,7.31,36.86,39.19,23.46,123.64
2026-02-01T21:28:25.183693,2,86.18,133.93,26.64,6.36,33.77,67.68,22.38,138.96
2026-02-19T11:12:32.183693,3,86.85,136.87,117.3,8.11,18.93,44.83,13.86,226.65
2026-02-11T06:36:45.183693,1,42.85,137.35,121.54,7.27,34.95,42.16,51.19,20.49
2026-02-19T03:04:40.183693,1,51.8,96.88,122.03,5.84,36.52,51.53,29.24,104.32
2026-02-14T06:05:13.183693,3,68.8,46.02,39.87,4.57,37.2,81.15,41.28,189.38
2026-02-02T13:18:53.183693,3,22.12,139.04,98.83,8.36,18.64,72.35,58.6,25.05
2026-02-04T05:59:53.183693,3,63.32,11.21,140.75,8.13,28.53,95.42,50.08,32.0
2026-01-28T06:07:29.183693,1,129.23,96.88,62.82,7.61,16.33,97.1,28.5,90.86
2026-02-02T14:38:40.183693,1,89.42,81.35,111.55,6.59,15.61,95.63,51.7,251.54
2026-02-16T05:06:07.183693,2,47.93,62.12,117.73,5.45,18.98,36.16,37.59,270.13
2026-02-13T06:42:20.183693,3,69.79,36.44,145.47,4.76,16.72,60.96,43.53,97.75
2026-02-09T20:41:44.183693,3,89.66,64.16,168.1,8.38,30.24,46.12,10.88,270.02
2026-02-15T22:39:30.183693,1,128.52,16.94,8.12,5.65,28.27,60.04,44.89,55.68
2026-02-14T05:25:37.183693,1,72.85,46.91,132.38,6.24,31.45,59.64,48.96,284.37
2026-02-03T11:28:21.183693,1,84.6,133.49,53.06,5.91,21.09,40.84,40.06,81.82
2026-01-27T19:41:39.183693,3,133.16,125.89,173.98,4.9,26.74,74.44,38.76,174.01
2026-01-26T04:12:09.183693,3,20.92,61.63,45.57,7.52,19.38,32.43,58.32,62.19
2026-01-23T19:06:57.183693,3,30.5,136.17,73.79,7.9,38.47,92.35,29.17,265.66
2026-02-02T14:14:10.183693,3,21.2,139.48,148.33,7.12,22.09,85.86,13.32,106.46
2026-02-06T13:36:38.183693,2,68.76,17.48,142.56,4.87,24.07,89.16,54.0,195.75
2026-01-25T02:45:01.183693,2,36.6,45.41,113.4,4.56,26.87,57.04,30.13,43.98
2026-02-07T00:58:14.183693,1,121.53,120.43,35.73,6.58,27.03,41.24,36.69,122.76
2026-02-19T10:11:15.183693,2,92.1,86.34,81.86,8.34,37.21,66.94,29.3,233.31
2026-02-16T01:07:09.183693,2,32.61,10.87,19.04,7.68,18.09,46.98,33.4,239.13
2026-02-12T12:02:47.183693,3,45.38,51.83,34.75,6.04,18.87,50.77,13.37,181.12
2026-02-01T21:19:56.183693,2,105.91,10.19,40.34,7.4,38.69,40.11,38.35,220.95
2026-02-05T15:48:04.183693,2,138.06,40.57,32.11,7.61,33.52,60.24,13.94,125.72
2026-01-24T01:09:57.183693,3,83.75,71.9,89.04,7.18,39.25,45.1,31.88,185.57
2026-02-15T00:45:34.183693,1,111.86,36.12,164.89,7.32,35.31,32.66,32.12,216.48
2026-02-15T06:03:53.183693,3,111.8,142.88,22.48,4.8,38.04,48.18,23.39,190.78
2026-02-14T05:30:21.183693,1,24.62,85.81,192.33,6.09,17.95,54.4,16.35,293.56
2026-02-16T09:42:08.183693,3,86.57,69.88,125.52,7.89,24.09,49.83,50.66,262.95
2026-02-06T21:09:28.183693,1,100.32,33.42,107.93,7.23,17.35,43.9,46.96,6.86
2026-02-13T14:56:01.183693,1,121.8,39.88,53.91,5.57,24.77,50.28,43.44,265.16
2026-02-17T15:02:25.183693,1,38.92,11.48,203.09,4.98,19.32,82.86,50.29,171.18
2026-01-28T16:37:21.183693,2,76.39,86.51,8.21,8.38,25.69,96.27,21.77,21.23
2026-02-19T14:51:31.183693,1,138.84,90.63,19.1,6.19,20.89,52.88,50.58,73.62
2026-02-06T12:36:47.183693,1,100.66,82.92,37.63,6.9,30.81,72.27,10.08,221.45
2026-02-11T06:10:23.183693,2,74.75,63.77,45.24,7.03,18.89,84.6,45.65,254.2
2026-02-06T07:19:15.183693,3,58.98,66.81,108.6,5.62,23.13,81.77,20.71,33.42
2026-02-01T17:36:09.183693,3,112.42,115.29,5.72,7.1,16.08,53.8,24.06,249.6
2026-02-14T13:24:47.183693,1,98.64,78.39,104.55,7.35,28.15,87.74,57.44,150.83
2026-02-13T04:17:25.183693,1,91.11,52.84,38.07,6.95,39.9,59.12,25.21,287.64
2026-01-22T21:21:15.183693,1,98.47,22.29,130.04,5.52,17.11,37.68,18.19,107.33
2026-02-12T19:54:09.183693,1,13.34,144.06,138.04,7.59,23.48,42.36,25.72,161.0
2026-01-29T03:49:54.183693,1,73.47,108.46,7.75,4.88,35.48,51.39,12.61,127.71
2026-01-24T00:19:40.183693,3,56.69,77.47,84.43,6.56,21.39,43.83,38.48,253.7
2026-01-25T15:37:07.183693,2,72.75,16.63,122.4,7.25,22.77,82.02,27.46,227.76
2026-02-12T06:24:44.183693,1,40.39,115.7,29.19,6.75,16.47,53.77,59.22,90.16
2026-01-28T20:58:41.183693,2,127.78,101.04,103.7,7.05,32.72,47.24,40.61,22.63
2026-02-18T22:39:21.183693,1,16.87,36.05,54.88,7.44,39.33,48.29,22.17,35.71
2026-02-14T02:49:28.183693,2,126.54,88.46,18.49,6.22,23.36,69.45,49.62,246.8
2026-01-31T00:54:01.183693,2,94.69,82.0,150.55,6.98,23.38,63.41,13.91,279.09
2026-02-19T02:39:40.183693,3,22.22,5.73,177.62,7.45,37.8,35.79,42.14,126.27
2026-02-10T03:20:00.183693,1,114.44,82.96,107.57,6.13,39.12,50.37,21.13,157.59
2026-02-14T01:42:43.183693,2,17.45,81.5,41.76,5.08,20.62,57.83,39.68,9.13
2026-01-25T23:31:51.183693,3,42.63,28.45,168.47,6.02,30.21,96.38,57.96,93.92
2026-02-19T03:30:51.183693,2,89.04,126.61,173.05,8.15,27.11,30.68,11.65,234.84
2026-02-09T20:53:47.183693,3,42.18,37.72,14.69,7.47,21.86,63.92,57.67,298.52
2026-02-16T02:25:03.183693,3,117.78,50.03,59.99,7.06,36.04,63.87,11.05,199.47
2026-02-05T09:33:10.183693,3,44.72,86.39,19.15,6.28,29.04,90.0,58.55,293.56
2026-01-24T12:00:08.183693,2,29.17,89.39,64.19,5.34,32.41,87.61,47.84,47.04
2026-01-26T03:06:39.183693,1,35.11,25.89,104.68,4.82,17.58,99.7,38.84,23.17
2026-02-03T19:59:07.183693,3,116.81,59.5,156.48,6.14,36.46,56.91,11.68,78.51
2026-02-14T02:40:49.183693,1,132.11,113.08,37.22,6.75,22.8,93.54,49.42,225.63
2026-02-03T08:07:05.183693,2,55.33,94.82,136.16,7.48,33.11,53.82,18.29,293.4
2026-02-04T17:03:39.183693,1,95.96,129.79,156.84,5.79,30.68,89.35,28.3,277.17
2026-02-02T04:05:08.183693,2,97.32,126.65,38.93,6.87,24.68,48.56,33.23,240.18
2026-02-04T00:17:06.183693,1,21.09,67.78,12.92,7.47,37.24,97.29,34.37,57.55
2026-02-03T16:19:11.183693,1,87.92,84.58,190.12,6.52,34.81,73.81,19.1,133.43
2026-02-09T07:43:06.183693,1,68.72,58.72,153.9,7.25,32.22,82.04,54.07,19.84
2026-02-17T16:31:31.183693,2,29.85,26.94,42.21,8.27,19.0,30.42,37.01,187.05
2026-01-23T12:29:42.183693,1,101.5,28.31,197.34,5.08,24.38,77.36,27.77,277.4
2026-02-08T11:01:28.183693,3,113.19,40.0,115.23,6.97,35.48,87.49,36.14,219.63
2026-01-29T01:24:08.183693,2,28.79,120.74,101.61,5.81,37.66,38.94,42.08,275.18
2026-02-17T21:43:16.183693,3,110.34,129.82,149.44,8.47,18.95,34.1,19.03,88.32
2026-01-31T14:50:37.183693,3,67.89,132.64,42.57,4.7,28.52,37.53,18.81,225.35
2026-02-20T06:38:06.183693,2,61.22,55.91,53.53,5.91,37.14,98.07,11.87,6.28
2026-01-22T23:17:54.183693,1,29.64,131.08,48.95,8.25,36.59,70.86,20.72,109.04
2026-01-23T10:12:12.183693,3,131.19,44.27,38.81,7.37,35.15,35.23,15.68,86.96
2026-01-26T01:03:56.183693,2,103.78,23.2,39.52,6.53,39.57,31.4,13.34,62.53
2026-01-31T07:07:45.183693,1,29.71,50.85,179.03,6.14,34.96,99.93,21.81,285.17
2026-02-13T08:47:51.183693,2,112.68,82.7,127.62,8.12,28.3,93.41,37.02,85.36
2026-01-27T23:30:49.183693,1,81.33,73.09,78.18,7.74,18.68,79.75,30.11,12.93
2026-02-05T08:04:04.183693,1,84.44,72.86,167.64,6.88,26.09,83.27,46.07,83.3
2026-02-11T15:00:00.183693,1,42.73,139.24,78.91,5.75,29.81,43.81,53.71,138.84
2026-02-04T07:47:36.183693,2,67.03,43.73,107.13,8.36,23.72,60.54,47.3,206.24
2026-02-07T06:50:50.183693,3,60.18,87.93,15.29,6.36,20.59,43.62,17.74,129.32
2026-02-19T08:28:36.183693,3,112.28,13.09,192.87,8.45,15.43,70.99,29.87,228.16
2026-02-15T01:38:52.183693,1,122.8,61.36,184.88,6.9,34.67,72.48,39.25,133.28
2026-02-01T07:04:47.183693,3,18.02,54.92,138.02,5.83,39.96,53.08,20.83,275.31
2026-01-23T10:46:24.183693,3,73.51,30.4,8.63,7.03,32.95,51.67,45.65,18.31
2026-02-09T03:43:14.183693,3,70.76,32.6,161.28,6.85,28.04,34.39,24.28,264.03
2026-01-27T18:37:56.183693,3,104.05,144.51,182.35,8.1,32.39,82.49,25.94,179.01
2026-02-13T22:33:06.183693,1,131.6,10.41,79.05,6.61,39.34,59.13,13.25,22.56
2026-02-14T04:29:56.183693,2,110.61,47.52,6.42,5.73,35.07,86.14,54.82,137.48
2026-01-31T05:20:08.183693,1,127.15,114.78,181.52,8.45,20.44,77.54,12.53,141.46
2026-02-08T16:06:00.183693,1,26.73,120.83,142.36,6.95,30.19,97.02,23.35,207.57
2026-02-16T04:50:44.183693,2,82.64,98.96,112.59,7.31,25.26,87.67,54.59,82.68
2026-02-02T16:50:59.183693,2,89.23,66.13,27.59,7.46,15.63,66.7,22.99,265.48
2026-02-14T16:34:45.183693,2,133.09,89.15,138.58,7.94,29.98,39.04,14.89,209.51
2026-01-24T17:46:52.183693,3,79.72,35.2,89.09,8.06,35.29,57.46,22.25,222.49
2026-02-11T00:45:15.183693,2,15.26,125.22,186.33,7.28,31.86,83.93,32.3,205.8
2026-02-04T22:05:56.183693,1,60.21,116.51,198.36,8.03,32.99,52.27,50.38,75.22
2026-02-09T16:28:57.183693,1,86.74,52.99,201.6,7.24,22.39,95.59,25.26,35.92
2026-02-13T06:12:52.183693,1,60.7,94.13,127.47,4.52,15.51,65.01,26.35,154.04
2026-01-29T05:41:51.183693,2,122.92,95.53,71.17,4.7,22.46,81.29,20.92,37.35
2026-02-04T22:27:59.183693,2,22.56,99.76,50.95,7.94,30.11,66.35,34.88,265.27
2026-01-22T11:57:58.183693,2,83.93,19.49,106.59,5.13,20.48,95.45,47.18,113.78
2026-02-01T19:55:49.183693,1,48.98,62.01,204.44,6.15,23.38,51.02,41.67,22.26
2026-02-02T18:14:44.183693,2,61.54,73.43,144.82,6.08,27.86,88.31,29.55,226.5
2026-01-31T08:01:35.183693,2,43.53,73.39,34.03,5.98,17.65,36.54,11.81,12.5
2026-01-25T06:01:25.183693,3,82.84,5.24,12.27,7.51,37.29,88.2,33.05,205.67
2026-01-29T10:26:22.183693,3,73.53,138.96,19.75,6.59,18.96,67.32,50.87,223.21
2026-01-29T22:56:50.183693,3,69.82,27.68,190.63,5.99,32.21,34.56,43.7,91.68
2026-02-12T23:24:27.183693,3,55.67,69.44,137.67,7.34,25.58,34.68,58.02,127.38
2026-01-21T20:07:19.183693,1,44.04,74.48,143.22,7.45,32.88,50.03,41.02,70.11
2026-02-04T13:22:58.183693,3,11.16,24.84,103.88,4.78,32.14,46.99,36.19,41.97
2026-01-28T10:13:01.183693,3,132.12,74.27,82.78,4.55,26.45,98.94,29.34,18.12
2026-01-22T19:07:39.183693,3,87.83,122.12,21.59,7.79,34.85,71.32,43.14,246.87
2026-02-11T08:43:25.183693,2,64.78,78.55,143.5,5.56,16.22,59.83,13.85,186.3
2026-01-26T12:54:31.183693,2,32.09,118.8,149.88,5.87,21.01,63.18,30.74,224.7
2026-02-03T01:51:36.183693,1,126.57,139.34,77.75,6.05,16.0,50.28,20.55,17.65
2026-02-16T22:35:10.183693,1,67.73,137.11,42.76,5.02,28.82,55.93,37.8,129.64
2026-02-12T06:18:43.183693,2,10.96,69.15,67.37,7.24,30.73,31.79,16.5,157.7
2026-01-25T08:15:14.183693,3,15.68,60.25,61.97,5.65,39.21,86.82,14.3,278.57
2026-02-13T08:11:11.183693,3,131.76,41.03,40.63,4.91,22.07,89.92,44.34,264.32
2026-01-29T06:41:49.183693,3,17.66,116.59,35.34,7.52,16.33,61.16,50.6,13.74
2026-02-14T16:17:22.183693,1,46.25,57.6,78.99,7.26,26.91,30.13,58.25,96.48
2026-01-25T20:24:40.183693,3,34.38,8.69,193.35,6.06,33.14,76.3,24.46,113.51
2026-02-07T12:49:43.183693,1,126.14,50.98,190.97,6.64,35.47,98.92,45.65,34.31
2026-02-01T01:12:28.183693,3,18.5,133.86,38.39,6.84,16.07,99.6,11.58,146.44
2026-01-25T02:43:48.183693,1,134.44,7.52,75.52,4.74,36.96,79.68,51.29,224.28
2026-02-14T08:21:23.183693,1,102.42,77.83,54.37,7.47,15.73,89.99,50.48,176.55
2026-01-23T16:15:32.183693,1,102.08,136.36,125.22,6.83,27.28,84.27,22.86,87.83
2026-02-15T14:55:52.183693,1,24.84,84.2,12.03,6.99,15.95,85.78,26.0,285.86
2026-02-14T15:12:21.183693,3,16.89,96.35,147.0,6.76,21.77,45.83,12.01,154.81
2026-02-11T21:08:54.183693,2,45.22,119.87,96.77,7.58,33.66,47.54,56.2,221.16
2026-02-05T10:26:21.183693,2,54.41,98.51,187.06,5.89,25.78,35.32,59.96,171.26
2026-01-30T09:54:11.183693,2,24.41,117.02,91.26,8.02,36.96,81.06,28.86,54.44
2026-02-05T13:29:01.183693,1,32.15,137.59,176.24,5.03,33.07,33.49,32.93,268.86
2026-02-14T22:22:58.183693,2,113.27,135.84,141.36,5.67,35.62,92.2,58.77,24.06
2026-02-18T09:00:18.183693,2,18.61,128.93,63.8,5.81,39.08,56.07,57.0,66.11
2026-01-29T04:22:43.183693,2,112.85,48.63,100.58,6.57,36.35,80.56,57.26,133.28
2026-02-10T15:49:27.183693,1,84.27,80.43,191.97,7.23,16.1,35.1,40.77,293.73
2026-01-27T07:45:41.183693,1,139.66,19.97,75.5,7.05,34.36,66.59,32.03,48.39
2026-02-12T15:35:18.183693,2,11.6,88.83,169.96,8.19,37.48,42.45,29.41,70.84
2026-02-10T07:25:22.183693,2,92.92,13.91,51.34,5.77,20.67,75.09,21.08,269.98
2026-01-26T02:09:22.183693,2,97.57,52.0,6.44,6.96,24.1,48.42,30.26,280.03
2026-02-18T07:10:28.183693,2,51.58,74.64,157.16,6.94,32.83,67.47,16.55,224.63
2026-02-06T15:11:18.183693,2,111.22,103.23,42.49,5.52,27.62,33.35,14.04,38.05
2026-02-18T12:46:36.183693,1,103.05,103.59,24.89,6.12,15.55,72.98,32.2,261.78
2026-02-14T05:54:20.183693,1,50.23,32.2,22.8,7.48,31.09,97.35,37.87,123.58
2026-02-09T07:46:06.183693,1,105.1,111.78,118.66,4.81,27.31,53.14,14.22,215.69
2026-01-30T18:56:32.183693,1,61.01,116.79,176.68,8.33,28.81,80.27,45.44,270.53
2026-02-13T18:43:29.183693,1,93.96,135.43,90.46,5.28,31.75,85.15,17.21,219.04
2026-01-23T06:42:45.183693,2,47.39,134.41,80.33,7.87,19.15,73.92,17.68,84.95
2026-01-31T12:58:41.183693,1,12.3,24.59,156.34,8.38,16.49,32.85,32.78,237.3
2026-02-05T20:26:58.183693,2,58.38,108.73,148.03,5.78,38.22,97.9,17.54,90.95
2026-01-22T19:43:53.183693,2,68.79,7.34,29.42,7.28,18.34,55.27,59.36,195.16
2026-02-01T17:44:47.183693,2,90.57,124.88,75.96,5.87,25.69,61.85,16.38,58.53
2026-02-16T13:02:04.183693,1,53.85,68.51,13.95,5.06,27.9,30.78,58.14,53.77
2026-02-16T13:08:45.183693,1,67.87,72.54,40.47,7.24,37.74,61.57,37.7,7.1
2026-02-11T22:52:08.183693,3,54.57,80.42,57.25,8.18,19.05,68.55,44.86,200.15
2026-02-11T05:53:49.183693,1,83.5,139.61,156.13,7.56,30.74,93.13,45.45,118.24
2026-01-24T15:43:10.183693,3,65.35,137.45,173.05,8.24,26.48,96.18,20.63,123.49
2026-02-02T19:19:32.183693,2,62.72,50.24,101.82,5.62,24.3,96.08,17.11,154.43
2026-01-31T10:14:11.183693,3,69.95,85.4,158.72,7.82,21.58,82.27,17.66,239.96
2026-02-07T07:40:07.183693,1,113.92,39.66,145.69,6.37,30.76,67.74,11.23,182.42
2026-01-27T11:08:28.183693,3,90.17,104.5,13.88,4.6,19.2,84.06,18.79,116.17
2026-02-20T03:40:34.183693,2,54.21,126.27,81.63,5.91,27.02,78.29,54.65,160.94
2026-01-29T04:59:07.183693,1,105.77,140.27,110.6,6.18,30.44,75.26,54.22,133.13
2026-01-22T03:19:23.183693,1,45.63,58.96,51.56,7.92,23.11,73.93,41.32,75.54
2026-02-19T22:39:10.183693,2,77.32,101.41,178.38,6.9,30.74,33.56,19.79,13.79
2026-02-19T07:31:09.183693,2,79.77,80.37,24.89,4.86,32.91,71.61,39.55,56.45
2026-02-06T16:11:18.183693,1,11.69,131.64,15.52,7.05,26.88,45.1,45.79,142.46
2026-02-04T10:47:50.183693,1,84.61,51.73,185.36,7.37,23.81,46.34,51.61,88.69
2026-01-27T16:53:56.183693,1,10.23,142.0,136.25,7.28,22.54,97.82,12.15,195.16
2026-02-15T06:41:35.183693,1,68.82,31.91,178.54,7.2,36.22,38.24,58.16,242.26
2026-01-23T09:57:21.183693,3,99.76,10.21,5.56,5.21,15.77,40.07,52.52,109.95
2026-02-11T07:47:04.183693,2,23.77,114.18,203.84,7.07,34.56,93.21,39.47,267.99
2026-02-11T16:35:23.183693,2,30.06,34.51,185.59,5.08,32.75,97.61,11.92,129.08
2026-02-14T19:12:35.183693,1,23.52,20.71,175.99,6.09,39.28,93.16,13.86,31.68
2026-02-04T08:27:48.183693,3,57.94,143.26,151.13,6.27,27.45,39.83,21.66,161.31
2026-01-22T19:10:25.183693,2,38.73,74.5,141.7,6.14,28.41,78.68,25.62,19.29
2026-01-27T10:28:34.183693,3,27.16,61.29,25.31,5.01,21.26,71.84,52.42,254.71
2026-01-25T06:28:06.183693,3,20.27,54.8,183.58,8.28,28.05,96.71,30.93,177.93
2026-02-17T23:15:27.183693,3,33.44,50.86,45.33,5.66,39.27,76.66,58.12,60.8
2026-02-08T06:57:45.183693,3,41.55,61.81,175.04,7.13,33.42,74.08,17.01,270.91
2026-01-25T19:10:19.183693,3,121.12,84.89,16.68,5.27,38.32,70.71,24.56,256.18
2026-01-23T08:31:50.183693,2,49.42,101.69,77.49,4.61,24.42,84.76,27.11,185.24
2026-01-23T00:28:14.183693,1,61.41,29.88,73.42,6.25,32.66,85.63,56.59,183.63
2026-02-13T06:50:11.183693,1,122.13,6.81,182.72,4.7,30.92,82.82,56.84,20.42
2026-01-31T17:19:19.183693,2,116.55,20.92,173.03,5.81,33.36,48.13,33.23,205.77
2026-02-04T23:31:14.183693,2,111.2,32.23,24.24,7.92,25.74,31.55,11.07,97.91
2026-02-12T11:50:32.183693,3,133.04,41.94,156.84,6.4,21.5,67.26,29.07,282.36
2026-01-25T21:21:12.183693,3,22.84,104.0,134.86,4.78,36.36,50.49,11.92,266.99
2026-01-22T20:02:05.183693,3,101.47,50.59,27.64,4.63,16.47,94.74,16.61,29.47
2026-01-24T19:30:18.183693,3,59.95,85.72,9.34,5.48,38.68,43.29,53.89,18.84
2026-01-22T05:15:15.183693,2,62.9,92.11,155.33,6.14,27.74,42.44,30.55,54.28
2026-02-06T19:23:25.183693,2,37.98,34.07,103.41,4.77,23.91,73.33,19.48,263.49
2026-02-19T17:50:14.183693,2,129.56,106.7,178.43,4.94,30.1,64.18,16.4,131.81
2026-02-14T19:55:10.183693,1,52.21,38.13,29.08,7.83,32.78,47.81,12.39,109.67
2026-02-19T06:49:25.183693,1,38.08,80.76,73.35,7.61,22.0,42.73,30.82,51.85
2026-01-29T16:04:26.183693,2,39.14,125.65,105.59,4.73,23.91,68.41,37.73,247.42
2026-02-07T22:07:40.183693,2,132.86,58.49,107.32,6.14,20.63,70.85,36.89,49.74
2026-02-15T19:25:45.183693,1,17.01,113.02,122.29,5.68,22.73,69.9,37.82,175.94
2026-02-08T21:50:08.183693,1,92.26,50.58,15.25,8.3,32.54,36.19,24.31,64.15
2026-01-25T17:41:10.183693,2,88.62,100.59,59.13,8.31,19.06,94.6,26.26,233.09
2026-02-11T06:27:09.183693,1,45.73,111.74,194.25,6.37,27.55,89.71,53.3,176.53
2026-02-16T10:19:47.183693,1,91.26,38.28,166.94,5.51,23.98,51.1,31.26,293.38
2026-02-13T15:13:26.183693,2,58.15,66.64,128.95,7.43,22.25,34.29,40.97,12.05
2026-02-05T23:31:26.183693,3,131.95,132.6,176.06,8.15,20.17,53.71,43.82,296.66
2026-01-27T08:47:02.183693,2,109.61,121.48,50.6,6.5,37.17,32.01,43.66,23.81
2026-02-14T14:48:14.183693,1,93.94,20.39,199.68,5.67,27.56,33.2,53.6,81.37
2026-02-19T09:35:11.183693,2,12.86,21.72,204.74,6.41,32.61,89.5,56.84,206.46
2026-02-10T02:58:45.183693,3,41.29,62.66,127.17,5.47,32.55,81.05,27.72,13.96
2026-01-26T06:36:26.183693,3,115.93,133.05,124.03,4.65,15.99,37.3,34.77,292.97
2026-01-21T17:52:40.183693,3,31.35,58.59,53.51,6.18,28.71,50.37,29.87,124.82
2026-02-05T05:38:52.183693,2,109.5,100.95,49.2,6.2,33.67,37.15,23.74,37.45
2026-02-16T01:00:27.183693,3,80.85,81.9,75.72,7.36,21.22,59.32,54.41,290.51
2026-01-27T03:38:12.183693,1,87.44,19.13,176.01,8.07,33.1,44.0,21.97,124.99
2026-01-21T14:14:03.183693,2,56.08,58.93,191.57,7.51,39.25,97.06,29.08,259.35
2026-02-15T10:16:28.183693,1,25.89,75.73,33.15,5.97,26.21,60.37,51.57,17.07
2026-01-31T22:26:40.183693,2,52.12,66.45,57.74,7.01,24.43,60.58,41.21,131.44
2026-02-10T04:15:03.183693,1,87.48,71.56,50.72,4.53,21.08,48.11,55.38,85.14
2026-02-15T13:58:02.183693,3,49.01,43.76,99.93,5.67,23.55,56.26,27.07,114.83
2026-01-25T18:56:10.183693,1,32.43,23.01,30.15,7.19,20.77,40.6,22.6,176.73
2026-02-01T04:56:33.183693,2,79.45,67.83,201.0,8.16,18.7,79.25,57.37,175.3
2026-01-28T15:52:57.183693,3,119.26,54.95,116.79,7.44,25.74,88.58,35.12,58.44
2026-02-07T11:45:31.183693,3,89.72,26.72,141.98,7.97,19.23,40.53,29.75,29.09
2026-02-19T16:19:54.183693,3,10.07,87.13,148.34,4.86,37.81,56.2,47.28,132.86
2026-02-05T02:32:41.183693,3,35.14,42.31,59.54,6.77,32.51,30.41,56.6,100.76
2026-02-13T19:22:03.183693,3,31.3,10.53,50.1,7.96,17.12,74.29,50.44,186.72
2026-01-23T01:27:29.183693,3,26.72,48.48,98.45,7.89,37.46,71.35,34.48,127.15
2026-02-08T06:49:10.183693,2,83.89,108.96,75.34,6.81,16.53,34.27,34.33,141.54
2026-02-07T10:39:42.183693,2,84.73,82.1,110.79,8.21,18.61,78.21,52.77,139.32
2026-02-05T07:51:01.183693,2,46.38,122.31,60.47,5.71,21.01,50.45,44.93,78.37
2026-02-10T23:11:10.183693,2,18.56,16.24,63.38,6.57,32.33,43.41,32.9,184.98
2026-01-25T23:00:49.183693,2,31.67,103.61,20.93,6.91,29.12,85.86,56.81,198.86
2026-02-17T07:14:37.183693,2,24.8,113.29,139.16,7.41,30.34,61.1,41.2,244.85
2026-02-11T08:17:15.183693,2,77.86,121.93,122.62,6.33,15.25,51.12,24.1,131.24
2026-02-16T22:29:40.183693,3,98.67,98.96,33.87,5.36,16.84,50.7,49.8,262.11
2026-01-26T12:34:47.183693,2,87.09,143.77,151.3,8.42,28.41,45.62,16.58,84.65
2026-02-14T05:22:05.183693,1,24.09,134.04,178.02,4.58,24.13,39.05,32.71,217.5
2026-02-01T17:31:12.183693,2,102.98,76.98,184.07,7.66,15.17,91.8,27.68,163.82
2026-02-13T19:56:03.183693,3,133.65,13.88,15.0,7.81,30.73,33.1,56.3,61.88
2026-02-11T03:12:30.183693,2,86.93,54.36,43.13,7.74,30.35,94.0,13.52,196.17
2026-02-08T13:54:08.183693,2,59.83,98.49,9.17,6.23,18.59,81.39,32.69,48.22
2026-02-02T10:23:10.183693,2,42.55,5.57,121.77,5.56,34.59,38.62,56.11,253.62
2026-02-02T18:32:52.183693,2,41.83,133.07,40.2,5.21,34.24,90.17,45.91,141.97
2026-02-12T07:08:02.183693,1,105.59,116.04,27.1,7.96,20.53,91.85,20.33,58.17
2026-01-25T22:10:43.183693,1,126.12,137.03,193.59,5.26,35.31,59.8,18.18,97.98
